{"level":"info","timestamp":"2025-10-12T21:38:31.235+0800","caller":"logger/logger.go:88","msg":"Starting user service","version":"1.0.0"}
{"level":"info","timestamp":"2025-10-12T21:38:31.307+0800","caller":"logger/logger.go:88","msg":"Database connected successfully"}
{"level":"info","timestamp":"2025-10-12T21:38:31.307+0800","caller":"logger/logger.go:88","msg":"Database models initialized successfully"}
{"level":"info","timestamp":"2025-10-12T21:38:31.307+0800","caller":"logger/logger.go:88","msg":"Redis connected successfully"}
{"level":"info","timestamp":"2025-10-12T21:38:31.377+0800","caller":"logger/logger.go:88","msg":"User service registered"}
{"level":"info","timestamp":"2025-10-12T21:38:31.377+0800","caller":"logger/logger.go:88","msg":"gRPC server starting","address":"0.0.0.0:50051"}
{"level":"info","timestamp":"2025-10-12T21:38:32.027+0800","caller":"logger/logger.go:88","msg":"Service registered to etcd","address":"0.0.0.0:50051"}
{"level":"info","timestamp":"2025-10-13T23:29:14.486+0800","caller":"logger/logger.go:88","msg":"Shutting down server..."}
{"level":"info","timestamp":"2025-10-13T23:29:14.496+0800","caller":"logger/logger.go:88","msg":"Server stopped gracefully"}
{"level":"info","timestamp":"2025-10-13T23:29:21.724+0800","caller":"logger/logger.go:88","msg":"Starting user service","version":"1.0.0"}
{"level":"info","timestamp":"2025-10-13T23:29:21.865+0800","caller":"logger/logger.go:88","msg":"Database connected successfully"}
{"level":"info","timestamp":"2025-10-13T23:29:21.865+0800","caller":"logger/logger.go:88","msg":"Database models initialized successfully"}
{"level":"info","timestamp":"2025-10-13T23:29:21.867+0800","caller":"logger/logger.go:88","msg":"Redis connected successfully"}
{"level":"info","timestamp":"2025-10-13T23:29:22.091+0800","caller":"logger/logger.go:88","msg":"User service registered"}
{"level":"info","timestamp":"2025-10-13T23:29:22.092+0800","caller":"logger/logger.go:88","msg":"gRPC server starting","address":"0.0.0.0:50051"}
{"level":"info","timestamp":"2025-10-13T23:29:22.367+0800","caller":"logger/logger.go:88","msg":"Service registered to etcd","address":"0.0.0.0:50051"}
{"level":"info","timestamp":"2025-10-18T15:39:45.653+0800","caller":"logger/logger.go:88","msg":"Starting user service","version":"1.0.0"}
{"level":"info","timestamp":"2025-10-18T15:39:45.848+0800","caller":"logger/logger.go:88","msg":"Database connected successfully"}
{"level":"info","timestamp":"2025-10-18T15:39:45.848+0800","caller":"logger/logger.go:88","msg":"Database models initialized successfully"}
{"level":"info","timestamp":"2025-10-18T15:39:45.848+0800","caller":"logger/logger.go:88","msg":"Redis connected successfully"}
{"level":"info","timestamp":"2025-10-18T15:39:45.862+0800","caller":"logger/logger.go:88","msg":"User service registered"}
{"level":"info","timestamp":"2025-10-18T15:39:45.863+0800","caller":"logger/logger.go:88","msg":"gRPC server starting","address":"0.0.0.0:50051"}
{"level":"info","timestamp":"2025-10-18T15:39:46.368+0800","caller":"logger/logger.go:88","msg":"Service registered to etcd","address":"0.0.0.0:50051"}
{"level":"info","timestamp":"2025-10-18T15:53:47.456+0800","caller":"logger/logger.go:88","msg":"gRPC request started","method":"/rpc.user.UserService/SendSmsCode","request":"phone:\"13131313131\" sms_type:\"login\""}
{"level":"info","timestamp":"2025-10-18T15:53:47.457+0800","caller":"logger/logger.go:88","msg":"SendSmsCode called","phone":"13131313131"}
{"level":"info","timestamp":"2025-10-18T15:53:47.457+0800","caller":"logger/logger.go:88","msg":"SendSmsCode service called","phone":"13131313131"}
{"level":"info","timestamp":"2025-10-18T15:53:47.553+0800","caller":"logger/logger.go:88","msg":"SMS code sent successfully","phone":"13131313131"}
{"level":"info","timestamp":"2025-10-18T15:53:47.553+0800","caller":"logger/logger.go:88","msg":"gRPC request completed","method":"/rpc.user.UserService/SendSmsCode","duration":0.097632805}
{"level":"info","timestamp":"2025-10-18T16:20:35.747+0800","caller":"logger/logger.go:88","msg":"gRPC request started","method":"/rpc.user.UserService/SendSmsCode","request":"phone:\"13131313131\" sms_type:\"login\""}
{"level":"info","timestamp":"2025-10-18T16:20:35.750+0800","caller":"logger/logger.go:88","msg":"SendSmsCode called","phone":"13131313131"}
{"level":"info","timestamp":"2025-10-18T16:20:35.750+0800","caller":"logger/logger.go:88","msg":"SendSmsCode service called","phone":"13131313131"}
{"level":"info","timestamp":"2025-10-18T16:20:35.767+0800","caller":"logger/logger.go:88","msg":"SMS code sent successfully","phone":"13131313131"}
{"level":"info","timestamp":"2025-10-18T16:20:35.767+0800","caller":"logger/logger.go:88","msg":"gRPC request completed","method":"/rpc.user.UserService/SendSmsCode","duration":0.02015186}
{"level":"info","timestamp":"2025-10-18T16:21:02.148+0800","caller":"logger/logger.go:88","msg":"gRPC request started","method":"/rpc.user.UserService/CodeLogin","request":"phone:\"13131313131\" device_id:\"device_1759461455145_bgj4a5ira\""}
{"level":"info","timestamp":"2025-10-18T16:21:02.148+0800","caller":"logger/logger.go:88","msg":"CodeLogin called","phone":"13131313131"}
{"level":"info","timestamp":"2025-10-18T16:21:02.148+0800","caller":"logger/logger.go:88","msg":"CodeLogin service called","phone":"13131313131"}
{"level":"error","timestamp":"2025-10-18T16:21:02.149+0800","caller":"logger/logger.go:98","msg":"CodeLogin failed","error":"sms code validation failed: verification code cannot be empty","phone":"13131313131","stacktrace":"user_service/pkg/logger.(*zapLogger).Error\n\t/Users/kanyu/Desktop/project/kanyu_server/new_project/project/vision_world_back/service/user_service/pkg/logger/logger.go:98\nuser_service/internal/handler.(*UserServiceHandler).CodeLogin\n\t/Users/kanyu/Desktop/project/kanyu_server/new_project/project/vision_world_back/service/user_service/internal/handler/handler.go:96\nuser_service/proto/proto_gen._UserService_CodeLogin_Handler.func1\n\t/Users/kanyu/Desktop/project/kanyu_server/new_project/project/vision_world_back/service/user_service/proto/proto_gen/user_grpc.pb.go:254\nmain.main.unaryInterceptor.func8\n\t/Users/kanyu/Desktop/project/kanyu_server/new_project/project/vision_world_back/service/user_service/cmd/server/main.go:153\nuser_service/proto/proto_gen._UserService_CodeLogin_Handler\n\t/Users/kanyu/Desktop/project/kanyu_server/new_project/project/vision_world_back/service/user_service/proto/proto_gen/user_grpc.pb.go:256\ngoogle.golang.org/grpc.(*Server).processUnaryRPC\n\t/Users/kanyu/Desktop/goproject/pkg/mod/google.golang.org/grpc@v1.75.1/server.go:1431\ngoogle.golang.org/grpc.(*Server).handleStream\n\t/Users/kanyu/Desktop/goproject/pkg/mod/google.golang.org/grpc@v1.75.1/server.go:1842\ngoogle.golang.org/grpc.(*Server).serveStreams.func2.1\n\t/Users/kanyu/Desktop/goproject/pkg/mod/google.golang.org/grpc@v1.75.1/server.go:1061"}
{"level":"info","timestamp":"2025-10-18T16:21:02.150+0800","caller":"logger/logger.go:88","msg":"gRPC request completed","method":"/rpc.user.UserService/CodeLogin","duration":0.003317423}
{"level":"info","timestamp":"2025-10-18T16:26:17.788+0800","caller":"logger/logger.go:88","msg":"gRPC request started","method":"/rpc.user.UserService/SendSmsCode","request":"phone:\"13131313131\" sms_type:\"login\""}
{"level":"info","timestamp":"2025-10-18T16:26:17.790+0800","caller":"logger/logger.go:88","msg":"SendSmsCode called","phone":"13131313131"}
{"level":"info","timestamp":"2025-10-18T16:26:17.790+0800","caller":"logger/logger.go:88","msg":"SendSmsCode service called","phone":"13131313131"}
{"level":"info","timestamp":"2025-10-18T16:26:17.802+0800","caller":"logger/logger.go:88","msg":"SMS code sent successfully","phone":"13131313131"}
{"level":"info","timestamp":"2025-10-18T16:26:17.803+0800","caller":"logger/logger.go:88","msg":"gRPC request completed","method":"/rpc.user.UserService/SendSmsCode","duration":0.015020811}
{"level":"info","timestamp":"2025-10-18T16:26:35.449+0800","caller":"logger/logger.go:88","msg":"gRPC request started","method":"/rpc.user.UserService/CodeLogin","request":"phone:\"13131313131\" device_id:\"device_1759461455145_bgj4a5ira\""}
{"level":"info","timestamp":"2025-10-18T16:26:35.449+0800","caller":"logger/logger.go:88","msg":"CodeLogin called","phone":"13131313131"}
{"level":"info","timestamp":"2025-10-18T16:26:35.449+0800","caller":"logger/logger.go:88","msg":"CodeLogin service called","phone":"13131313131"}
{"level":"error","timestamp":"2025-10-18T16:26:35.449+0800","caller":"logger/logger.go:98","msg":"CodeLogin failed","error":"sms code validation failed: verification code cannot be empty","phone":"13131313131","stacktrace":"user_service/pkg/logger.(*zapLogger).Error\n\t/Users/kanyu/Desktop/project/kanyu_server/new_project/project/vision_world_back/service/user_service/pkg/logger/logger.go:98\nuser_service/internal/handler.(*UserServiceHandler).CodeLogin\n\t/Users/kanyu/Desktop/project/kanyu_server/new_project/project/vision_world_back/service/user_service/internal/handler/handler.go:96\nuser_service/proto/proto_gen._UserService_CodeLogin_Handler.func1\n\t/Users/kanyu/Desktop/project/kanyu_server/new_project/project/vision_world_back/service/user_service/proto/proto_gen/user_grpc.pb.go:254\nmain.main.unaryInterceptor.func8\n\t/Users/kanyu/Desktop/project/kanyu_server/new_project/project/vision_world_back/service/user_service/cmd/server/main.go:153\nuser_service/proto/proto_gen._UserService_CodeLogin_Handler\n\t/Users/kanyu/Desktop/project/kanyu_server/new_project/project/vision_world_back/service/user_service/proto/proto_gen/user_grpc.pb.go:256\ngoogle.golang.org/grpc.(*Server).processUnaryRPC\n\t/Users/kanyu/Desktop/goproject/pkg/mod/google.golang.org/grpc@v1.75.1/server.go:1431\ngoogle.golang.org/grpc.(*Server).handleStream\n\t/Users/kanyu/Desktop/goproject/pkg/mod/google.golang.org/grpc@v1.75.1/server.go:1842\ngoogle.golang.org/grpc.(*Server).serveStreams.func2.1\n\t/Users/kanyu/Desktop/goproject/pkg/mod/google.golang.org/grpc@v1.75.1/server.go:1061"}
{"level":"info","timestamp":"2025-10-18T16:26:35.449+0800","caller":"logger/logger.go:88","msg":"gRPC request completed","method":"/rpc.user.UserService/CodeLogin","duration":0.00026469}
{"level":"info","timestamp":"2025-10-18T16:29:51.647+0800","caller":"logger/logger.go:88","msg":"gRPC request started","method":"/rpc.user.UserService/SendSmsCode","request":"phone:\"13131313131\" sms_type:\"login\""}
{"level":"info","timestamp":"2025-10-18T16:29:51.648+0800","caller":"logger/logger.go:88","msg":"SendSmsCode called","phone":"13131313131"}
{"level":"info","timestamp":"2025-10-18T16:29:51.648+0800","caller":"logger/logger.go:88","msg":"SendSmsCode service called","phone":"13131313131"}
{"level":"info","timestamp":"2025-10-18T16:29:51.652+0800","caller":"logger/logger.go:88","msg":"SMS code sent successfully","phone":"13131313131"}
{"level":"info","timestamp":"2025-10-18T16:29:51.652+0800","caller":"logger/logger.go:88","msg":"gRPC request completed","method":"/rpc.user.UserService/SendSmsCode","duration":0.005042146}
{"level":"info","timestamp":"2025-10-18T16:30:04.934+0800","caller":"logger/logger.go:88","msg":"gRPC request started","method":"/rpc.user.UserService/CodeLogin","request":"phone:\"13131313131\" code:\"325128\" device_id:\"device_1759461455145_bgj4a5ira\""}
{"level":"info","timestamp":"2025-10-18T16:30:04.935+0800","caller":"logger/logger.go:88","msg":"CodeLogin called","phone":"13131313131"}
{"level":"info","timestamp":"2025-10-18T16:30:04.935+0800","caller":"logger/logger.go:88","msg":"CodeLogin service called","phone":"13131313131"}
{"level":"error","timestamp":"2025-10-18T16:30:05.225+0800","caller":"logger/logger.go:98","msg":"Failed to update user login info","error":"Error 1054 (42S22): Unknown column 'update_time' in 'field list'","stacktrace":"user_service/pkg/logger.(*zapLogger).Error\n\t/Users/kanyu/Desktop/project/kanyu_server/new_project/project/vision_world_back/service/user_service/pkg/logger/logger.go:98\nuser_service/internal/service.(*userService).CodeLogin\n\t/Users/kanyu/Desktop/project/kanyu_server/new_project/project/vision_world_back/service/user_service/internal/service/user_service.go:246\nuser_service/internal/handler.(*UserServiceHandler).CodeLogin\n\t/Users/kanyu/Desktop/project/kanyu_server/new_project/project/vision_world_back/service/user_service/internal/handler/handler.go:94\nuser_service/proto/proto_gen._UserService_CodeLogin_Handler.func1\n\t/Users/kanyu/Desktop/project/kanyu_server/new_project/project/vision_world_back/service/user_service/proto/proto_gen/user_grpc.pb.go:254\nmain.main.unaryInterceptor.func8\n\t/Users/kanyu/Desktop/project/kanyu_server/new_project/project/vision_world_back/service/user_service/cmd/server/main.go:153\nuser_service/proto/proto_gen._UserService_CodeLogin_Handler\n\t/Users/kanyu/Desktop/project/kanyu_server/new_project/project/vision_world_back/service/user_service/proto/proto_gen/user_grpc.pb.go:256\ngoogle.golang.org/grpc.(*Server).processUnaryRPC\n\t/Users/kanyu/Desktop/goproject/pkg/mod/google.golang.org/grpc@v1.75.1/server.go:1431\ngoogle.golang.org/grpc.(*Server).handleStream\n\t/Users/kanyu/Desktop/goproject/pkg/mod/google.golang.org/grpc@v1.75.1/server.go:1842\ngoogle.golang.org/grpc.(*Server).serveStreams.func2.1\n\t/Users/kanyu/Desktop/goproject/pkg/mod/google.golang.org/grpc@v1.75.1/server.go:1061"}
{"level":"info","timestamp":"2025-10-18T16:30:05.226+0800","caller":"logger/logger.go:88","msg":"gRPC request completed","method":"/rpc.user.UserService/CodeLogin","duration":0.291951097}
{"level":"info","timestamp":"2025-10-18T16:40:46.293+0800","caller":"logger/logger.go:88","msg":"Starting user service","version":"1.0.0"}
{"level":"info","timestamp":"2025-10-18T16:40:46.305+0800","caller":"logger/logger.go:88","msg":"Database connected successfully"}
{"level":"info","timestamp":"2025-10-18T16:40:46.305+0800","caller":"logger/logger.go:88","msg":"Database models initialized successfully"}
{"level":"info","timestamp":"2025-10-18T16:40:46.306+0800","caller":"logger/logger.go:88","msg":"Redis connected successfully"}
{"level":"info","timestamp":"2025-10-18T16:40:46.311+0800","caller":"logger/logger.go:88","msg":"User service registered"}
{"level":"info","timestamp":"2025-10-18T16:41:23.040+0800","caller":"logger/logger.go:88","msg":"gRPC request started","method":"/rpc.user.UserService/SendSmsCode","request":"phone:\"13131313131\" sms_type:\"login\""}
{"level":"info","timestamp":"2025-10-18T16:41:23.041+0800","caller":"logger/logger.go:88","msg":"SendSmsCode called","phone":"13131313131"}
{"level":"info","timestamp":"2025-10-18T16:41:23.041+0800","caller":"logger/logger.go:88","msg":"SendSmsCode service called","phone":"13131313131"}
{"level":"info","timestamp":"2025-10-18T16:41:23.051+0800","caller":"logger/logger.go:88","msg":"SMS code sent successfully","phone":"13131313131"}
{"level":"info","timestamp":"2025-10-18T16:41:23.051+0800","caller":"logger/logger.go:88","msg":"gRPC request completed","method":"/rpc.user.UserService/SendSmsCode","duration":0.011206058}
{"level":"info","timestamp":"2025-10-18T16:41:37.069+0800","caller":"logger/logger.go:88","msg":"gRPC request started","method":"/rpc.user.UserService/CodeLogin","request":"phone:\"13131313131\" code:\"126438\" device_id:\"device_1759461455145_bgj4a5ira\""}
{"level":"info","timestamp":"2025-10-18T16:41:37.069+0800","caller":"logger/logger.go:88","msg":"CodeLogin called","phone":"13131313131"}
{"level":"info","timestamp":"2025-10-18T16:41:37.069+0800","caller":"logger/logger.go:88","msg":"CodeLogin service called","phone":"13131313131"}
{"level":"error","timestamp":"2025-10-18T16:41:37.138+0800","caller":"logger/logger.go:98","msg":"Failed to update user login info","error":"Error 1054 (42S22): Unknown column 'update_time' in 'field list'","stacktrace":"user_service/pkg/logger.(*zapLogger).Error\n\t/Users/kanyu/Desktop/project/kanyu_server/new_project/project/vision_world_back/service/user_service/pkg/logger/logger.go:98\nuser_service/internal/service.(*userService).CodeLogin\n\t/Users/kanyu/Desktop/project/kanyu_server/new_project/project/vision_world_back/service/user_service/internal/service/user_service.go:246\nuser_service/internal/handler.(*UserServiceHandler).CodeLogin\n\t/Users/kanyu/Desktop/project/kanyu_server/new_project/project/vision_world_back/service/user_service/internal/handler/handler.go:94\nuser_service/proto/proto_gen._UserService_CodeLogin_Handler.func1\n\t/Users/kanyu/Desktop/project/kanyu_server/new_project/project/vision_world_back/service/user_service/proto/proto_gen/user_grpc.pb.go:254\nmain.main.unaryInterceptor.func8\n\t/Users/kanyu/Desktop/project/kanyu_server/new_project/project/vision_world_back/service/user_service/cmd/server/main.go:153\nuser_service/proto/proto_gen._UserService_CodeLogin_Handler\n\t/Users/kanyu/Desktop/project/kanyu_server/new_project/project/vision_world_back/service/user_service/proto/proto_gen/user_grpc.pb.go:256\ngoogle.golang.org/grpc.(*Server).processUnaryRPC\n\t/Users/kanyu/Desktop/goproject/pkg/mod/google.golang.org/grpc@v1.75.1/server.go:1431\ngoogle.golang.org/grpc.(*Server).handleStream\n\t/Users/kanyu/Desktop/goproject/pkg/mod/google.golang.org/grpc@v1.75.1/server.go:1842\ngoogle.golang.org/grpc.(*Server).serveStreams.func2.1\n\t/Users/kanyu/Desktop/goproject/pkg/mod/google.golang.org/grpc@v1.75.1/server.go:1061"}
{"level":"info","timestamp":"2025-10-18T16:41:37.140+0800","caller":"logger/logger.go:88","msg":"gRPC request completed","method":"/rpc.user.UserService/CodeLogin","duration":0.071090566}
{"level":"info","timestamp":"2025-10-18T16:48:01.767+0800","caller":"logger/logger.go:88","msg":"gRPC request started","method":"/rpc.user.UserService/SendSmsCode","request":"phone:\"13131313131\" sms_type:\"login\""}
{"level":"info","timestamp":"2025-10-18T16:48:01.776+0800","caller":"logger/logger.go:88","msg":"SendSmsCode called","phone":"13131313131"}
{"level":"info","timestamp":"2025-10-18T16:48:01.776+0800","caller":"logger/logger.go:88","msg":"SendSmsCode service called","phone":"13131313131"}
{"level":"info","timestamp":"2025-10-18T16:48:01.819+0800","caller":"logger/logger.go:88","msg":"SMS code sent successfully","phone":"13131313131"}
{"level":"info","timestamp":"2025-10-18T16:48:01.819+0800","caller":"logger/logger.go:88","msg":"gRPC request completed","method":"/rpc.user.UserService/SendSmsCode","duration":0.053141918}
{"level":"info","timestamp":"2025-10-18T16:48:10.669+0800","caller":"logger/logger.go:88","msg":"gRPC request started","method":"/rpc.user.UserService/CodeLogin","request":"phone:\"13131313131\" code:\"518690\" device_id:\"device_1759461455145_bgj4a5ira\""}
{"level":"info","timestamp":"2025-10-18T16:48:10.669+0800","caller":"logger/logger.go:88","msg":"CodeLogin called","phone":"13131313131"}
{"level":"info","timestamp":"2025-10-18T16:48:10.669+0800","caller":"logger/logger.go:88","msg":"CodeLogin service called","phone":"13131313131"}
{"level":"error","timestamp":"2025-10-18T16:48:10.685+0800","caller":"logger/logger.go:98","msg":"Failed to update user login info","error":"Error 1054 (42S22): Unknown column 'updated_at' in 'field list'","stacktrace":"user_service/pkg/logger.(*zapLogger).Error\n\t/Users/kanyu/Desktop/project/kanyu_server/new_project/project/vision_world_back/service/user_service/pkg/logger/logger.go:98\nuser_service/internal/service.(*userService).CodeLogin\n\t/Users/kanyu/Desktop/project/kanyu_server/new_project/project/vision_world_back/service/user_service/internal/service/user_service.go:246\nuser_service/internal/handler.(*UserServiceHandler).CodeLogin\n\t/Users/kanyu/Desktop/project/kanyu_server/new_project/project/vision_world_back/service/user_service/internal/handler/handler.go:94\nuser_service/proto/proto_gen._UserService_CodeLogin_Handler.func1\n\t/Users/kanyu/Desktop/project/kanyu_server/new_project/project/vision_world_back/service/user_service/proto/proto_gen/user_grpc.pb.go:254\nmain.main.unaryInterceptor.func8\n\t/Users/kanyu/Desktop/project/kanyu_server/new_project/project/vision_world_back/service/user_service/cmd/server/main.go:153\nuser_service/proto/proto_gen._UserService_CodeLogin_Handler\n\t/Users/kanyu/Desktop/project/kanyu_server/new_project/project/vision_world_back/service/user_service/proto/proto_gen/user_grpc.pb.go:256\ngoogle.golang.org/grpc.(*Server).processUnaryRPC\n\t/Users/kanyu/Desktop/goproject/pkg/mod/google.golang.org/grpc@v1.75.1/server.go:1431\ngoogle.golang.org/grpc.(*Server).handleStream\n\t/Users/kanyu/Desktop/goproject/pkg/mod/google.golang.org/grpc@v1.75.1/server.go:1842\ngoogle.golang.org/grpc.(*Server).serveStreams.func2.1\n\t/Users/kanyu/Desktop/goproject/pkg/mod/google.golang.org/grpc@v1.75.1/server.go:1061"}
{"level":"info","timestamp":"2025-10-18T16:48:10.686+0800","caller":"logger/logger.go:88","msg":"gRPC request completed","method":"/rpc.user.UserService/CodeLogin","duration":0.017002521}
{"level":"info","timestamp":"2025-10-18T16:48:49.418+0800","caller":"logger/logger.go:88","msg":"Starting user service","version":"1.0.0"}
{"level":"info","timestamp":"2025-10-18T16:48:49.429+0800","caller":"logger/logger.go:88","msg":"Database connected successfully"}
{"level":"info","timestamp":"2025-10-18T16:48:49.429+0800","caller":"logger/logger.go:88","msg":"Database models initialized successfully"}
{"level":"info","timestamp":"2025-10-18T16:48:49.429+0800","caller":"logger/logger.go:88","msg":"Redis connected successfully"}
{"level":"info","timestamp":"2025-10-18T16:48:49.445+0800","caller":"logger/logger.go:88","msg":"User service registered"}
{"level":"info","timestamp":"2025-10-18T16:49:03.097+0800","caller":"logger/logger.go:88","msg":"gRPC request started","method":"/rpc.user.UserService/SendSmsCode","request":"phone:\"13131313131\" sms_type:\"login\""}
{"level":"info","timestamp":"2025-10-18T16:49:03.097+0800","caller":"logger/logger.go:88","msg":"SendSmsCode called","phone":"13131313131"}
{"level":"info","timestamp":"2025-10-18T16:49:03.097+0800","caller":"logger/logger.go:88","msg":"SendSmsCode service called","phone":"13131313131"}
{"level":"info","timestamp":"2025-10-18T16:49:03.101+0800","caller":"logger/logger.go:88","msg":"SMS code sent successfully","phone":"13131313131"}
{"level":"info","timestamp":"2025-10-18T16:49:03.101+0800","caller":"logger/logger.go:88","msg":"gRPC request completed","method":"/rpc.user.UserService/SendSmsCode","duration":0.004252044}
{"level":"info","timestamp":"2025-10-18T16:49:12.529+0800","caller":"logger/logger.go:88","msg":"gRPC request started","method":"/rpc.user.UserService/CodeLogin","request":"phone:\"13131313131\" code:\"698600\" device_id:\"device_1759461455145_bgj4a5ira\""}
{"level":"info","timestamp":"2025-10-18T16:49:12.529+0800","caller":"logger/logger.go:88","msg":"CodeLogin called","phone":"13131313131"}
{"level":"info","timestamp":"2025-10-18T16:49:12.529+0800","caller":"logger/logger.go:88","msg":"CodeLogin service called","phone":"13131313131"}
{"level":"error","timestamp":"2025-10-18T16:49:12.537+0800","caller":"logger/logger.go:98","msg":"Failed to update user login info","error":"Error 1054 (42S22): Unknown column 'updated_at' in 'field list'","stacktrace":"user_service/pkg/logger.(*zapLogger).Error\n\t/Users/kanyu/Desktop/project/kanyu_server/new_project/project/vision_world_back/service/user_service/pkg/logger/logger.go:98\nuser_service/internal/service.(*userService).CodeLogin\n\t/Users/kanyu/Desktop/project/kanyu_server/new_project/project/vision_world_back/service/user_service/internal/service/user_service.go:246\nuser_service/internal/handler.(*UserServiceHandler).CodeLogin\n\t/Users/kanyu/Desktop/project/kanyu_server/new_project/project/vision_world_back/service/user_service/internal/handler/handler.go:94\nuser_service/proto/proto_gen._UserService_CodeLogin_Handler.func1\n\t/Users/kanyu/Desktop/project/kanyu_server/new_project/project/vision_world_back/service/user_service/proto/proto_gen/user_grpc.pb.go:254\nmain.main.unaryInterceptor.func8\n\t/Users/kanyu/Desktop/project/kanyu_server/new_project/project/vision_world_back/service/user_service/cmd/server/main.go:153\nuser_service/proto/proto_gen._UserService_CodeLogin_Handler\n\t/Users/kanyu/Desktop/project/kanyu_server/new_project/project/vision_world_back/service/user_service/proto/proto_gen/user_grpc.pb.go:256\ngoogle.golang.org/grpc.(*Server).processUnaryRPC\n\t/Users/kanyu/Desktop/goproject/pkg/mod/google.golang.org/grpc@v1.75.1/server.go:1431\ngoogle.golang.org/grpc.(*Server).handleStream\n\t/Users/kanyu/Desktop/goproject/pkg/mod/google.golang.org/grpc@v1.75.1/server.go:1842\ngoogle.golang.org/grpc.(*Server).serveStreams.func2.1\n\t/Users/kanyu/Desktop/goproject/pkg/mod/google.golang.org/grpc@v1.75.1/server.go:1061"}
{"level":"info","timestamp":"2025-10-18T16:49:12.538+0800","caller":"logger/logger.go:88","msg":"gRPC request completed","method":"/rpc.user.UserService/CodeLogin","duration":0.00981165}
{"level":"info","timestamp":"2025-10-18T16:52:10.245+0800","caller":"logger/logger.go:88","msg":"Starting user service","version":"1.0.0"}
{"level":"info","timestamp":"2025-10-18T16:52:10.255+0800","caller":"logger/logger.go:88","msg":"Database connected successfully"}
{"level":"info","timestamp":"2025-10-18T16:52:10.255+0800","caller":"logger/logger.go:88","msg":"Database models initialized successfully"}
{"level":"info","timestamp":"2025-10-18T16:52:10.256+0800","caller":"logger/logger.go:88","msg":"Redis connected successfully"}
{"level":"info","timestamp":"2025-10-18T16:52:10.272+0800","caller":"logger/logger.go:88","msg":"User service registered"}
{"level":"info","timestamp":"2025-10-18T16:52:56.039+0800","caller":"logger/logger.go:88","msg":"Starting user service","version":"1.0.0"}
{"level":"info","timestamp":"2025-10-18T16:52:56.050+0800","caller":"logger/logger.go:88","msg":"Database connected successfully"}
{"level":"info","timestamp":"2025-10-18T16:52:56.050+0800","caller":"logger/logger.go:88","msg":"Database models initialized successfully"}
{"level":"info","timestamp":"2025-10-18T16:52:56.050+0800","caller":"logger/logger.go:88","msg":"Redis connected successfully"}
{"level":"info","timestamp":"2025-10-18T16:52:56.070+0800","caller":"logger/logger.go:88","msg":"User service registered"}
{"level":"info","timestamp":"2025-10-18T16:53:00.130+0800","caller":"logger/logger.go:88","msg":"Starting user service","version":"1.0.0"}
{"level":"info","timestamp":"2025-10-18T16:53:00.139+0800","caller":"logger/logger.go:88","msg":"Database connected successfully"}
{"level":"info","timestamp":"2025-10-18T16:53:00.139+0800","caller":"logger/logger.go:88","msg":"Database models initialized successfully"}
{"level":"info","timestamp":"2025-10-18T16:53:00.139+0800","caller":"logger/logger.go:88","msg":"Redis connected successfully"}
{"level":"info","timestamp":"2025-10-18T16:53:00.144+0800","caller":"logger/logger.go:88","msg":"User service registered"}
{"level":"info","timestamp":"2025-10-18T16:53:15.659+0800","caller":"logger/logger.go:88","msg":"gRPC request started","method":"/rpc.user.UserService/SendSmsCode","request":"phone:\"13131313131\" sms_type:\"login\""}
{"level":"info","timestamp":"2025-10-18T16:53:15.659+0800","caller":"logger/logger.go:88","msg":"SendSmsCode called","phone":"13131313131"}
{"level":"info","timestamp":"2025-10-18T16:53:15.659+0800","caller":"logger/logger.go:88","msg":"SendSmsCode service called","phone":"13131313131"}
{"level":"info","timestamp":"2025-10-18T16:53:15.662+0800","caller":"logger/logger.go:88","msg":"SMS code sent successfully","phone":"13131313131"}
{"level":"info","timestamp":"2025-10-18T16:53:15.662+0800","caller":"logger/logger.go:88","msg":"gRPC request completed","method":"/rpc.user.UserService/SendSmsCode","duration":0.002843571}
{"level":"info","timestamp":"2025-10-18T16:53:23.007+0800","caller":"logger/logger.go:88","msg":"gRPC request started","method":"/rpc.user.UserService/CodeLogin","request":"phone:\"13131313131\" code:\"279425\" device_id:\"device_1759461455145_bgj4a5ira\""}
{"level":"info","timestamp":"2025-10-18T16:53:23.007+0800","caller":"logger/logger.go:88","msg":"CodeLogin called","phone":"13131313131"}
{"level":"info","timestamp":"2025-10-18T16:53:23.007+0800","caller":"logger/logger.go:88","msg":"CodeLogin service called","phone":"13131313131"}
{"level":"error","timestamp":"2025-10-18T16:53:23.017+0800","caller":"logger/logger.go:98","msg":"Failed to update user login info","error":"Error 1054 (42S22): Unknown column 'update_time' in 'field list'","stacktrace":"user_service/pkg/logger.(*zapLogger).Error\n\t/Users/kanyu/Desktop/project/kanyu_server/new_project/project/vision_world_back/service/user_service/pkg/logger/logger.go:98\nuser_service/internal/service.(*userService).CodeLogin\n\t/Users/kanyu/Desktop/project/kanyu_server/new_project/project/vision_world_back/service/user_service/internal/service/user_service.go:246\nuser_service/internal/handler.(*UserServiceHandler).CodeLogin\n\t/Users/kanyu/Desktop/project/kanyu_server/new_project/project/vision_world_back/service/user_service/internal/handler/handler.go:94\nuser_service/proto/proto_gen._UserService_CodeLogin_Handler.func1\n\t/Users/kanyu/Desktop/project/kanyu_server/new_project/project/vision_world_back/service/user_service/proto/proto_gen/user_grpc.pb.go:254\nmain.main.unaryInterceptor.func8\n\t/Users/kanyu/Desktop/project/kanyu_server/new_project/project/vision_world_back/service/user_service/cmd/server/main.go:153\nuser_service/proto/proto_gen._UserService_CodeLogin_Handler\n\t/Users/kanyu/Desktop/project/kanyu_server/new_project/project/vision_world_back/service/user_service/proto/proto_gen/user_grpc.pb.go:256\ngoogle.golang.org/grpc.(*Server).processUnaryRPC\n\t/Users/kanyu/Desktop/goproject/pkg/mod/google.golang.org/grpc@v1.75.1/server.go:1431\ngoogle.golang.org/grpc.(*Server).handleStream\n\t/Users/kanyu/Desktop/goproject/pkg/mod/google.golang.org/grpc@v1.75.1/server.go:1842\ngoogle.golang.org/grpc.(*Server).serveStreams.func2.1\n\t/Users/kanyu/Desktop/goproject/pkg/mod/google.golang.org/grpc@v1.75.1/server.go:1061"}
{"level":"info","timestamp":"2025-10-18T16:53:23.019+0800","caller":"logger/logger.go:88","msg":"gRPC request completed","method":"/rpc.user.UserService/CodeLogin","duration":0.011737337}
{"level":"info","timestamp":"2025-10-18T16:54:41.477+0800","caller":"logger/logger.go:88","msg":"Starting user service","version":"1.0.0"}
{"level":"info","timestamp":"2025-10-18T16:54:41.493+0800","caller":"logger/logger.go:88","msg":"Database connected successfully"}
{"level":"info","timestamp":"2025-10-18T16:54:41.493+0800","caller":"logger/logger.go:88","msg":"Database models initialized successfully"}
{"level":"info","timestamp":"2025-10-18T16:54:41.494+0800","caller":"logger/logger.go:88","msg":"Redis connected successfully"}
{"level":"info","timestamp":"2025-10-18T16:54:41.522+0800","caller":"logger/logger.go:88","msg":"User service registered"}
{"level":"info","timestamp":"2025-10-18T16:55:28.774+0800","caller":"logger/logger.go:88","msg":"Starting user service","version":"1.0.0"}
{"level":"info","timestamp":"2025-10-18T16:55:28.785+0800","caller":"logger/logger.go:88","msg":"Database connected successfully"}
{"level":"info","timestamp":"2025-10-18T16:55:28.785+0800","caller":"logger/logger.go:88","msg":"Database models initialized successfully"}
{"level":"info","timestamp":"2025-10-18T16:55:28.786+0800","caller":"logger/logger.go:88","msg":"Redis connected successfully"}
{"level":"info","timestamp":"2025-10-18T16:55:28.798+0800","caller":"logger/logger.go:88","msg":"User service registered"}
{"level":"info","timestamp":"2025-10-18T16:55:28.798+0800","caller":"logger/logger.go:88","msg":"gRPC server starting","address":"0.0.0.0:50051"}
{"level":"info","timestamp":"2025-10-18T16:55:28.938+0800","caller":"logger/logger.go:88","msg":"Service registered to etcd","address":"0.0.0.0:50051"}
{"level":"info","timestamp":"2025-10-18T16:55:47.843+0800","caller":"logger/logger.go:88","msg":"gRPC request started","method":"/rpc.user.UserService/SendSmsCode","request":"phone:\"13131313131\" sms_type:\"login\""}
{"level":"info","timestamp":"2025-10-18T16:55:47.843+0800","caller":"logger/logger.go:88","msg":"SendSmsCode called","phone":"13131313131"}
{"level":"info","timestamp":"2025-10-18T16:55:47.843+0800","caller":"logger/logger.go:88","msg":"SendSmsCode service called","phone":"13131313131"}
{"level":"info","timestamp":"2025-10-18T16:55:47.849+0800","caller":"logger/logger.go:88","msg":"SMS code sent successfully","phone":"13131313131"}
{"level":"info","timestamp":"2025-10-18T16:55:47.849+0800","caller":"logger/logger.go:88","msg":"gRPC request completed","method":"/rpc.user.UserService/SendSmsCode","duration":0.006299628}
{"level":"info","timestamp":"2025-10-18T16:55:56.259+0800","caller":"logger/logger.go:88","msg":"gRPC request started","method":"/rpc.user.UserService/CodeLogin","request":"phone:\"13131313131\" code:\"098256\" device_id:\"device_1759461455145_bgj4a5ira\""}
{"level":"info","timestamp":"2025-10-18T16:55:56.259+0800","caller":"logger/logger.go:88","msg":"CodeLogin called","phone":"13131313131"}
{"level":"info","timestamp":"2025-10-18T16:55:56.259+0800","caller":"logger/logger.go:88","msg":"CodeLogin service called","phone":"13131313131"}
{"level":"info","timestamp":"2025-10-18T16:55:56.278+0800","caller":"logger/logger.go:88","msg":"gRPC request completed","method":"/rpc.user.UserService/CodeLogin","duration":0.018787273}
{"level":"info","timestamp":"2025-10-18T19:12:14.630+0800","caller":"logger/logger.go:88","msg":"gRPC request started","method":"/rpc.user.UserService/SendSmsCode","request":"phone:\"13131313131\" sms_type:\"login\""}
{"level":"info","timestamp":"2025-10-18T19:12:14.635+0800","caller":"logger/logger.go:88","msg":"SendSmsCode called","phone":"13131313131"}
{"level":"info","timestamp":"2025-10-18T19:12:14.635+0800","caller":"logger/logger.go:88","msg":"SendSmsCode service called","phone":"13131313131"}
{"level":"info","timestamp":"2025-10-18T19:12:14.664+0800","caller":"logger/logger.go:88","msg":"SMS code sent successfully","phone":"13131313131"}
{"level":"info","timestamp":"2025-10-18T19:12:14.664+0800","caller":"logger/logger.go:88","msg":"gRPC request completed","method":"/rpc.user.UserService/SendSmsCode","duration":0.033781791}
{"level":"info","timestamp":"2025-10-18T19:12:28.887+0800","caller":"logger/logger.go:88","msg":"gRPC request started","method":"/rpc.user.UserService/CodeLogin","request":"phone:\"13131313131\" code:\"394397\" device_id:\"device_1759461455145_bgj4a5ira\""}
{"level":"info","timestamp":"2025-10-18T19:12:28.887+0800","caller":"logger/logger.go:88","msg":"CodeLogin called","phone":"13131313131"}
{"level":"info","timestamp":"2025-10-18T19:12:28.887+0800","caller":"logger/logger.go:88","msg":"CodeLogin service called","phone":"13131313131"}
{"level":"info","timestamp":"2025-10-18T19:12:29.001+0800","caller":"logger/logger.go:88","msg":"gRPC request completed","method":"/rpc.user.UserService/CodeLogin","duration":0.114073969}
{"level":"info","timestamp":"2025-10-18T20:34:07.018+0800","caller":"logger/logger.go:88","msg":"gRPC request started","method":"/rpc.user.UserService/SendSmsCode","request":"phone:\"13131313131\" sms_type:\"login\""}
{"level":"info","timestamp":"2025-10-18T20:34:07.021+0800","caller":"logger/logger.go:88","msg":"SendSmsCode called","phone":"13131313131"}
{"level":"info","timestamp":"2025-10-18T20:34:07.021+0800","caller":"logger/logger.go:88","msg":"SendSmsCode service called","phone":"13131313131"}
{"level":"info","timestamp":"2025-10-18T20:34:07.032+0800","caller":"logger/logger.go:88","msg":"SMS code sent successfully","phone":"13131313131"}
{"level":"info","timestamp":"2025-10-18T20:34:07.033+0800","caller":"logger/logger.go:88","msg":"gRPC request completed","method":"/rpc.user.UserService/SendSmsCode","duration":0.014628391}
{"level":"info","timestamp":"2025-10-18T20:34:40.361+0800","caller":"logger/logger.go:88","msg":"gRPC request started","method":"/rpc.user.UserService/CodeLogin","request":"phone:\"13131313131\" code:\"038188\" device_id:\"device_1759461455145_bgj4a5ira\""}
{"level":"info","timestamp":"2025-10-18T20:34:40.365+0800","caller":"logger/logger.go:88","msg":"CodeLogin called","phone":"13131313131"}
{"level":"info","timestamp":"2025-10-18T20:34:40.365+0800","caller":"logger/logger.go:88","msg":"CodeLogin service called","phone":"13131313131"}
{"level":"info","timestamp":"2025-10-18T20:34:40.498+0800","caller":"logger/logger.go:88","msg":"gRPC request completed","method":"/rpc.user.UserService/CodeLogin","duration":0.137124922}
{"level":"info","timestamp":"2025-10-18T20:35:35.762+0800","caller":"logger/logger.go:88","msg":"gRPC request started","method":"/rpc.user.UserService/SendSmsCode","request":"phone:\"13131313131\" sms_type:\"login\""}
{"level":"info","timestamp":"2025-10-18T20:35:35.763+0800","caller":"logger/logger.go:88","msg":"SendSmsCode called","phone":"13131313131"}
{"level":"info","timestamp":"2025-10-18T20:35:35.764+0800","caller":"logger/logger.go:88","msg":"SendSmsCode service called","phone":"13131313131"}
{"level":"info","timestamp":"2025-10-18T20:35:35.768+0800","caller":"logger/logger.go:88","msg":"SMS code sent successfully","phone":"13131313131"}
{"level":"info","timestamp":"2025-10-18T20:35:35.768+0800","caller":"logger/logger.go:88","msg":"gRPC request completed","method":"/rpc.user.UserService/SendSmsCode","duration":0.006112106}
{"level":"info","timestamp":"2025-10-18T20:35:44.546+0800","caller":"logger/logger.go:88","msg":"gRPC request started","method":"/rpc.user.UserService/CodeLogin","request":"phone:\"13131313131\" code:\"167352\" device_id:\"device_1759461455145_bgj4a5ira\""}
{"level":"info","timestamp":"2025-10-18T20:35:44.546+0800","caller":"logger/logger.go:88","msg":"CodeLogin called","phone":"13131313131"}
{"level":"info","timestamp":"2025-10-18T20:35:44.547+0800","caller":"logger/logger.go:88","msg":"CodeLogin service called","phone":"13131313131"}
{"level":"info","timestamp":"2025-10-18T20:35:44.584+0800","caller":"logger/logger.go:88","msg":"gRPC request completed","method":"/rpc.user.UserService/CodeLogin","duration":0.037581538}
{"level":"info","timestamp":"2025-10-18T20:37:26.634+0800","caller":"logger/logger.go:88","msg":"Shutting down server..."}
{"level":"info","timestamp":"2025-10-18T20:37:26.638+0800","caller":"logger/logger.go:88","msg":"Server stopped gracefully"}
{"level":"info","timestamp":"2025-10-18T20:37:32.272+0800","caller":"logger/logger.go:88","msg":"Starting user service","version":"1.0.0"}
{"level":"info","timestamp":"2025-10-18T20:37:32.287+0800","caller":"logger/logger.go:88","msg":"Database connected successfully"}
{"level":"info","timestamp":"2025-10-18T20:37:32.287+0800","caller":"logger/logger.go:88","msg":"Database models initialized successfully"}
{"level":"info","timestamp":"2025-10-18T20:37:32.287+0800","caller":"logger/logger.go:88","msg":"Redis connected successfully"}
{"level":"info","timestamp":"2025-10-18T20:37:32.295+0800","caller":"logger/logger.go:88","msg":"User service registered"}
{"level":"info","timestamp":"2025-10-18T20:37:32.295+0800","caller":"logger/logger.go:88","msg":"gRPC server starting","address":"0.0.0.0:50051"}
{"level":"info","timestamp":"2025-10-18T20:37:32.479+0800","caller":"logger/logger.go:88","msg":"Service registered to etcd","address":"0.0.0.0:50051"}
{"level":"info","timestamp":"2025-10-18T20:37:46.256+0800","caller":"logger/logger.go:88","msg":"gRPC request started","method":"/rpc.user.UserService/SendSmsCode","request":"phone:\"13131313131\" sms_type:\"login\""}
{"level":"info","timestamp":"2025-10-18T20:37:46.256+0800","caller":"logger/logger.go:88","msg":"SendSmsCode called","phone":"13131313131"}
{"level":"info","timestamp":"2025-10-18T20:37:46.256+0800","caller":"logger/logger.go:88","msg":"SendSmsCode service called","phone":"13131313131"}
{"level":"info","timestamp":"2025-10-18T20:37:46.263+0800","caller":"logger/logger.go:88","msg":"SMS code sent successfully","phone":"13131313131"}
{"level":"info","timestamp":"2025-10-18T20:37:46.263+0800","caller":"logger/logger.go:88","msg":"gRPC request completed","method":"/rpc.user.UserService/SendSmsCode","duration":0.007103247}
{"level":"info","timestamp":"2025-10-18T20:38:00.547+0800","caller":"logger/logger.go:88","msg":"gRPC request started","method":"/rpc.user.UserService/CodeLogin","request":"phone:\"13131313131\" code:\"122925\" device_id:\"device_1759461455145_bgj4a5ira\""}
{"level":"info","timestamp":"2025-10-18T20:38:00.547+0800","caller":"logger/logger.go:88","msg":"CodeLogin called","phone":"13131313131"}
{"level":"info","timestamp":"2025-10-18T20:38:00.547+0800","caller":"logger/logger.go:88","msg":"CodeLogin service called","phone":"13131313131"}
{"level":"info","timestamp":"2025-10-18T20:38:00.603+0800","caller":"logger/logger.go:88","msg":"gRPC request completed","method":"/rpc.user.UserService/CodeLogin","duration":0.056597583}
{"level":"info","timestamp":"2025-10-18T20:50:52.182+0800","caller":"logger/logger.go:88","msg":"Shutting down server..."}
{"level":"info","timestamp":"2025-10-18T20:50:52.184+0800","caller":"logger/logger.go:88","msg":"Server stopped gracefully"}
{"level":"info","timestamp":"2025-10-18T20:51:05.365+0800","caller":"logger/logger.go:88","msg":"Starting user service","version":"1.0.0"}
{"level":"info","timestamp":"2025-10-18T20:51:05.401+0800","caller":"logger/logger.go:88","msg":"Database connected successfully"}
{"level":"info","timestamp":"2025-10-18T20:51:05.401+0800","caller":"logger/logger.go:88","msg":"Database models initialized successfully"}
{"level":"info","timestamp":"2025-10-18T20:51:05.402+0800","caller":"logger/logger.go:88","msg":"Redis connected successfully"}
{"level":"info","timestamp":"2025-10-18T20:51:05.429+0800","caller":"logger/logger.go:88","msg":"User service registered"}
{"level":"info","timestamp":"2025-10-18T20:51:05.429+0800","caller":"logger/logger.go:88","msg":"gRPC server starting","address":"0.0.0.0:50051"}
{"level":"info","timestamp":"2025-10-18T20:51:05.491+0800","caller":"logger/logger.go:88","msg":"Service registered to etcd","address":"0.0.0.0:50051"}
{"level":"info","timestamp":"2025-10-18T21:03:51.919+0800","caller":"logger/logger.go:88","msg":"gRPC request started","method":"/rpc.user.UserService/SendSmsCode","request":"phone:\"13131313131\" sms_type:\"login\""}
{"level":"info","timestamp":"2025-10-18T21:03:51.920+0800","caller":"logger/logger.go:88","msg":"SendSmsCode called","phone":"13131313131"}
{"level":"info","timestamp":"2025-10-18T21:03:51.920+0800","caller":"logger/logger.go:88","msg":"SendSmsCode service called","phone":"13131313131"}
{"level":"info","timestamp":"2025-10-18T21:03:51.927+0800","caller":"logger/logger.go:88","msg":"SMS code sent successfully","phone":"13131313131"}
{"level":"info","timestamp":"2025-10-18T21:03:51.927+0800","caller":"logger/logger.go:88","msg":"gRPC request completed","method":"/rpc.user.UserService/SendSmsCode","duration":0.008096364}
{"level":"info","timestamp":"2025-10-18T21:05:50.299+0800","caller":"logger/logger.go:88","msg":"gRPC request started","method":"/rpc.user.UserService/SendSmsCode","request":"phone:\"13131313131\" sms_type:\"login\""}
{"level":"info","timestamp":"2025-10-18T21:05:50.300+0800","caller":"logger/logger.go:88","msg":"SendSmsCode called","phone":"13131313131"}
{"level":"info","timestamp":"2025-10-18T21:05:50.300+0800","caller":"logger/logger.go:88","msg":"SendSmsCode service called","phone":"13131313131"}
{"level":"info","timestamp":"2025-10-18T21:05:50.306+0800","caller":"logger/logger.go:88","msg":"SMS code sent successfully","phone":"13131313131"}
{"level":"info","timestamp":"2025-10-18T21:05:50.306+0800","caller":"logger/logger.go:88","msg":"gRPC request completed","method":"/rpc.user.UserService/SendSmsCode","duration":0.006368086}
{"level":"info","timestamp":"2025-10-18T21:06:05.336+0800","caller":"logger/logger.go:88","msg":"gRPC request started","method":"/rpc.user.UserService/CodeLogin","request":"phone:\"13131313131\" code:\"997360\" device_id:\"device_1759461455145_bgj4a5ira\""}
{"level":"info","timestamp":"2025-10-18T21:06:05.336+0800","caller":"logger/logger.go:88","msg":"CodeLogin called","phone":"13131313131"}
{"level":"info","timestamp":"2025-10-18T21:06:05.336+0800","caller":"logger/logger.go:88","msg":"CodeLogin service called","phone":"13131313131"}
{"level":"info","timestamp":"2025-10-18T21:06:05.421+0800","caller":"logger/logger.go:88","msg":"gRPC request completed","method":"/rpc.user.UserService/CodeLogin","duration":0.085440023}
{"level":"info","timestamp":"2025-10-18T21:27:07.988+0800","caller":"logger/logger.go:88","msg":"gRPC request started","method":"/rpc.user.UserService/SendSmsCode","request":"phone:\"13131313131\" sms_type:\"login\""}
{"level":"info","timestamp":"2025-10-18T21:27:07.988+0800","caller":"logger/logger.go:88","msg":"SendSmsCode called","phone":"13131313131"}
{"level":"info","timestamp":"2025-10-18T21:27:07.989+0800","caller":"logger/logger.go:88","msg":"SendSmsCode service called","phone":"13131313131"}
{"level":"info","timestamp":"2025-10-18T21:27:08.000+0800","caller":"logger/logger.go:88","msg":"SMS code sent successfully","phone":"13131313131"}
{"level":"info","timestamp":"2025-10-18T21:27:08.000+0800","caller":"logger/logger.go:88","msg":"gRPC request completed","method":"/rpc.user.UserService/SendSmsCode","duration":0.012377379}
{"level":"info","timestamp":"2025-10-18T21:27:10.151+0800","caller":"logger/logger.go:88","msg":"gRPC request started","method":"/rpc.user.UserService/SendSmsCode","request":"phone:\"13131313131\" sms_type:\"login\""}
{"level":"info","timestamp":"2025-10-18T21:27:10.152+0800","caller":"logger/logger.go:88","msg":"SendSmsCode called","phone":"13131313131"}
{"level":"info","timestamp":"2025-10-18T21:27:10.153+0800","caller":"logger/logger.go:88","msg":"SendSmsCode service called","phone":"13131313131"}
{"level":"warn","timestamp":"2025-10-18T21:27:10.154+0800","caller":"logger/logger.go:93","msg":"SMS send rate limit exceeded","phone":"13131313131"}
{"level":"error","timestamp":"2025-10-18T21:27:10.154+0800","caller":"logger/logger.go:98","msg":"SendSmsCode failed","error":"发送过于频繁，请稍后再试","phone":"13131313131","stacktrace":"user_service/pkg/logger.(*zapLogger).Error\n\t/Users/kanyu/Desktop/project/kanyu_server/new_project/project/vision_world_back/service/user_service/pkg/logger/logger.go:98\nuser_service/internal/handler.(*UserServiceHandler).SendSmsCode\n\t/Users/kanyu/Desktop/project/kanyu_server/new_project/project/vision_world_back/service/user_service/internal/handler/handler.go:117\nuser_service/proto/proto_gen._UserService_SendSmsCode_Handler.func1\n\t/Users/kanyu/Desktop/project/kanyu_server/new_project/project/vision_world_back/service/user_service/proto/proto_gen/user_grpc.pb.go:267\nmain.main.unaryInterceptor.func8\n\t/Users/kanyu/Desktop/project/kanyu_server/new_project/project/vision_world_back/service/user_service/cmd/server/main.go:153\nuser_service/proto/proto_gen._UserService_SendSmsCode_Handler\n\t/Users/kanyu/Desktop/project/kanyu_server/new_project/project/vision_world_back/service/user_service/proto/proto_gen/user_grpc.pb.go:269\ngoogle.golang.org/grpc.(*Server).processUnaryRPC\n\t/Users/kanyu/Desktop/goproject/pkg/mod/google.golang.org/grpc@v1.75.1/server.go:1431\ngoogle.golang.org/grpc.(*Server).handleStream\n\t/Users/kanyu/Desktop/goproject/pkg/mod/google.golang.org/grpc@v1.75.1/server.go:1842\ngoogle.golang.org/grpc.(*Server).serveStreams.func2.1\n\t/Users/kanyu/Desktop/goproject/pkg/mod/google.golang.org/grpc@v1.75.1/server.go:1061"}
{"level":"info","timestamp":"2025-10-18T21:27:10.157+0800","caller":"logger/logger.go:88","msg":"gRPC request completed","method":"/rpc.user.UserService/SendSmsCode","duration":0.005248809}
{"level":"info","timestamp":"2025-10-18T21:27:11.908+0800","caller":"logger/logger.go:88","msg":"gRPC request started","method":"/rpc.user.UserService/SendSmsCode","request":"phone:\"13131313131\" sms_type:\"login\""}
{"level":"info","timestamp":"2025-10-18T21:27:11.908+0800","caller":"logger/logger.go:88","msg":"SendSmsCode called","phone":"13131313131"}
{"level":"info","timestamp":"2025-10-18T21:27:11.908+0800","caller":"logger/logger.go:88","msg":"SendSmsCode service called","phone":"13131313131"}
{"level":"warn","timestamp":"2025-10-18T21:27:11.911+0800","caller":"logger/logger.go:93","msg":"SMS send rate limit exceeded","phone":"13131313131"}
{"level":"error","timestamp":"2025-10-18T21:27:11.911+0800","caller":"logger/logger.go:98","msg":"SendSmsCode failed","error":"发送过于频繁，请稍后再试","phone":"13131313131","stacktrace":"user_service/pkg/logger.(*zapLogger).Error\n\t/Users/kanyu/Desktop/project/kanyu_server/new_project/project/vision_world_back/service/user_service/pkg/logger/logger.go:98\nuser_service/internal/handler.(*UserServiceHandler).SendSmsCode\n\t/Users/kanyu/Desktop/project/kanyu_server/new_project/project/vision_world_back/service/user_service/internal/handler/handler.go:117\nuser_service/proto/proto_gen._UserService_SendSmsCode_Handler.func1\n\t/Users/kanyu/Desktop/project/kanyu_server/new_project/project/vision_world_back/service/user_service/proto/proto_gen/user_grpc.pb.go:267\nmain.main.unaryInterceptor.func8\n\t/Users/kanyu/Desktop/project/kanyu_server/new_project/project/vision_world_back/service/user_service/cmd/server/main.go:153\nuser_service/proto/proto_gen._UserService_SendSmsCode_Handler\n\t/Users/kanyu/Desktop/project/kanyu_server/new_project/project/vision_world_back/service/user_service/proto/proto_gen/user_grpc.pb.go:269\ngoogle.golang.org/grpc.(*Server).processUnaryRPC\n\t/Users/kanyu/Desktop/goproject/pkg/mod/google.golang.org/grpc@v1.75.1/server.go:1431\ngoogle.golang.org/grpc.(*Server).handleStream\n\t/Users/kanyu/Desktop/goproject/pkg/mod/google.golang.org/grpc@v1.75.1/server.go:1842\ngoogle.golang.org/grpc.(*Server).serveStreams.func2.1\n\t/Users/kanyu/Desktop/goproject/pkg/mod/google.golang.org/grpc@v1.75.1/server.go:1061"}
{"level":"info","timestamp":"2025-10-18T21:27:11.912+0800","caller":"logger/logger.go:88","msg":"gRPC request completed","method":"/rpc.user.UserService/SendSmsCode","duration":0.003753485}
{"level":"info","timestamp":"2025-10-18T21:32:42.577+0800","caller":"logger/logger.go:88","msg":"gRPC request started","method":"/rpc.user.UserService/SendSmsCode","request":"phone:\"13131313131\" sms_type:\"login\""}
{"level":"info","timestamp":"2025-10-18T21:32:42.578+0800","caller":"logger/logger.go:88","msg":"SendSmsCode called","phone":"13131313131"}
{"level":"info","timestamp":"2025-10-18T21:32:42.578+0800","caller":"logger/logger.go:88","msg":"SendSmsCode service called","phone":"13131313131"}
{"level":"info","timestamp":"2025-10-18T21:32:42.586+0800","caller":"logger/logger.go:88","msg":"SMS code sent successfully","phone":"13131313131"}
{"level":"info","timestamp":"2025-10-18T21:32:42.586+0800","caller":"logger/logger.go:88","msg":"gRPC request completed","method":"/rpc.user.UserService/SendSmsCode","duration":0.009623073}
{"level":"info","timestamp":"2025-10-18T21:35:12.647+0800","caller":"logger/logger.go:88","msg":"gRPC request started","method":"/rpc.user.UserService/SendSmsCode","request":"phone:\"13131313131\" sms_type:\"login\""}
{"level":"info","timestamp":"2025-10-18T21:35:12.648+0800","caller":"logger/logger.go:88","msg":"SendSmsCode called","phone":"13131313131"}
{"level":"info","timestamp":"2025-10-18T21:35:12.648+0800","caller":"logger/logger.go:88","msg":"SendSmsCode service called","phone":"13131313131"}
{"level":"info","timestamp":"2025-10-18T21:35:12.656+0800","caller":"logger/logger.go:88","msg":"SMS code sent successfully","phone":"13131313131"}
{"level":"info","timestamp":"2025-10-18T21:35:12.656+0800","caller":"logger/logger.go:88","msg":"gRPC request completed","method":"/rpc.user.UserService/SendSmsCode","duration":0.008893597}
{"level":"info","timestamp":"2025-10-18T21:35:41.474+0800","caller":"logger/logger.go:88","msg":"gRPC request started","method":"/rpc.user.UserService/SendSmsCode","request":"phone:\"13131313131\" sms_type:\"login\""}
{"level":"info","timestamp":"2025-10-18T21:35:41.476+0800","caller":"logger/logger.go:88","msg":"SendSmsCode called","phone":"13131313131"}
{"level":"info","timestamp":"2025-10-18T21:35:41.476+0800","caller":"logger/logger.go:88","msg":"SendSmsCode service called","phone":"13131313131"}
{"level":"warn","timestamp":"2025-10-18T21:35:41.478+0800","caller":"logger/logger.go:93","msg":"SMS send rate limit exceeded","phone":"13131313131"}
{"level":"error","timestamp":"2025-10-18T21:35:41.478+0800","caller":"logger/logger.go:98","msg":"SendSmsCode failed","error":"发送过于频繁，请稍后再试","phone":"13131313131","stacktrace":"user_service/pkg/logger.(*zapLogger).Error\n\t/Users/kanyu/Desktop/project/kanyu_server/new_project/project/vision_world_back/service/user_service/pkg/logger/logger.go:98\nuser_service/internal/handler.(*UserServiceHandler).SendSmsCode\n\t/Users/kanyu/Desktop/project/kanyu_server/new_project/project/vision_world_back/service/user_service/internal/handler/handler.go:117\nuser_service/proto/proto_gen._UserService_SendSmsCode_Handler.func1\n\t/Users/kanyu/Desktop/project/kanyu_server/new_project/project/vision_world_back/service/user_service/proto/proto_gen/user_grpc.pb.go:267\nmain.main.unaryInterceptor.func8\n\t/Users/kanyu/Desktop/project/kanyu_server/new_project/project/vision_world_back/service/user_service/cmd/server/main.go:153\nuser_service/proto/proto_gen._UserService_SendSmsCode_Handler\n\t/Users/kanyu/Desktop/project/kanyu_server/new_project/project/vision_world_back/service/user_service/proto/proto_gen/user_grpc.pb.go:269\ngoogle.golang.org/grpc.(*Server).processUnaryRPC\n\t/Users/kanyu/Desktop/goproject/pkg/mod/google.golang.org/grpc@v1.75.1/server.go:1431\ngoogle.golang.org/grpc.(*Server).handleStream\n\t/Users/kanyu/Desktop/goproject/pkg/mod/google.golang.org/grpc@v1.75.1/server.go:1842\ngoogle.golang.org/grpc.(*Server).serveStreams.func2.1\n\t/Users/kanyu/Desktop/goproject/pkg/mod/google.golang.org/grpc@v1.75.1/server.go:1061"}
{"level":"info","timestamp":"2025-10-18T21:35:41.478+0800","caller":"logger/logger.go:88","msg":"gRPC request completed","method":"/rpc.user.UserService/SendSmsCode","duration":0.004199905}
{"level":"info","timestamp":"2025-10-18T21:36:53.013+0800","caller":"logger/logger.go:88","msg":"gRPC request started","method":"/rpc.user.UserService/SendSmsCode","request":"phone:\"13131313131\" sms_type:\"login\""}
{"level":"info","timestamp":"2025-10-18T21:36:53.013+0800","caller":"logger/logger.go:88","msg":"SendSmsCode called","phone":"13131313131"}
{"level":"info","timestamp":"2025-10-18T21:36:53.013+0800","caller":"logger/logger.go:88","msg":"SendSmsCode service called","phone":"13131313131"}
{"level":"info","timestamp":"2025-10-18T21:36:53.017+0800","caller":"logger/logger.go:88","msg":"SMS code sent successfully","phone":"13131313131"}
{"level":"info","timestamp":"2025-10-18T21:36:53.017+0800","caller":"logger/logger.go:88","msg":"gRPC request completed","method":"/rpc.user.UserService/SendSmsCode","duration":0.004437107}
{"level":"info","timestamp":"2025-10-18T21:37:30.471+0800","caller":"logger/logger.go:88","msg":"gRPC request started","method":"/rpc.user.UserService/SendSmsCode","request":"phone:\"13131313131\" sms_type:\"login\""}
{"level":"info","timestamp":"2025-10-18T21:37:30.472+0800","caller":"logger/logger.go:88","msg":"SendSmsCode called","phone":"13131313131"}
{"level":"info","timestamp":"2025-10-18T21:37:30.472+0800","caller":"logger/logger.go:88","msg":"SendSmsCode service called","phone":"13131313131"}
{"level":"warn","timestamp":"2025-10-18T21:37:30.474+0800","caller":"logger/logger.go:93","msg":"SMS send rate limit exceeded","phone":"13131313131"}
{"level":"error","timestamp":"2025-10-18T21:37:30.475+0800","caller":"logger/logger.go:98","msg":"SendSmsCode failed","error":"发送过于频繁，请稍后再试","phone":"13131313131","stacktrace":"user_service/pkg/logger.(*zapLogger).Error\n\t/Users/kanyu/Desktop/project/kanyu_server/new_project/project/vision_world_back/service/user_service/pkg/logger/logger.go:98\nuser_service/internal/handler.(*UserServiceHandler).SendSmsCode\n\t/Users/kanyu/Desktop/project/kanyu_server/new_project/project/vision_world_back/service/user_service/internal/handler/handler.go:117\nuser_service/proto/proto_gen._UserService_SendSmsCode_Handler.func1\n\t/Users/kanyu/Desktop/project/kanyu_server/new_project/project/vision_world_back/service/user_service/proto/proto_gen/user_grpc.pb.go:267\nmain.main.unaryInterceptor.func8\n\t/Users/kanyu/Desktop/project/kanyu_server/new_project/project/vision_world_back/service/user_service/cmd/server/main.go:153\nuser_service/proto/proto_gen._UserService_SendSmsCode_Handler\n\t/Users/kanyu/Desktop/project/kanyu_server/new_project/project/vision_world_back/service/user_service/proto/proto_gen/user_grpc.pb.go:269\ngoogle.golang.org/grpc.(*Server).processUnaryRPC\n\t/Users/kanyu/Desktop/goproject/pkg/mod/google.golang.org/grpc@v1.75.1/server.go:1431\ngoogle.golang.org/grpc.(*Server).handleStream\n\t/Users/kanyu/Desktop/goproject/pkg/mod/google.golang.org/grpc@v1.75.1/server.go:1842\ngoogle.golang.org/grpc.(*Server).serveStreams.func2.1\n\t/Users/kanyu/Desktop/goproject/pkg/mod/google.golang.org/grpc@v1.75.1/server.go:1061"}
{"level":"info","timestamp":"2025-10-18T21:37:30.475+0800","caller":"logger/logger.go:88","msg":"gRPC request completed","method":"/rpc.user.UserService/SendSmsCode","duration":0.003222449}
{"level":"info","timestamp":"2025-10-18T21:38:01.782+0800","caller":"logger/logger.go:88","msg":"gRPC request started","method":"/rpc.user.UserService/SendSmsCode","request":"phone:\"13131313131\" sms_type:\"login\""}
{"level":"info","timestamp":"2025-10-18T21:38:01.784+0800","caller":"logger/logger.go:88","msg":"SendSmsCode called","phone":"13131313131"}
{"level":"info","timestamp":"2025-10-18T21:38:01.784+0800","caller":"logger/logger.go:88","msg":"SendSmsCode service called","phone":"13131313131"}
{"level":"info","timestamp":"2025-10-18T21:38:01.788+0800","caller":"logger/logger.go:88","msg":"SMS code sent successfully","phone":"13131313131"}
{"level":"info","timestamp":"2025-10-18T21:38:01.788+0800","caller":"logger/logger.go:88","msg":"gRPC request completed","method":"/rpc.user.UserService/SendSmsCode","duration":0.00651431}
{"level":"info","timestamp":"2025-10-18T21:41:47.161+0800","caller":"logger/logger.go:88","msg":"gRPC request started","method":"/rpc.user.UserService/SendSmsCode","request":"phone:\"13131313131\" sms_type:\"login\""}
{"level":"info","timestamp":"2025-10-18T21:41:47.162+0800","caller":"logger/logger.go:88","msg":"SendSmsCode called","phone":"13131313131"}
{"level":"info","timestamp":"2025-10-18T21:41:47.162+0800","caller":"logger/logger.go:88","msg":"SendSmsCode service called","phone":"13131313131"}
{"level":"info","timestamp":"2025-10-18T21:41:47.167+0800","caller":"logger/logger.go:88","msg":"SMS code sent successfully","phone":"13131313131"}
{"level":"info","timestamp":"2025-10-18T21:41:47.167+0800","caller":"logger/logger.go:88","msg":"gRPC request completed","method":"/rpc.user.UserService/SendSmsCode","duration":0.006037629}
{"level":"info","timestamp":"2025-10-18T21:41:57.338+0800","caller":"logger/logger.go:88","msg":"gRPC request started","method":"/rpc.user.UserService/SendSmsCode","request":"phone:\"13131313131\" sms_type:\"login\""}
{"level":"info","timestamp":"2025-10-18T21:41:57.339+0800","caller":"logger/logger.go:88","msg":"SendSmsCode called","phone":"13131313131"}
{"level":"info","timestamp":"2025-10-18T21:41:57.339+0800","caller":"logger/logger.go:88","msg":"SendSmsCode service called","phone":"13131313131"}
{"level":"warn","timestamp":"2025-10-18T21:41:57.341+0800","caller":"logger/logger.go:93","msg":"SMS send rate limit exceeded","phone":"13131313131"}
{"level":"error","timestamp":"2025-10-18T21:41:57.341+0800","caller":"logger/logger.go:98","msg":"SendSmsCode failed","error":"发送过于频繁，请稍后再试","phone":"13131313131","stacktrace":"user_service/pkg/logger.(*zapLogger).Error\n\t/Users/kanyu/Desktop/project/kanyu_server/new_project/project/vision_world_back/service/user_service/pkg/logger/logger.go:98\nuser_service/internal/handler.(*UserServiceHandler).SendSmsCode\n\t/Users/kanyu/Desktop/project/kanyu_server/new_project/project/vision_world_back/service/user_service/internal/handler/handler.go:117\nuser_service/proto/proto_gen._UserService_SendSmsCode_Handler.func1\n\t/Users/kanyu/Desktop/project/kanyu_server/new_project/project/vision_world_back/service/user_service/proto/proto_gen/user_grpc.pb.go:267\nmain.main.unaryInterceptor.func8\n\t/Users/kanyu/Desktop/project/kanyu_server/new_project/project/vision_world_back/service/user_service/cmd/server/main.go:153\nuser_service/proto/proto_gen._UserService_SendSmsCode_Handler\n\t/Users/kanyu/Desktop/project/kanyu_server/new_project/project/vision_world_back/service/user_service/proto/proto_gen/user_grpc.pb.go:269\ngoogle.golang.org/grpc.(*Server).processUnaryRPC\n\t/Users/kanyu/Desktop/goproject/pkg/mod/google.golang.org/grpc@v1.75.1/server.go:1431\ngoogle.golang.org/grpc.(*Server).handleStream\n\t/Users/kanyu/Desktop/goproject/pkg/mod/google.golang.org/grpc@v1.75.1/server.go:1842\ngoogle.golang.org/grpc.(*Server).serveStreams.func2.1\n\t/Users/kanyu/Desktop/goproject/pkg/mod/google.golang.org/grpc@v1.75.1/server.go:1061"}
{"level":"info","timestamp":"2025-10-18T21:41:57.341+0800","caller":"logger/logger.go:88","msg":"gRPC request completed","method":"/rpc.user.UserService/SendSmsCode","duration":0.002486178}
{"level":"info","timestamp":"2025-10-18T21:42:23.248+0800","caller":"logger/logger.go:88","msg":"gRPC request started","method":"/rpc.user.UserService/SendSmsCode","request":"phone:\"13131313133\" sms_type:\"login\""}
{"level":"info","timestamp":"2025-10-18T21:42:23.249+0800","caller":"logger/logger.go:88","msg":"SendSmsCode called","phone":"13131313133"}
{"level":"info","timestamp":"2025-10-18T21:42:23.265+0800","caller":"logger/logger.go:88","msg":"SendSmsCode service called","phone":"13131313133"}
{"level":"info","timestamp":"2025-10-18T21:42:23.279+0800","caller":"logger/logger.go:88","msg":"SMS code sent successfully","phone":"13131313133"}
{"level":"info","timestamp":"2025-10-18T21:42:23.279+0800","caller":"logger/logger.go:88","msg":"gRPC request completed","method":"/rpc.user.UserService/SendSmsCode","duration":0.031159264}
{"level":"info","timestamp":"2025-10-18T21:42:47.457+0800","caller":"logger/logger.go:88","msg":"gRPC request started","method":"/rpc.user.UserService/CodeLogin","request":"phone:\"13131313133\" code:\"182512\" device_id:\"device_1760540455931_t09xb3kom\""}
{"level":"info","timestamp":"2025-10-18T21:42:47.457+0800","caller":"logger/logger.go:88","msg":"CodeLogin called","phone":"13131313133"}
{"level":"info","timestamp":"2025-10-18T21:42:47.457+0800","caller":"logger/logger.go:88","msg":"CodeLogin service called","phone":"13131313133"}
{"level":"error","timestamp":"2025-10-18T21:42:47.481+0800","caller":"logger/logger.go:98","msg":"没有注册过的用户，直接注册成功","error":"user not found","stacktrace":"user_service/pkg/logger.(*zapLogger).Error\n\t/Users/kanyu/Desktop/project/kanyu_server/new_project/project/vision_world_back/service/user_service/pkg/logger/logger.go:98\nuser_service/internal/service.(*userService).CodeLogin\n\t/Users/kanyu/Desktop/project/kanyu_server/new_project/project/vision_world_back/service/user_service/internal/service/user_service.go:194\nuser_service/internal/handler.(*UserServiceHandler).CodeLogin\n\t/Users/kanyu/Desktop/project/kanyu_server/new_project/project/vision_world_back/service/user_service/internal/handler/handler.go:94\nuser_service/proto/proto_gen._UserService_CodeLogin_Handler.func1\n\t/Users/kanyu/Desktop/project/kanyu_server/new_project/project/vision_world_back/service/user_service/proto/proto_gen/user_grpc.pb.go:249\nmain.main.unaryInterceptor.func8\n\t/Users/kanyu/Desktop/project/kanyu_server/new_project/project/vision_world_back/service/user_service/cmd/server/main.go:153\nuser_service/proto/proto_gen._UserService_CodeLogin_Handler\n\t/Users/kanyu/Desktop/project/kanyu_server/new_project/project/vision_world_back/service/user_service/proto/proto_gen/user_grpc.pb.go:251\ngoogle.golang.org/grpc.(*Server).processUnaryRPC\n\t/Users/kanyu/Desktop/goproject/pkg/mod/google.golang.org/grpc@v1.75.1/server.go:1431\ngoogle.golang.org/grpc.(*Server).handleStream\n\t/Users/kanyu/Desktop/goproject/pkg/mod/google.golang.org/grpc@v1.75.1/server.go:1842\ngoogle.golang.org/grpc.(*Server).serveStreams.func2.1\n\t/Users/kanyu/Desktop/goproject/pkg/mod/google.golang.org/grpc@v1.75.1/server.go:1061"}
{"level":"info","timestamp":"2025-10-18T21:42:47.521+0800","caller":"logger/logger.go:88","msg":"gRPC request completed","method":"/rpc.user.UserService/CodeLogin","duration":0.063566452}
{"level":"info","timestamp":"2025-10-18T21:45:25.380+0800","caller":"logger/logger.go:88","msg":"gRPC request started","method":"/rpc.user.UserService/SendSmsCode","request":"phone:\"13131313131\" sms_type:\"login\""}
{"level":"info","timestamp":"2025-10-18T21:45:25.382+0800","caller":"logger/logger.go:88","msg":"SendSmsCode called","phone":"13131313131"}
{"level":"info","timestamp":"2025-10-18T21:45:25.382+0800","caller":"logger/logger.go:88","msg":"SendSmsCode service called","phone":"13131313131"}
{"level":"info","timestamp":"2025-10-18T21:45:25.386+0800","caller":"logger/logger.go:88","msg":"SMS code sent successfully","phone":"13131313131"}
{"level":"info","timestamp":"2025-10-18T21:45:25.386+0800","caller":"logger/logger.go:88","msg":"gRPC request completed","method":"/rpc.user.UserService/SendSmsCode","duration":0.005612956}
{"level":"info","timestamp":"2025-10-18T21:45:36.148+0800","caller":"logger/logger.go:88","msg":"gRPC request started","method":"/rpc.user.UserService/CodeLogin","request":"phone:\"13131313131\" code:\"819291\" device_id:\"device_1760540455931_t09xb3kom\""}
{"level":"info","timestamp":"2025-10-18T21:45:36.148+0800","caller":"logger/logger.go:88","msg":"CodeLogin called","phone":"13131313131"}
{"level":"info","timestamp":"2025-10-18T21:45:36.148+0800","caller":"logger/logger.go:88","msg":"CodeLogin service called","phone":"13131313131"}
{"level":"info","timestamp":"2025-10-18T21:45:36.164+0800","caller":"logger/logger.go:88","msg":"gRPC request completed","method":"/rpc.user.UserService/CodeLogin","duration":0.016244805}
{"level":"info","timestamp":"2025-10-18T21:51:29.572+0800","caller":"logger/logger.go:88","msg":"gRPC request started","method":"/rpc.user.UserService/SendSmsCode","request":"phone:\"13131313131\" sms_type:\"login\""}
{"level":"info","timestamp":"2025-10-18T21:51:29.575+0800","caller":"logger/logger.go:88","msg":"SendSmsCode called","phone":"13131313131"}
{"level":"info","timestamp":"2025-10-18T21:51:29.575+0800","caller":"logger/logger.go:88","msg":"SendSmsCode service called","phone":"13131313131"}
{"level":"info","timestamp":"2025-10-18T21:51:29.588+0800","caller":"logger/logger.go:88","msg":"SMS code sent successfully","phone":"13131313131"}
{"level":"info","timestamp":"2025-10-18T21:51:29.588+0800","caller":"logger/logger.go:88","msg":"gRPC request completed","method":"/rpc.user.UserService/SendSmsCode","duration":0.01579379}
{"level":"info","timestamp":"2025-10-18T21:51:51.433+0800","caller":"logger/logger.go:88","msg":"gRPC request started","method":"/rpc.user.UserService/CodeLogin","request":"phone:\"13131313131\" code:\"341554\" device_id:\"device_1760540455931_t09xb3kom\""}
{"level":"info","timestamp":"2025-10-18T21:51:51.434+0800","caller":"logger/logger.go:88","msg":"CodeLogin called","phone":"13131313131"}
{"level":"info","timestamp":"2025-10-18T21:51:51.434+0800","caller":"logger/logger.go:88","msg":"CodeLogin service called","phone":"13131313131"}
{"level":"info","timestamp":"2025-10-18T21:51:51.481+0800","caller":"logger/logger.go:88","msg":"gRPC request completed","method":"/rpc.user.UserService/CodeLogin","duration":0.047797559}
{"level":"info","timestamp":"2025-10-18T21:57:15.936+0800","caller":"logger/logger.go:88","msg":"gRPC request started","method":"/rpc.user.UserService/SendSmsCode","request":"phone:\"13131313131\" sms_type:\"login\""}
{"level":"info","timestamp":"2025-10-18T21:57:15.937+0800","caller":"logger/logger.go:88","msg":"SendSmsCode called","phone":"13131313131"}
{"level":"info","timestamp":"2025-10-18T21:57:15.937+0800","caller":"logger/logger.go:88","msg":"SendSmsCode service called","phone":"13131313131"}
{"level":"info","timestamp":"2025-10-18T21:57:15.946+0800","caller":"logger/logger.go:88","msg":"SMS code sent successfully","phone":"13131313131"}
{"level":"info","timestamp":"2025-10-18T21:57:15.946+0800","caller":"logger/logger.go:88","msg":"gRPC request completed","method":"/rpc.user.UserService/SendSmsCode","duration":0.010107331}
{"level":"info","timestamp":"2025-10-18T21:57:27.339+0800","caller":"logger/logger.go:88","msg":"gRPC request started","method":"/rpc.user.UserService/CodeLogin","request":"phone:\"13131313131\" code:\"904663\" device_id:\"device_1760540455931_t09xb3kom\""}
{"level":"info","timestamp":"2025-10-18T21:57:27.339+0800","caller":"logger/logger.go:88","msg":"CodeLogin called","phone":"13131313131"}
{"level":"info","timestamp":"2025-10-18T21:57:27.339+0800","caller":"logger/logger.go:88","msg":"CodeLogin service called","phone":"13131313131"}
{"level":"info","timestamp":"2025-10-18T21:57:27.363+0800","caller":"logger/logger.go:88","msg":"gRPC request completed","method":"/rpc.user.UserService/CodeLogin","duration":0.024643009}
{"level":"info","timestamp":"2025-10-18T21:58:20.171+0800","caller":"logger/logger.go:88","msg":"gRPC request started","method":"/rpc.user.UserService/SendSmsCode","request":"phone:\"13131313131\" sms_type:\"login\""}
{"level":"info","timestamp":"2025-10-18T21:58:20.172+0800","caller":"logger/logger.go:88","msg":"SendSmsCode called","phone":"13131313131"}
{"level":"info","timestamp":"2025-10-18T21:58:20.172+0800","caller":"logger/logger.go:88","msg":"SendSmsCode service called","phone":"13131313131"}
{"level":"info","timestamp":"2025-10-18T21:58:20.175+0800","caller":"logger/logger.go:88","msg":"SMS code sent successfully","phone":"13131313131"}
{"level":"info","timestamp":"2025-10-18T21:58:20.175+0800","caller":"logger/logger.go:88","msg":"gRPC request completed","method":"/rpc.user.UserService/SendSmsCode","duration":0.004229459}
{"level":"info","timestamp":"2025-10-18T21:58:27.855+0800","caller":"logger/logger.go:88","msg":"gRPC request started","method":"/rpc.user.UserService/CodeLogin","request":"phone:\"13131313131\" code:\"607555\" device_id:\"device_1760540455931_t09xb3kom\""}
{"level":"info","timestamp":"2025-10-18T21:58:27.856+0800","caller":"logger/logger.go:88","msg":"CodeLogin called","phone":"13131313131"}
{"level":"info","timestamp":"2025-10-18T21:58:27.856+0800","caller":"logger/logger.go:88","msg":"CodeLogin service called","phone":"13131313131"}
{"level":"info","timestamp":"2025-10-18T21:58:27.875+0800","caller":"logger/logger.go:88","msg":"gRPC request completed","method":"/rpc.user.UserService/CodeLogin","duration":0.01948625}
{"level":"info","timestamp":"2025-10-18T21:59:06.114+0800","caller":"logger/logger.go:88","msg":"gRPC request started","method":"/rpc.user.UserService/SendSmsCode","request":"phone:\"13131313131\" sms_type:\"login\""}
{"level":"info","timestamp":"2025-10-18T21:59:06.115+0800","caller":"logger/logger.go:88","msg":"SendSmsCode called","phone":"13131313131"}
{"level":"info","timestamp":"2025-10-18T21:59:06.115+0800","caller":"logger/logger.go:88","msg":"SendSmsCode service called","phone":"13131313131"}
{"level":"warn","timestamp":"2025-10-18T21:59:06.116+0800","caller":"logger/logger.go:93","msg":"SMS send rate limit exceeded","phone":"13131313131"}
{"level":"error","timestamp":"2025-10-18T21:59:06.116+0800","caller":"logger/logger.go:98","msg":"SendSmsCode failed","error":"发送过于频繁，请稍后再试","phone":"13131313131","stacktrace":"user_service/pkg/logger.(*zapLogger).Error\n\t/Users/kanyu/Desktop/project/kanyu_server/new_project/project/vision_world_back/service/user_service/pkg/logger/logger.go:98\nuser_service/internal/handler.(*UserServiceHandler).SendSmsCode\n\t/Users/kanyu/Desktop/project/kanyu_server/new_project/project/vision_world_back/service/user_service/internal/handler/handler.go:117\nuser_service/proto/proto_gen._UserService_SendSmsCode_Handler.func1\n\t/Users/kanyu/Desktop/project/kanyu_server/new_project/project/vision_world_back/service/user_service/proto/proto_gen/user_grpc.pb.go:267\nmain.main.unaryInterceptor.func8\n\t/Users/kanyu/Desktop/project/kanyu_server/new_project/project/vision_world_back/service/user_service/cmd/server/main.go:153\nuser_service/proto/proto_gen._UserService_SendSmsCode_Handler\n\t/Users/kanyu/Desktop/project/kanyu_server/new_project/project/vision_world_back/service/user_service/proto/proto_gen/user_grpc.pb.go:269\ngoogle.golang.org/grpc.(*Server).processUnaryRPC\n\t/Users/kanyu/Desktop/goproject/pkg/mod/google.golang.org/grpc@v1.75.1/server.go:1431\ngoogle.golang.org/grpc.(*Server).handleStream\n\t/Users/kanyu/Desktop/goproject/pkg/mod/google.golang.org/grpc@v1.75.1/server.go:1842\ngoogle.golang.org/grpc.(*Server).serveStreams.func2.1\n\t/Users/kanyu/Desktop/goproject/pkg/mod/google.golang.org/grpc@v1.75.1/server.go:1061"}
{"level":"info","timestamp":"2025-10-18T21:59:06.118+0800","caller":"logger/logger.go:88","msg":"gRPC request completed","method":"/rpc.user.UserService/SendSmsCode","duration":0.003428224}
{"level":"info","timestamp":"2025-10-18T21:59:33.660+0800","caller":"logger/logger.go:88","msg":"gRPC request started","method":"/rpc.user.UserService/SendSmsCode","request":"phone:\"13131313131\" sms_type:\"login\""}
{"level":"info","timestamp":"2025-10-18T21:59:33.660+0800","caller":"logger/logger.go:88","msg":"SendSmsCode called","phone":"13131313131"}
{"level":"info","timestamp":"2025-10-18T21:59:33.660+0800","caller":"logger/logger.go:88","msg":"SendSmsCode service called","phone":"13131313131"}
{"level":"info","timestamp":"2025-10-18T21:59:33.664+0800","caller":"logger/logger.go:88","msg":"SMS code sent successfully","phone":"13131313131"}
{"level":"info","timestamp":"2025-10-18T21:59:33.664+0800","caller":"logger/logger.go:88","msg":"gRPC request completed","method":"/rpc.user.UserService/SendSmsCode","duration":0.004330746}
{"level":"info","timestamp":"2025-10-18T21:59:40.908+0800","caller":"logger/logger.go:88","msg":"gRPC request started","method":"/rpc.user.UserService/CodeLogin","request":"phone:\"13131313131\" code:\"842328\" device_id:\"device_1760540455931_t09xb3kom\""}
{"level":"info","timestamp":"2025-10-18T21:59:40.908+0800","caller":"logger/logger.go:88","msg":"CodeLogin called","phone":"13131313131"}
{"level":"info","timestamp":"2025-10-18T21:59:40.908+0800","caller":"logger/logger.go:88","msg":"CodeLogin service called","phone":"13131313131"}
{"level":"info","timestamp":"2025-10-18T21:59:40.918+0800","caller":"logger/logger.go:88","msg":"gRPC request completed","method":"/rpc.user.UserService/CodeLogin","duration":0.01002521}
{"level":"info","timestamp":"2025-10-19T13:53:35.582+0800","caller":"logger/logger.go:88","msg":"gRPC request started","method":"/rpc.user.UserService/SendSmsCode","request":"phone:\"13131313131\" sms_type:\"login\""}
{"level":"info","timestamp":"2025-10-19T13:53:35.592+0800","caller":"logger/logger.go:88","msg":"SendSmsCode called","phone":"13131313131"}
{"level":"info","timestamp":"2025-10-19T13:53:35.593+0800","caller":"logger/logger.go:88","msg":"SendSmsCode service called","phone":"13131313131"}
{"level":"info","timestamp":"2025-10-19T13:53:35.663+0800","caller":"logger/logger.go:88","msg":"SMS code sent successfully","phone":"13131313131"}
{"level":"info","timestamp":"2025-10-19T13:53:35.666+0800","caller":"logger/logger.go:88","msg":"gRPC request completed","method":"/rpc.user.UserService/SendSmsCode","duration":0.084621049}
{"level":"info","timestamp":"2025-10-19T13:53:47.641+0800","caller":"logger/logger.go:88","msg":"gRPC request started","method":"/rpc.user.UserService/CodeLogin","request":"phone:\"13131313131\" code:\"048765\" device_id:\"device_1760540455931_t09xb3kom\""}
{"level":"info","timestamp":"2025-10-19T13:53:47.642+0800","caller":"logger/logger.go:88","msg":"CodeLogin called","phone":"13131313131"}
{"level":"info","timestamp":"2025-10-19T13:53:47.642+0800","caller":"logger/logger.go:88","msg":"CodeLogin service called","phone":"13131313131"}
{"level":"info","timestamp":"2025-10-19T13:53:47.944+0800","caller":"logger/logger.go:88","msg":"gRPC request completed","method":"/rpc.user.UserService/CodeLogin","duration":0.302809811}
{"level":"info","timestamp":"2025-10-19T13:53:58.372+0800","caller":"logger/logger.go:88","msg":"gRPC request started","method":"/rpc.user.UserService/Logout","request":"token:\"eyJhbGciOiJIUzI1NiIsInR5cCI6IkpXVCJ9.eyJ1c2VyX2lkIjoxMSwiaXNzIjoidmlzaW9uLXdvcmxkLXVzZXItc2VydmljZSIsImF1ZCI6WyJ2aXNpb24td29ybGQtYXBwIl0sImV4cCI6MTc2MDkzOTYyNywibmJmIjoxNzYwODUzMjI3LCJpYXQiOjE3NjA4NTMyMjd9.qULG6vpu_f8TR7CDFE9pLl8kTrSE4HvG5UmvN2zLcXo\""}
{"level":"info","timestamp":"2025-10-19T13:53:58.372+0800","caller":"logger/logger.go:88","msg":"Logout called","token":"eyJhbGciOiJIUzI1NiIsInR5cCI6IkpXVCJ9.eyJ1c2VyX2lkIjoxMSwiaXNzIjoidmlzaW9uLXdvcmxkLXVzZXItc2VydmljZSIsImF1ZCI6WyJ2aXNpb24td29ybGQtYXBwIl0sImV4cCI6MTc2MDkzOTYyNywibmJmIjoxNzYwODUzMjI3LCJpYXQiOjE3NjA4NTMyMjd9.qULG6vpu_f8TR7CDFE9pLl8kTrSE4HvG5UmvN2zLcXo"}
{"level":"info","timestamp":"2025-10-19T13:53:58.373+0800","caller":"logger/logger.go:88","msg":"Logout service called"}
{"level":"info","timestamp":"2025-10-19T13:53:58.378+0800","caller":"logger/logger.go:88","msg":"User logged out successfully","userID":11}
{"level":"info","timestamp":"2025-10-19T13:53:58.378+0800","caller":"logger/logger.go:88","msg":"gRPC request completed","method":"/rpc.user.UserService/Logout","duration":0.005977716}
{"level":"info","timestamp":"2025-10-19T16:53:12.776+0800","caller":"logger/logger.go:88","msg":"gRPC request started","method":"/rpc.user.UserService/SendSmsCode","request":"phone:\"13131313131\" sms_type:\"login\""}
{"level":"info","timestamp":"2025-10-19T16:53:12.781+0800","caller":"logger/logger.go:88","msg":"SendSmsCode called","phone":"13131313131"}
{"level":"info","timestamp":"2025-10-19T16:53:12.781+0800","caller":"logger/logger.go:88","msg":"SendSmsCode service called","phone":"13131313131"}
{"level":"info","timestamp":"2025-10-19T16:53:12.803+0800","caller":"logger/logger.go:88","msg":"SMS code sent successfully","phone":"13131313131"}
{"level":"info","timestamp":"2025-10-19T16:53:12.804+0800","caller":"logger/logger.go:88","msg":"gRPC request completed","method":"/rpc.user.UserService/SendSmsCode","duration":0.027673852}
{"level":"info","timestamp":"2025-10-19T16:53:32.808+0800","caller":"logger/logger.go:88","msg":"gRPC request started","method":"/rpc.user.UserService/SendSmsCode","request":"phone:\"13131313131\" sms_type:\"login\""}
{"level":"info","timestamp":"2025-10-19T16:53:32.808+0800","caller":"logger/logger.go:88","msg":"SendSmsCode called","phone":"13131313131"}
{"level":"info","timestamp":"2025-10-19T16:53:32.808+0800","caller":"logger/logger.go:88","msg":"SendSmsCode service called","phone":"13131313131"}
{"level":"warn","timestamp":"2025-10-19T16:53:32.815+0800","caller":"logger/logger.go:93","msg":"SMS send rate limit exceeded","phone":"13131313131"}
{"level":"error","timestamp":"2025-10-19T16:53:32.816+0800","caller":"logger/logger.go:98","msg":"SendSmsCode failed","error":"发送过于频繁，请稍后再试","phone":"13131313131","stacktrace":"user_service/pkg/logger.(*zapLogger).Error\n\t/Users/kanyu/Desktop/project/kanyu_server/new_project/project/vision_world_back/service/user_service/pkg/logger/logger.go:98\nuser_service/internal/handler.(*UserServiceHandler).SendSmsCode\n\t/Users/kanyu/Desktop/project/kanyu_server/new_project/project/vision_world_back/service/user_service/internal/handler/handler.go:117\nuser_service/proto/proto_gen._UserService_SendSmsCode_Handler.func1\n\t/Users/kanyu/Desktop/project/kanyu_server/new_project/project/vision_world_back/service/user_service/proto/proto_gen/user_grpc.pb.go:267\nmain.main.unaryInterceptor.func8\n\t/Users/kanyu/Desktop/project/kanyu_server/new_project/project/vision_world_back/service/user_service/cmd/server/main.go:153\nuser_service/proto/proto_gen._UserService_SendSmsCode_Handler\n\t/Users/kanyu/Desktop/project/kanyu_server/new_project/project/vision_world_back/service/user_service/proto/proto_gen/user_grpc.pb.go:269\ngoogle.golang.org/grpc.(*Server).processUnaryRPC\n\t/Users/kanyu/Desktop/goproject/pkg/mod/google.golang.org/grpc@v1.75.1/server.go:1431\ngoogle.golang.org/grpc.(*Server).handleStream\n\t/Users/kanyu/Desktop/goproject/pkg/mod/google.golang.org/grpc@v1.75.1/server.go:1842\ngoogle.golang.org/grpc.(*Server).serveStreams.func2.1\n\t/Users/kanyu/Desktop/goproject/pkg/mod/google.golang.org/grpc@v1.75.1/server.go:1061"}
{"level":"info","timestamp":"2025-10-19T16:53:32.821+0800","caller":"logger/logger.go:88","msg":"gRPC request completed","method":"/rpc.user.UserService/SendSmsCode","duration":0.013144858}
{"level":"info","timestamp":"2025-10-19T16:53:43.483+0800","caller":"logger/logger.go:88","msg":"gRPC request started","method":"/rpc.user.UserService/CodeLogin","request":"phone:\"13131313131\" code:\"194457\" device_id:\"device_1760540455931_t09xb3kom\""}
{"level":"info","timestamp":"2025-10-19T16:53:43.483+0800","caller":"logger/logger.go:88","msg":"CodeLogin called","phone":"13131313131"}
{"level":"info","timestamp":"2025-10-19T16:53:43.483+0800","caller":"logger/logger.go:88","msg":"CodeLogin service called","phone":"13131313131"}
{"level":"info","timestamp":"2025-10-19T16:53:43.617+0800","caller":"logger/logger.go:88","msg":"gRPC request completed","method":"/rpc.user.UserService/CodeLogin","duration":0.133702927}
{"level":"info","timestamp":"2025-10-19T17:07:32.096+0800","caller":"logger/logger.go:88","msg":"gRPC request started","method":"/rpc.user.UserService/SendSmsCode","request":"phone:\"13131313131\" sms_type:\"login\""}
{"level":"info","timestamp":"2025-10-19T17:07:32.100+0800","caller":"logger/logger.go:88","msg":"SendSmsCode called","phone":"13131313131"}
{"level":"info","timestamp":"2025-10-19T17:07:32.100+0800","caller":"logger/logger.go:88","msg":"SendSmsCode service called","phone":"13131313131"}
{"level":"info","timestamp":"2025-10-19T17:07:32.115+0800","caller":"logger/logger.go:88","msg":"SMS code sent successfully","phone":"13131313131"}
{"level":"info","timestamp":"2025-10-19T17:07:32.115+0800","caller":"logger/logger.go:88","msg":"gRPC request completed","method":"/rpc.user.UserService/SendSmsCode","duration":0.019011009}
{"level":"info","timestamp":"2025-10-19T17:07:45.920+0800","caller":"logger/logger.go:88","msg":"gRPC request started","method":"/rpc.user.UserService/CodeLogin","request":"phone:\"13131313131\" code:\"140489\" device_id:\"device_1759461455145_bgj4a5ira\""}
{"level":"info","timestamp":"2025-10-19T17:07:45.920+0800","caller":"logger/logger.go:88","msg":"CodeLogin called","phone":"13131313131"}
{"level":"info","timestamp":"2025-10-19T17:07:45.920+0800","caller":"logger/logger.go:88","msg":"CodeLogin service called","phone":"13131313131"}
{"level":"info","timestamp":"2025-10-19T17:07:45.956+0800","caller":"logger/logger.go:88","msg":"gRPC request completed","method":"/rpc.user.UserService/CodeLogin","duration":0.03623204}
{"level":"info","timestamp":"2025-10-19T17:27:42.119+0800","caller":"logger/logger.go:88","msg":"gRPC request started","method":"/rpc.user.UserService/VerifyToken","request":"token:\"eyJhbGciOiJIUzI1NiIsInR5cCI6IkpXVCJ9.eyJ1c2VyX2lkIjoxMSwiaXNzIjoidmlzaW9uLXdvcmxkLXVzZXItc2VydmljZSIsImF1ZCI6WyJ2aXNpb24td29ybGQtYXBwIl0sImV4cCI6MTc2MDk1MTI2NSwibmJmIjoxNzYwODY0ODY1LCJpYXQiOjE3NjA4NjQ4NjV9.5VahlcFqKq_xTRKMvXJhHx78VEnEj67tC_ghIQmPy18\""}
{"level":"info","timestamp":"2025-10-19T17:27:42.120+0800","caller":"logger/logger.go:88","msg":"VerifyToken called","token":"eyJhbGciOiJIUzI1NiIsInR5cCI6IkpXVCJ9.eyJ1c2VyX2lkIjoxMSwiaXNzIjoidmlzaW9uLXdvcmxkLXVzZXItc2VydmljZSIsImF1ZCI6WyJ2aXNpb24td29ybGQtYXBwIl0sImV4cCI6MTc2MDk1MTI2NSwibmJmIjoxNzYwODY0ODY1LCJpYXQiOjE3NjA4NjQ4NjV9.5VahlcFqKq_xTRKMvXJhHx78VEnEj67tC_ghIQmPy18"}
{"level":"info","timestamp":"2025-10-19T17:27:42.120+0800","caller":"logger/logger.go:88","msg":"VerifyToken service called"}
{"level":"info","timestamp":"2025-10-19T17:27:42.144+0800","caller":"logger/logger.go:88","msg":"gRPC request completed","method":"/rpc.user.UserService/VerifyToken","duration":0.025072557}
{"level":"info","timestamp":"2025-10-19T21:05:38.724+0800","caller":"logger/logger.go:88","msg":"gRPC request started","method":"/rpc.user.UserService/VerifyToken","request":"token:\"eyJhbGciOiJIUzI1NiIsInR5cCI6IkpXVCJ9.eyJ1c2VyX2lkIjoxMSwiaXNzIjoidmlzaW9uLXdvcmxkLXVzZXItc2VydmljZSIsImF1ZCI6WyJ2aXNpb24td29ybGQtYXBwIl0sImV4cCI6MTc2MDk1MTI2NSwibmJmIjoxNzYwODY0ODY1LCJpYXQiOjE3NjA4NjQ4NjV9.5VahlcFqKq_xTRKMvXJhHx78VEnEj67tC_ghIQmPy18\""}
{"level":"info","timestamp":"2025-10-19T21:05:38.726+0800","caller":"logger/logger.go:88","msg":"VerifyToken called","token":"eyJhbGciOiJIUzI1NiIsInR5cCI6IkpXVCJ9.eyJ1c2VyX2lkIjoxMSwiaXNzIjoidmlzaW9uLXdvcmxkLXVzZXItc2VydmljZSIsImF1ZCI6WyJ2aXNpb24td29ybGQtYXBwIl0sImV4cCI6MTc2MDk1MTI2NSwibmJmIjoxNzYwODY0ODY1LCJpYXQiOjE3NjA4NjQ4NjV9.5VahlcFqKq_xTRKMvXJhHx78VEnEj67tC_ghIQmPy18"}
{"level":"info","timestamp":"2025-10-19T21:05:38.726+0800","caller":"logger/logger.go:88","msg":"VerifyToken service called"}
{"level":"info","timestamp":"2025-10-19T21:05:38.812+0800","caller":"logger/logger.go:88","msg":"gRPC request completed","method":"/rpc.user.UserService/VerifyToken","duration":0.088142723}
{"level":"info","timestamp":"2025-10-23T14:31:49.817+0800","caller":"logger/logger.go:88","msg":"gRPC request started","method":"/rpc.user.UserService/VerifyToken","request":"token:\"eyJhbGciOiJIUzI1NiIsInR5cCI6IkpXVCJ9.eyJ1c2VyX2lkIjoxMSwiaXNzIjoidmlzaW9uLXdvcmxkLXVzZXItc2VydmljZSIsImF1ZCI6WyJ2aXNpb24td29ybGQtYXBwIl0sImV4cCI6MTc2MDk1MTI2NSwibmJmIjoxNzYwODY0ODY1LCJpYXQiOjE3NjA4NjQ4NjV9.5VahlcFqKq_xTRKMvXJhHx78VEnEj67tC_ghIQmPy18\""}
{"level":"info","timestamp":"2025-10-23T14:31:49.828+0800","caller":"logger/logger.go:88","msg":"VerifyToken called","token":"eyJhbGciOiJIUzI1NiIsInR5cCI6IkpXVCJ9.eyJ1c2VyX2lkIjoxMSwiaXNzIjoidmlzaW9uLXdvcmxkLXVzZXItc2VydmljZSIsImF1ZCI6WyJ2aXNpb24td29ybGQtYXBwIl0sImV4cCI6MTc2MDk1MTI2NSwibmJmIjoxNzYwODY0ODY1LCJpYXQiOjE3NjA4NjQ4NjV9.5VahlcFqKq_xTRKMvXJhHx78VEnEj67tC_ghIQmPy18"}
{"level":"info","timestamp":"2025-10-23T14:31:49.828+0800","caller":"logger/logger.go:88","msg":"VerifyToken service called"}
{"level":"error","timestamp":"2025-10-23T14:31:49.840+0800","caller":"logger/logger.go:98","msg":"Token parsing failed","error":"failed to parse token: token is expired by 69h24m4.83728s","stacktrace":"user_service/pkg/logger.(*zapLogger).Error\n\t/Users/kanyu/Desktop/project/kanyu_server/new_project/project/vision_world_back/service/user_service/pkg/logger/logger.go:98\nuser_service/internal/service.(*userService).VerifyToken\n\t/Users/kanyu/Desktop/project/kanyu_server/new_project/project/vision_world_back/service/user_service/internal/service/user_service.go:312\nuser_service/internal/handler.(*UserServiceHandler).VerifyToken\n\t/Users/kanyu/Desktop/project/kanyu_server/new_project/project/vision_world_back/service/user_service/internal/handler/handler.go:135\nuser_service/proto/proto_gen._UserService_VerifyToken_Handler.func1\n\t/Users/kanyu/Desktop/project/kanyu_server/new_project/project/vision_world_back/service/user_service/proto/proto_gen/user_grpc.pb.go:285\nmain.main.unaryInterceptor.func8\n\t/Users/kanyu/Desktop/project/kanyu_server/new_project/project/vision_world_back/service/user_service/cmd/server/main.go:153\nuser_service/proto/proto_gen._UserService_VerifyToken_Handler\n\t/Users/kanyu/Desktop/project/kanyu_server/new_project/project/vision_world_back/service/user_service/proto/proto_gen/user_grpc.pb.go:287\ngoogle.golang.org/grpc.(*Server).processUnaryRPC\n\t/Users/kanyu/Desktop/goproject/pkg/mod/google.golang.org/grpc@v1.75.1/server.go:1431\ngoogle.golang.org/grpc.(*Server).handleStream\n\t/Users/kanyu/Desktop/goproject/pkg/mod/google.golang.org/grpc@v1.75.1/server.go:1842\ngoogle.golang.org/grpc.(*Server).serveStreams.func2.1\n\t/Users/kanyu/Desktop/goproject/pkg/mod/google.golang.org/grpc@v1.75.1/server.go:1061"}
{"level":"error","timestamp":"2025-10-23T14:31:49.841+0800","caller":"logger/logger.go:98","msg":"VerifyToken failed","error":"token verification failed: failed to parse token: token is expired by 69h24m4.83728s","stacktrace":"user_service/pkg/logger.(*zapLogger).Error\n\t/Users/kanyu/Desktop/project/kanyu_server/new_project/project/vision_world_back/service/user_service/pkg/logger/logger.go:98\nuser_service/internal/handler.(*UserServiceHandler).VerifyToken\n\t/Users/kanyu/Desktop/project/kanyu_server/new_project/project/vision_world_back/service/user_service/internal/handler/handler.go:137\nuser_service/proto/proto_gen._UserService_VerifyToken_Handler.func1\n\t/Users/kanyu/Desktop/project/kanyu_server/new_project/project/vision_world_back/service/user_service/proto/proto_gen/user_grpc.pb.go:285\nmain.main.unaryInterceptor.func8\n\t/Users/kanyu/Desktop/project/kanyu_server/new_project/project/vision_world_back/service/user_service/cmd/server/main.go:153\nuser_service/proto/proto_gen._UserService_VerifyToken_Handler\n\t/Users/kanyu/Desktop/project/kanyu_server/new_project/project/vision_world_back/service/user_service/proto/proto_gen/user_grpc.pb.go:287\ngoogle.golang.org/grpc.(*Server).processUnaryRPC\n\t/Users/kanyu/Desktop/goproject/pkg/mod/google.golang.org/grpc@v1.75.1/server.go:1431\ngoogle.golang.org/grpc.(*Server).handleStream\n\t/Users/kanyu/Desktop/goproject/pkg/mod/google.golang.org/grpc@v1.75.1/server.go:1842\ngoogle.golang.org/grpc.(*Server).serveStreams.func2.1\n\t/Users/kanyu/Desktop/goproject/pkg/mod/google.golang.org/grpc@v1.75.1/server.go:1061"}
{"level":"info","timestamp":"2025-10-23T14:31:49.842+0800","caller":"logger/logger.go:88","msg":"gRPC request completed","method":"/rpc.user.UserService/VerifyToken","duration":0.026351722}
{"level":"info","timestamp":"2025-10-25T10:13:23.657+0800","caller":"logger/logger.go:88","msg":"gRPC request started","method":"/rpc.user.UserService/SendSmsCode","request":"phone:\"13131313131\" sms_type:\"login\""}
{"level":"info","timestamp":"2025-10-25T10:13:23.665+0800","caller":"logger/logger.go:88","msg":"SendSmsCode called","phone":"13131313131"}
{"level":"info","timestamp":"2025-10-25T10:13:23.665+0800","caller":"logger/logger.go:88","msg":"SendSmsCode service called","phone":"13131313131"}
{"level":"info","timestamp":"2025-10-25T10:13:23.799+0800","caller":"logger/logger.go:88","msg":"SMS code sent successfully","phone":"13131313131"}
{"level":"info","timestamp":"2025-10-25T10:13:23.801+0800","caller":"logger/logger.go:88","msg":"gRPC request completed","method":"/rpc.user.UserService/SendSmsCode","duration":0.145653157}
{"level":"info","timestamp":"2025-10-25T10:13:36.940+0800","caller":"logger/logger.go:88","msg":"gRPC request started","method":"/rpc.user.UserService/CodeLogin","request":"phone:\"13131313131\" code:\"313073\" device_id:\"device_1761358416929_o74aq5up1\""}
{"level":"info","timestamp":"2025-10-25T10:13:36.941+0800","caller":"logger/logger.go:88","msg":"CodeLogin called","phone":"13131313131"}
{"level":"info","timestamp":"2025-10-25T10:13:36.941+0800","caller":"logger/logger.go:88","msg":"CodeLogin service called","phone":"13131313131"}
{"level":"info","timestamp":"2025-10-25T10:13:37.264+0800","caller":"logger/logger.go:88","msg":"gRPC request completed","method":"/rpc.user.UserService/CodeLogin","duration":0.323129135}
{"level":"info","timestamp":"2025-10-25T10:30:01.014+0800","caller":"logger/logger.go:88","msg":"gRPC request started","method":"/rpc.user.UserService/VerifyToken","request":"token:\"eyJhbGciOiJIUzI1NiIsInR5cCI6IkpXVCJ9.eyJ1c2VyX2lkIjoxMSwiaXNzIjoidmlzaW9uLXdvcmxkLXVzZXItc2VydmljZSIsImF1ZCI6WyJ2aXNpb24td29ybGQtYXBwIl0sImV4cCI6MTc2MTQ0NDgxNywibmJmIjoxNzYxMzU4NDE3LCJpYXQiOjE3NjEzNTg0MTd9.3oLjNBA3Isw13z5d6zv6eiXW7w6qY5mhw-LzNZXEwFc\""}
{"level":"info","timestamp":"2025-10-25T10:30:01.016+0800","caller":"logger/logger.go:88","msg":"VerifyToken called","token":"eyJhbGciOiJIUzI1NiIsInR5cCI6IkpXVCJ9.eyJ1c2VyX2lkIjoxMSwiaXNzIjoidmlzaW9uLXdvcmxkLXVzZXItc2VydmljZSIsImF1ZCI6WyJ2aXNpb24td29ybGQtYXBwIl0sImV4cCI6MTc2MTQ0NDgxNywibmJmIjoxNzYxMzU4NDE3LCJpYXQiOjE3NjEzNTg0MTd9.3oLjNBA3Isw13z5d6zv6eiXW7w6qY5mhw-LzNZXEwFc"}
{"level":"info","timestamp":"2025-10-25T10:30:01.016+0800","caller":"logger/logger.go:88","msg":"VerifyToken service called"}
{"level":"info","timestamp":"2025-10-25T10:30:01.059+0800","caller":"logger/logger.go:88","msg":"gRPC request completed","method":"/rpc.user.UserService/VerifyToken","duration":0.044830788}
{"level":"info","timestamp":"2025-10-25T10:42:12.713+0800","caller":"logger/logger.go:88","msg":"gRPC request started","method":"/rpc.user.UserService/SendSmsCode","request":"phone:\"13131313131\" sms_type:\"login\""}
{"level":"info","timestamp":"2025-10-25T10:42:12.714+0800","caller":"logger/logger.go:88","msg":"SendSmsCode called","phone":"13131313131"}
{"level":"info","timestamp":"2025-10-25T10:42:12.714+0800","caller":"logger/logger.go:88","msg":"SendSmsCode service called","phone":"13131313131"}
{"level":"info","timestamp":"2025-10-25T10:42:12.725+0800","caller":"logger/logger.go:88","msg":"SMS code sent successfully","phone":"13131313131"}
{"level":"info","timestamp":"2025-10-25T10:42:12.725+0800","caller":"logger/logger.go:88","msg":"gRPC request completed","method":"/rpc.user.UserService/SendSmsCode","duration":0.012476624}
{"level":"info","timestamp":"2025-10-25T10:42:21.482+0800","caller":"logger/logger.go:88","msg":"gRPC request started","method":"/rpc.user.UserService/CodeLogin","request":"phone:\"13131313131\" code:\"286109\" device_id:\"device_1761358416929_o74aq5up1\""}
{"level":"info","timestamp":"2025-10-25T10:42:21.482+0800","caller":"logger/logger.go:88","msg":"CodeLogin called","phone":"13131313131"}
{"level":"info","timestamp":"2025-10-25T10:42:21.483+0800","caller":"logger/logger.go:88","msg":"CodeLogin service called","phone":"13131313131"}
{"level":"info","timestamp":"2025-10-25T10:42:21.532+0800","caller":"logger/logger.go:88","msg":"gRPC request completed","method":"/rpc.user.UserService/CodeLogin","duration":0.049325178}
{"level":"info","timestamp":"2025-10-25T10:42:50.328+0800","caller":"logger/logger.go:88","msg":"gRPC request started","method":"/rpc.user.UserService/VerifyToken","request":"token:\"eyJhbGciOiJIUzI1NiIsInR5cCI6IkpXVCJ9.eyJ1c2VyX2lkIjoxMSwiaXNzIjoidmlzaW9uLXdvcmxkLXVzZXItc2VydmljZSIsImF1ZCI6WyJ2aXNpb24td29ybGQtYXBwIl0sImV4cCI6MTc2MTQ0NjU0MSwibmJmIjoxNzYxMzYwMTQxLCJpYXQiOjE3NjEzNjAxNDF9.OFR9BZKUs2UXI2Y79Y755vScA_FnPgnIz92ZCL3522g\""}
{"level":"info","timestamp":"2025-10-25T10:42:50.329+0800","caller":"logger/logger.go:88","msg":"VerifyToken called","token":"eyJhbGciOiJIUzI1NiIsInR5cCI6IkpXVCJ9.eyJ1c2VyX2lkIjoxMSwiaXNzIjoidmlzaW9uLXdvcmxkLXVzZXItc2VydmljZSIsImF1ZCI6WyJ2aXNpb24td29ybGQtYXBwIl0sImV4cCI6MTc2MTQ0NjU0MSwibmJmIjoxNzYxMzYwMTQxLCJpYXQiOjE3NjEzNjAxNDF9.OFR9BZKUs2UXI2Y79Y755vScA_FnPgnIz92ZCL3522g"}
{"level":"info","timestamp":"2025-10-25T10:42:50.329+0800","caller":"logger/logger.go:88","msg":"VerifyToken service called"}
{"level":"info","timestamp":"2025-10-25T10:42:50.338+0800","caller":"logger/logger.go:88","msg":"gRPC request completed","method":"/rpc.user.UserService/VerifyToken","duration":0.009719663}
{"level":"info","timestamp":"2025-10-25T10:49:46.138+0800","caller":"logger/logger.go:88","msg":"gRPC request started","method":"/rpc.user.UserService/SendSmsCode","request":"phone:\"13131313131\" sms_type:\"login\""}
{"level":"info","timestamp":"2025-10-25T10:49:46.140+0800","caller":"logger/logger.go:88","msg":"SendSmsCode called","phone":"13131313131"}
{"level":"info","timestamp":"2025-10-25T10:49:46.140+0800","caller":"logger/logger.go:88","msg":"SendSmsCode service called","phone":"13131313131"}
{"level":"info","timestamp":"2025-10-25T10:49:46.152+0800","caller":"logger/logger.go:88","msg":"SMS code sent successfully","phone":"13131313131"}
{"level":"info","timestamp":"2025-10-25T10:49:46.152+0800","caller":"logger/logger.go:88","msg":"gRPC request completed","method":"/rpc.user.UserService/SendSmsCode","duration":0.01392556}
{"level":"info","timestamp":"2025-10-25T10:49:54.342+0800","caller":"logger/logger.go:88","msg":"gRPC request started","method":"/rpc.user.UserService/CodeLogin","request":"phone:\"13131313131\" code:\"479163\" device_id:\"device_1761358416929_o74aq5up1\""}
{"level":"info","timestamp":"2025-10-25T10:49:54.344+0800","caller":"logger/logger.go:88","msg":"CodeLogin called","phone":"13131313131"}
{"level":"info","timestamp":"2025-10-25T10:49:54.344+0800","caller":"logger/logger.go:88","msg":"CodeLogin service called","phone":"13131313131"}
{"level":"info","timestamp":"2025-10-25T10:49:54.378+0800","caller":"logger/logger.go:88","msg":"gRPC request completed","method":"/rpc.user.UserService/CodeLogin","duration":0.035831649}
{"level":"info","timestamp":"2025-10-25T11:13:42.603+0800","caller":"logger/logger.go:88","msg":"gRPC request started","method":"/rpc.user.UserService/VerifyToken","request":"token:\"eyJhbGciOiJIUzI1NiIsInR5cCI6IkpXVCJ9.eyJ1c2VyX2lkIjoxMSwiaXNzIjoidmlzaW9uLXdvcmxkLXVzZXItc2VydmljZSIsImF1ZCI6WyJ2aXNpb24td29ybGQtYXBwIl0sImV4cCI6MTc2MTQ0Njk5NCwibmJmIjoxNzYxMzYwNTk0LCJpYXQiOjE3NjEzNjA1OTR9.eh8both9WCQ9c7T8ZwYm5vrquPoCxaQjORpbY9EaeIE\""}
{"level":"info","timestamp":"2025-10-25T11:13:42.603+0800","caller":"logger/logger.go:88","msg":"gRPC request started","method":"/rpc.user.UserService/VerifyToken","request":"token:\"eyJhbGciOiJIUzI1NiIsInR5cCI6IkpXVCJ9.eyJ1c2VyX2lkIjoxMSwiaXNzIjoidmlzaW9uLXdvcmxkLXVzZXItc2VydmljZSIsImF1ZCI6WyJ2aXNpb24td29ybGQtYXBwIl0sImV4cCI6MTc2MTQ0Njk5NCwibmJmIjoxNzYxMzYwNTk0LCJpYXQiOjE3NjEzNjA1OTR9.eh8both9WCQ9c7T8ZwYm5vrquPoCxaQjORpbY9EaeIE\""}
{"level":"info","timestamp":"2025-10-25T11:13:42.605+0800","caller":"logger/logger.go:88","msg":"VerifyToken called","token":"eyJhbGciOiJIUzI1NiIsInR5cCI6IkpXVCJ9.eyJ1c2VyX2lkIjoxMSwiaXNzIjoidmlzaW9uLXdvcmxkLXVzZXItc2VydmljZSIsImF1ZCI6WyJ2aXNpb24td29ybGQtYXBwIl0sImV4cCI6MTc2MTQ0Njk5NCwibmJmIjoxNzYxMzYwNTk0LCJpYXQiOjE3NjEzNjA1OTR9.eh8both9WCQ9c7T8ZwYm5vrquPoCxaQjORpbY9EaeIE"}
{"level":"info","timestamp":"2025-10-25T11:13:42.605+0800","caller":"logger/logger.go:88","msg":"VerifyToken service called"}
{"level":"info","timestamp":"2025-10-25T11:13:42.605+0800","caller":"logger/logger.go:88","msg":"VerifyToken called","token":"eyJhbGciOiJIUzI1NiIsInR5cCI6IkpXVCJ9.eyJ1c2VyX2lkIjoxMSwiaXNzIjoidmlzaW9uLXdvcmxkLXVzZXItc2VydmljZSIsImF1ZCI6WyJ2aXNpb24td29ybGQtYXBwIl0sImV4cCI6MTc2MTQ0Njk5NCwibmJmIjoxNzYxMzYwNTk0LCJpYXQiOjE3NjEzNjA1OTR9.eh8both9WCQ9c7T8ZwYm5vrquPoCxaQjORpbY9EaeIE"}
{"level":"info","timestamp":"2025-10-25T11:13:42.605+0800","caller":"logger/logger.go:88","msg":"VerifyToken service called"}
{"level":"info","timestamp":"2025-10-25T11:13:42.665+0800","caller":"logger/logger.go:88","msg":"gRPC request completed","method":"/rpc.user.UserService/VerifyToken","duration":0.06270983}
{"level":"info","timestamp":"2025-10-25T11:13:42.672+0800","caller":"logger/logger.go:88","msg":"gRPC request completed","method":"/rpc.user.UserService/VerifyToken","duration":0.069525059}
{"level":"info","timestamp":"2025-10-25T11:13:48.814+0800","caller":"logger/logger.go:88","msg":"gRPC request started","method":"/rpc.user.UserService/SendSmsCode","request":"phone:\"13131313131\" sms_type:\"login\""}
{"level":"info","timestamp":"2025-10-25T11:13:48.814+0800","caller":"logger/logger.go:88","msg":"SendSmsCode called","phone":"13131313131"}
{"level":"info","timestamp":"2025-10-25T11:13:48.815+0800","caller":"logger/logger.go:88","msg":"SendSmsCode service called","phone":"13131313131"}
{"level":"info","timestamp":"2025-10-25T11:13:48.819+0800","caller":"logger/logger.go:88","msg":"SMS code sent successfully","phone":"13131313131"}
{"level":"info","timestamp":"2025-10-25T11:13:48.819+0800","caller":"logger/logger.go:88","msg":"gRPC request completed","method":"/rpc.user.UserService/SendSmsCode","duration":0.004866338}
{"level":"info","timestamp":"2025-10-25T11:14:00.243+0800","caller":"logger/logger.go:88","msg":"gRPC request started","method":"/rpc.user.UserService/CodeLogin","request":"phone:\"13131313131\" code:\"013504\" device_id:\"device_1761358416929_o74aq5up1\""}
{"level":"info","timestamp":"2025-10-25T11:14:00.244+0800","caller":"logger/logger.go:88","msg":"CodeLogin called","phone":"13131313131"}
{"level":"info","timestamp":"2025-10-25T11:14:00.244+0800","caller":"logger/logger.go:88","msg":"CodeLogin service called","phone":"13131313131"}
{"level":"info","timestamp":"2025-10-25T11:14:00.269+0800","caller":"logger/logger.go:88","msg":"gRPC request completed","method":"/rpc.user.UserService/CodeLogin","duration":0.02530124}
{"level":"info","timestamp":"2025-10-25T11:14:05.073+0800","caller":"logger/logger.go:88","msg":"gRPC request started","method":"/rpc.user.UserService/Logout","request":"token:\"eyJhbGciOiJIUzI1NiIsInR5cCI6IkpXVCJ9.eyJ1c2VyX2lkIjoxMSwiaXNzIjoidmlzaW9uLXdvcmxkLXVzZXItc2VydmljZSIsImF1ZCI6WyJ2aXNpb24td29ybGQtYXBwIl0sImV4cCI6MTc2MTQ0ODQ0MCwibmJmIjoxNzYxMzYyMDQwLCJpYXQiOjE3NjEzNjIwNDB9.zThC_LBoeRlqE8H4t5K1hym3A7mM3FqdR1QFc5K3zRU\""}
{"level":"info","timestamp":"2025-10-25T11:14:05.074+0800","caller":"logger/logger.go:88","msg":"Logout called","token":"eyJhbGciOiJIUzI1NiIsInR5cCI6IkpXVCJ9.eyJ1c2VyX2lkIjoxMSwiaXNzIjoidmlzaW9uLXdvcmxkLXVzZXItc2VydmljZSIsImF1ZCI6WyJ2aXNpb24td29ybGQtYXBwIl0sImV4cCI6MTc2MTQ0ODQ0MCwibmJmIjoxNzYxMzYyMDQwLCJpYXQiOjE3NjEzNjIwNDB9.zThC_LBoeRlqE8H4t5K1hym3A7mM3FqdR1QFc5K3zRU"}
{"level":"info","timestamp":"2025-10-25T11:14:05.075+0800","caller":"logger/logger.go:88","msg":"Logout service called"}
{"level":"info","timestamp":"2025-10-25T11:14:05.078+0800","caller":"logger/logger.go:88","msg":"User logged out successfully","userID":11}
{"level":"info","timestamp":"2025-10-25T11:14:05.078+0800","caller":"logger/logger.go:88","msg":"gRPC request completed","method":"/rpc.user.UserService/Logout","duration":0.005022286}
{"level":"info","timestamp":"2025-10-25T11:48:04.307+0800","caller":"logger/logger.go:88","msg":"gRPC request started","method":"/rpc.user.UserService/SendSmsCode","request":"phone:\"13131313131\" sms_type:\"login\""}
{"level":"info","timestamp":"2025-10-25T11:48:04.309+0800","caller":"logger/logger.go:88","msg":"SendSmsCode called","phone":"13131313131"}
{"level":"info","timestamp":"2025-10-25T11:48:04.309+0800","caller":"logger/logger.go:88","msg":"SendSmsCode service called","phone":"13131313131"}
{"level":"info","timestamp":"2025-10-25T11:48:04.324+0800","caller":"logger/logger.go:88","msg":"SMS code sent successfully","phone":"13131313131"}
{"level":"info","timestamp":"2025-10-25T11:48:04.324+0800","caller":"logger/logger.go:88","msg":"gRPC request completed","method":"/rpc.user.UserService/SendSmsCode","duration":0.017136316}
{"level":"info","timestamp":"2025-10-25T11:48:19.730+0800","caller":"logger/logger.go:88","msg":"gRPC request started","method":"/rpc.user.UserService/CodeLogin","request":"phone:\"13131313131\" code:\"718376\" device_id:\"device_1761358416929_o74aq5up1\""}
{"level":"info","timestamp":"2025-10-25T11:48:19.734+0800","caller":"logger/logger.go:88","msg":"CodeLogin called","phone":"13131313131"}
{"level":"info","timestamp":"2025-10-25T11:48:19.734+0800","caller":"logger/logger.go:88","msg":"CodeLogin service called","phone":"13131313131"}
{"level":"info","timestamp":"2025-10-25T11:48:19.888+0800","caller":"logger/logger.go:88","msg":"gRPC request completed","method":"/rpc.user.UserService/CodeLogin","duration":0.157817735}
