{"level":"info","timestamp":"2025-10-12T21:38:31.235+0800","caller":"logger/logger.go:88","msg":"Starting user service","version":"1.0.0"}
{"level":"info","timestamp":"2025-10-12T21:38:31.307+0800","caller":"logger/logger.go:88","msg":"Database connected successfully"}
{"level":"info","timestamp":"2025-10-12T21:38:31.307+0800","caller":"logger/logger.go:88","msg":"Database models initialized successfully"}
{"level":"info","timestamp":"2025-10-12T21:38:31.307+0800","caller":"logger/logger.go:88","msg":"Redis connected successfully"}
{"level":"info","timestamp":"2025-10-12T21:38:31.377+0800","caller":"logger/logger.go:88","msg":"User service registered"}
{"level":"info","timestamp":"2025-10-12T21:38:31.377+0800","caller":"logger/logger.go:88","msg":"gRPC server starting","address":"0.0.0.0:50051"}
{"level":"info","timestamp":"2025-10-12T21:38:32.027+0800","caller":"logger/logger.go:88","msg":"Service registered to etcd","address":"0.0.0.0:50051"}
{"level":"info","timestamp":"2025-10-13T23:29:14.486+0800","caller":"logger/logger.go:88","msg":"Shutting down server..."}
{"level":"info","timestamp":"2025-10-13T23:29:14.496+0800","caller":"logger/logger.go:88","msg":"Server stopped gracefully"}
{"level":"info","timestamp":"2025-10-13T23:29:21.724+0800","caller":"logger/logger.go:88","msg":"Starting user service","version":"1.0.0"}
{"level":"info","timestamp":"2025-10-13T23:29:21.865+0800","caller":"logger/logger.go:88","msg":"Database connected successfully"}
{"level":"info","timestamp":"2025-10-13T23:29:21.865+0800","caller":"logger/logger.go:88","msg":"Database models initialized successfully"}
{"level":"info","timestamp":"2025-10-13T23:29:21.867+0800","caller":"logger/logger.go:88","msg":"Redis connected successfully"}
{"level":"info","timestamp":"2025-10-13T23:29:22.091+0800","caller":"logger/logger.go:88","msg":"User service registered"}
{"level":"info","timestamp":"2025-10-13T23:29:22.092+0800","caller":"logger/logger.go:88","msg":"gRPC server starting","address":"0.0.0.0:50051"}
{"level":"info","timestamp":"2025-10-13T23:29:22.367+0800","caller":"logger/logger.go:88","msg":"Service registered to etcd","address":"0.0.0.0:50051"}
{"level":"info","timestamp":"2025-10-18T15:39:45.653+0800","caller":"logger/logger.go:88","msg":"Starting user service","version":"1.0.0"}
{"level":"info","timestamp":"2025-10-18T15:39:45.848+0800","caller":"logger/logger.go:88","msg":"Database connected successfully"}
{"level":"info","timestamp":"2025-10-18T15:39:45.848+0800","caller":"logger/logger.go:88","msg":"Database models initialized successfully"}
{"level":"info","timestamp":"2025-10-18T15:39:45.848+0800","caller":"logger/logger.go:88","msg":"Redis connected successfully"}
{"level":"info","timestamp":"2025-10-18T15:39:45.862+0800","caller":"logger/logger.go:88","msg":"User service registered"}
{"level":"info","timestamp":"2025-10-18T15:39:45.863+0800","caller":"logger/logger.go:88","msg":"gRPC server starting","address":"0.0.0.0:50051"}
{"level":"info","timestamp":"2025-10-18T15:39:46.368+0800","caller":"logger/logger.go:88","msg":"Service registered to etcd","address":"0.0.0.0:50051"}
{"level":"info","timestamp":"2025-10-18T15:53:47.456+0800","caller":"logger/logger.go:88","msg":"gRPC request started","method":"/rpc.user.UserService/SendSmsCode","request":"phone:\"13131313131\" sms_type:\"login\""}
{"level":"info","timestamp":"2025-10-18T15:53:47.457+0800","caller":"logger/logger.go:88","msg":"SendSmsCode called","phone":"13131313131"}
{"level":"info","timestamp":"2025-10-18T15:53:47.457+0800","caller":"logger/logger.go:88","msg":"SendSmsCode service called","phone":"13131313131"}
{"level":"info","timestamp":"2025-10-18T15:53:47.553+0800","caller":"logger/logger.go:88","msg":"SMS code sent successfully","phone":"13131313131"}
{"level":"info","timestamp":"2025-10-18T15:53:47.553+0800","caller":"logger/logger.go:88","msg":"gRPC request completed","method":"/rpc.user.UserService/SendSmsCode","duration":0.097632805}
{"level":"info","timestamp":"2025-10-18T16:20:35.747+0800","caller":"logger/logger.go:88","msg":"gRPC request started","method":"/rpc.user.UserService/SendSmsCode","request":"phone:\"13131313131\" sms_type:\"login\""}
{"level":"info","timestamp":"2025-10-18T16:20:35.750+0800","caller":"logger/logger.go:88","msg":"SendSmsCode called","phone":"13131313131"}
{"level":"info","timestamp":"2025-10-18T16:20:35.750+0800","caller":"logger/logger.go:88","msg":"SendSmsCode service called","phone":"13131313131"}
{"level":"info","timestamp":"2025-10-18T16:20:35.767+0800","caller":"logger/logger.go:88","msg":"SMS code sent successfully","phone":"13131313131"}
{"level":"info","timestamp":"2025-10-18T16:20:35.767+0800","caller":"logger/logger.go:88","msg":"gRPC request completed","method":"/rpc.user.UserService/SendSmsCode","duration":0.02015186}
{"level":"info","timestamp":"2025-10-18T16:21:02.148+0800","caller":"logger/logger.go:88","msg":"gRPC request started","method":"/rpc.user.UserService/CodeLogin","request":"phone:\"13131313131\" device_id:\"device_1759461455145_bgj4a5ira\""}
{"level":"info","timestamp":"2025-10-18T16:21:02.148+0800","caller":"logger/logger.go:88","msg":"CodeLogin called","phone":"13131313131"}
{"level":"info","timestamp":"2025-10-18T16:21:02.148+0800","caller":"logger/logger.go:88","msg":"CodeLogin service called","phone":"13131313131"}
{"level":"error","timestamp":"2025-10-18T16:21:02.149+0800","caller":"logger/logger.go:98","msg":"CodeLogin failed","error":"sms code validation failed: verification code cannot be empty","phone":"13131313131","stacktrace":"user_service/pkg/logger.(*zapLogger).Error\n\t/Users/kanyu/Desktop/project/kanyu_server/new_project/project/vision_world_back/service/user_service/pkg/logger/logger.go:98\nuser_service/internal/handler.(*UserServiceHandler).CodeLogin\n\t/Users/kanyu/Desktop/project/kanyu_server/new_project/project/vision_world_back/service/user_service/internal/handler/handler.go:96\nuser_service/proto/proto_gen._UserService_CodeLogin_Handler.func1\n\t/Users/kanyu/Desktop/project/kanyu_server/new_project/project/vision_world_back/service/user_service/proto/proto_gen/user_grpc.pb.go:254\nmain.main.unaryInterceptor.func8\n\t/Users/kanyu/Desktop/project/kanyu_server/new_project/project/vision_world_back/service/user_service/cmd/server/main.go:153\nuser_service/proto/proto_gen._UserService_CodeLogin_Handler\n\t/Users/kanyu/Desktop/project/kanyu_server/new_project/project/vision_world_back/service/user_service/proto/proto_gen/user_grpc.pb.go:256\ngoogle.golang.org/grpc.(*Server).processUnaryRPC\n\t/Users/kanyu/Desktop/goproject/pkg/mod/google.golang.org/grpc@v1.75.1/server.go:1431\ngoogle.golang.org/grpc.(*Server).handleStream\n\t/Users/kanyu/Desktop/goproject/pkg/mod/google.golang.org/grpc@v1.75.1/server.go:1842\ngoogle.golang.org/grpc.(*Server).serveStreams.func2.1\n\t/Users/kanyu/Desktop/goproject/pkg/mod/google.golang.org/grpc@v1.75.1/server.go:1061"}
{"level":"info","timestamp":"2025-10-18T16:21:02.150+0800","caller":"logger/logger.go:88","msg":"gRPC request completed","method":"/rpc.user.UserService/CodeLogin","duration":0.003317423}
{"level":"info","timestamp":"2025-10-18T16:26:17.788+0800","caller":"logger/logger.go:88","msg":"gRPC request started","method":"/rpc.user.UserService/SendSmsCode","request":"phone:\"13131313131\" sms_type:\"login\""}
{"level":"info","timestamp":"2025-10-18T16:26:17.790+0800","caller":"logger/logger.go:88","msg":"SendSmsCode called","phone":"13131313131"}
{"level":"info","timestamp":"2025-10-18T16:26:17.790+0800","caller":"logger/logger.go:88","msg":"SendSmsCode service called","phone":"13131313131"}
{"level":"info","timestamp":"2025-10-18T16:26:17.802+0800","caller":"logger/logger.go:88","msg":"SMS code sent successfully","phone":"13131313131"}
{"level":"info","timestamp":"2025-10-18T16:26:17.803+0800","caller":"logger/logger.go:88","msg":"gRPC request completed","method":"/rpc.user.UserService/SendSmsCode","duration":0.015020811}
{"level":"info","timestamp":"2025-10-18T16:26:35.449+0800","caller":"logger/logger.go:88","msg":"gRPC request started","method":"/rpc.user.UserService/CodeLogin","request":"phone:\"13131313131\" device_id:\"device_1759461455145_bgj4a5ira\""}
{"level":"info","timestamp":"2025-10-18T16:26:35.449+0800","caller":"logger/logger.go:88","msg":"CodeLogin called","phone":"13131313131"}
{"level":"info","timestamp":"2025-10-18T16:26:35.449+0800","caller":"logger/logger.go:88","msg":"CodeLogin service called","phone":"13131313131"}
{"level":"error","timestamp":"2025-10-18T16:26:35.449+0800","caller":"logger/logger.go:98","msg":"CodeLogin failed","error":"sms code validation failed: verification code cannot be empty","phone":"13131313131","stacktrace":"user_service/pkg/logger.(*zapLogger).Error\n\t/Users/kanyu/Desktop/project/kanyu_server/new_project/project/vision_world_back/service/user_service/pkg/logger/logger.go:98\nuser_service/internal/handler.(*UserServiceHandler).CodeLogin\n\t/Users/kanyu/Desktop/project/kanyu_server/new_project/project/vision_world_back/service/user_service/internal/handler/handler.go:96\nuser_service/proto/proto_gen._UserService_CodeLogin_Handler.func1\n\t/Users/kanyu/Desktop/project/kanyu_server/new_project/project/vision_world_back/service/user_service/proto/proto_gen/user_grpc.pb.go:254\nmain.main.unaryInterceptor.func8\n\t/Users/kanyu/Desktop/project/kanyu_server/new_project/project/vision_world_back/service/user_service/cmd/server/main.go:153\nuser_service/proto/proto_gen._UserService_CodeLogin_Handler\n\t/Users/kanyu/Desktop/project/kanyu_server/new_project/project/vision_world_back/service/user_service/proto/proto_gen/user_grpc.pb.go:256\ngoogle.golang.org/grpc.(*Server).processUnaryRPC\n\t/Users/kanyu/Desktop/goproject/pkg/mod/google.golang.org/grpc@v1.75.1/server.go:1431\ngoogle.golang.org/grpc.(*Server).handleStream\n\t/Users/kanyu/Desktop/goproject/pkg/mod/google.golang.org/grpc@v1.75.1/server.go:1842\ngoogle.golang.org/grpc.(*Server).serveStreams.func2.1\n\t/Users/kanyu/Desktop/goproject/pkg/mod/google.golang.org/grpc@v1.75.1/server.go:1061"}
{"level":"info","timestamp":"2025-10-18T16:26:35.449+0800","caller":"logger/logger.go:88","msg":"gRPC request completed","method":"/rpc.user.UserService/CodeLogin","duration":0.00026469}
{"level":"info","timestamp":"2025-10-18T16:29:51.647+0800","caller":"logger/logger.go:88","msg":"gRPC request started","method":"/rpc.user.UserService/SendSmsCode","request":"phone:\"13131313131\" sms_type:\"login\""}
{"level":"info","timestamp":"2025-10-18T16:29:51.648+0800","caller":"logger/logger.go:88","msg":"SendSmsCode called","phone":"13131313131"}
{"level":"info","timestamp":"2025-10-18T16:29:51.648+0800","caller":"logger/logger.go:88","msg":"SendSmsCode service called","phone":"13131313131"}
{"level":"info","timestamp":"2025-10-18T16:29:51.652+0800","caller":"logger/logger.go:88","msg":"SMS code sent successfully","phone":"13131313131"}
{"level":"info","timestamp":"2025-10-18T16:29:51.652+0800","caller":"logger/logger.go:88","msg":"gRPC request completed","method":"/rpc.user.UserService/SendSmsCode","duration":0.005042146}
{"level":"info","timestamp":"2025-10-18T16:30:04.934+0800","caller":"logger/logger.go:88","msg":"gRPC request started","method":"/rpc.user.UserService/CodeLogin","request":"phone:\"13131313131\" code:\"325128\" device_id:\"device_1759461455145_bgj4a5ira\""}
{"level":"info","timestamp":"2025-10-18T16:30:04.935+0800","caller":"logger/logger.go:88","msg":"CodeLogin called","phone":"13131313131"}
{"level":"info","timestamp":"2025-10-18T16:30:04.935+0800","caller":"logger/logger.go:88","msg":"CodeLogin service called","phone":"13131313131"}
{"level":"error","timestamp":"2025-10-18T16:30:05.225+0800","caller":"logger/logger.go:98","msg":"Failed to update user login info","error":"Error 1054 (42S22): Unknown column 'update_time' in 'field list'","stacktrace":"user_service/pkg/logger.(*zapLogger).Error\n\t/Users/kanyu/Desktop/project/kanyu_server/new_project/project/vision_world_back/service/user_service/pkg/logger/logger.go:98\nuser_service/internal/service.(*userService).CodeLogin\n\t/Users/kanyu/Desktop/project/kanyu_server/new_project/project/vision_world_back/service/user_service/internal/service/user_service.go:246\nuser_service/internal/handler.(*UserServiceHandler).CodeLogin\n\t/Users/kanyu/Desktop/project/kanyu_server/new_project/project/vision_world_back/service/user_service/internal/handler/handler.go:94\nuser_service/proto/proto_gen._UserService_CodeLogin_Handler.func1\n\t/Users/kanyu/Desktop/project/kanyu_server/new_project/project/vision_world_back/service/user_service/proto/proto_gen/user_grpc.pb.go:254\nmain.main.unaryInterceptor.func8\n\t/Users/kanyu/Desktop/project/kanyu_server/new_project/project/vision_world_back/service/user_service/cmd/server/main.go:153\nuser_service/proto/proto_gen._UserService_CodeLogin_Handler\n\t/Users/kanyu/Desktop/project/kanyu_server/new_project/project/vision_world_back/service/user_service/proto/proto_gen/user_grpc.pb.go:256\ngoogle.golang.org/grpc.(*Server).processUnaryRPC\n\t/Users/kanyu/Desktop/goproject/pkg/mod/google.golang.org/grpc@v1.75.1/server.go:1431\ngoogle.golang.org/grpc.(*Server).handleStream\n\t/Users/kanyu/Desktop/goproject/pkg/mod/google.golang.org/grpc@v1.75.1/server.go:1842\ngoogle.golang.org/grpc.(*Server).serveStreams.func2.1\n\t/Users/kanyu/Desktop/goproject/pkg/mod/google.golang.org/grpc@v1.75.1/server.go:1061"}
{"level":"info","timestamp":"2025-10-18T16:30:05.226+0800","caller":"logger/logger.go:88","msg":"gRPC request completed","method":"/rpc.user.UserService/CodeLogin","duration":0.291951097}
{"level":"info","timestamp":"2025-10-18T16:40:46.293+0800","caller":"logger/logger.go:88","msg":"Starting user service","version":"1.0.0"}
{"level":"info","timestamp":"2025-10-18T16:40:46.305+0800","caller":"logger/logger.go:88","msg":"Database connected successfully"}
{"level":"info","timestamp":"2025-10-18T16:40:46.305+0800","caller":"logger/logger.go:88","msg":"Database models initialized successfully"}
{"level":"info","timestamp":"2025-10-18T16:40:46.306+0800","caller":"logger/logger.go:88","msg":"Redis connected successfully"}
{"level":"info","timestamp":"2025-10-18T16:40:46.311+0800","caller":"logger/logger.go:88","msg":"User service registered"}
{"level":"info","timestamp":"2025-10-18T16:41:23.040+0800","caller":"logger/logger.go:88","msg":"gRPC request started","method":"/rpc.user.UserService/SendSmsCode","request":"phone:\"13131313131\" sms_type:\"login\""}
{"level":"info","timestamp":"2025-10-18T16:41:23.041+0800","caller":"logger/logger.go:88","msg":"SendSmsCode called","phone":"13131313131"}
{"level":"info","timestamp":"2025-10-18T16:41:23.041+0800","caller":"logger/logger.go:88","msg":"SendSmsCode service called","phone":"13131313131"}
{"level":"info","timestamp":"2025-10-18T16:41:23.051+0800","caller":"logger/logger.go:88","msg":"SMS code sent successfully","phone":"13131313131"}
{"level":"info","timestamp":"2025-10-18T16:41:23.051+0800","caller":"logger/logger.go:88","msg":"gRPC request completed","method":"/rpc.user.UserService/SendSmsCode","duration":0.011206058}
{"level":"info","timestamp":"2025-10-18T16:41:37.069+0800","caller":"logger/logger.go:88","msg":"gRPC request started","method":"/rpc.user.UserService/CodeLogin","request":"phone:\"13131313131\" code:\"126438\" device_id:\"device_1759461455145_bgj4a5ira\""}
{"level":"info","timestamp":"2025-10-18T16:41:37.069+0800","caller":"logger/logger.go:88","msg":"CodeLogin called","phone":"13131313131"}
{"level":"info","timestamp":"2025-10-18T16:41:37.069+0800","caller":"logger/logger.go:88","msg":"CodeLogin service called","phone":"13131313131"}
{"level":"error","timestamp":"2025-10-18T16:41:37.138+0800","caller":"logger/logger.go:98","msg":"Failed to update user login info","error":"Error 1054 (42S22): Unknown column 'update_time' in 'field list'","stacktrace":"user_service/pkg/logger.(*zapLogger).Error\n\t/Users/kanyu/Desktop/project/kanyu_server/new_project/project/vision_world_back/service/user_service/pkg/logger/logger.go:98\nuser_service/internal/service.(*userService).CodeLogin\n\t/Users/kanyu/Desktop/project/kanyu_server/new_project/project/vision_world_back/service/user_service/internal/service/user_service.go:246\nuser_service/internal/handler.(*UserServiceHandler).CodeLogin\n\t/Users/kanyu/Desktop/project/kanyu_server/new_project/project/vision_world_back/service/user_service/internal/handler/handler.go:94\nuser_service/proto/proto_gen._UserService_CodeLogin_Handler.func1\n\t/Users/kanyu/Desktop/project/kanyu_server/new_project/project/vision_world_back/service/user_service/proto/proto_gen/user_grpc.pb.go:254\nmain.main.unaryInterceptor.func8\n\t/Users/kanyu/Desktop/project/kanyu_server/new_project/project/vision_world_back/service/user_service/cmd/server/main.go:153\nuser_service/proto/proto_gen._UserService_CodeLogin_Handler\n\t/Users/kanyu/Desktop/project/kanyu_server/new_project/project/vision_world_back/service/user_service/proto/proto_gen/user_grpc.pb.go:256\ngoogle.golang.org/grpc.(*Server).processUnaryRPC\n\t/Users/kanyu/Desktop/goproject/pkg/mod/google.golang.org/grpc@v1.75.1/server.go:1431\ngoogle.golang.org/grpc.(*Server).handleStream\n\t/Users/kanyu/Desktop/goproject/pkg/mod/google.golang.org/grpc@v1.75.1/server.go:1842\ngoogle.golang.org/grpc.(*Server).serveStreams.func2.1\n\t/Users/kanyu/Desktop/goproject/pkg/mod/google.golang.org/grpc@v1.75.1/server.go:1061"}
{"level":"info","timestamp":"2025-10-18T16:41:37.140+0800","caller":"logger/logger.go:88","msg":"gRPC request completed","method":"/rpc.user.UserService/CodeLogin","duration":0.071090566}
{"level":"info","timestamp":"2025-10-18T16:48:01.767+0800","caller":"logger/logger.go:88","msg":"gRPC request started","method":"/rpc.user.UserService/SendSmsCode","request":"phone:\"13131313131\" sms_type:\"login\""}
{"level":"info","timestamp":"2025-10-18T16:48:01.776+0800","caller":"logger/logger.go:88","msg":"SendSmsCode called","phone":"13131313131"}
{"level":"info","timestamp":"2025-10-18T16:48:01.776+0800","caller":"logger/logger.go:88","msg":"SendSmsCode service called","phone":"13131313131"}
{"level":"info","timestamp":"2025-10-18T16:48:01.819+0800","caller":"logger/logger.go:88","msg":"SMS code sent successfully","phone":"13131313131"}
{"level":"info","timestamp":"2025-10-18T16:48:01.819+0800","caller":"logger/logger.go:88","msg":"gRPC request completed","method":"/rpc.user.UserService/SendSmsCode","duration":0.053141918}
{"level":"info","timestamp":"2025-10-18T16:48:10.669+0800","caller":"logger/logger.go:88","msg":"gRPC request started","method":"/rpc.user.UserService/CodeLogin","request":"phone:\"13131313131\" code:\"518690\" device_id:\"device_1759461455145_bgj4a5ira\""}
{"level":"info","timestamp":"2025-10-18T16:48:10.669+0800","caller":"logger/logger.go:88","msg":"CodeLogin called","phone":"13131313131"}
{"level":"info","timestamp":"2025-10-18T16:48:10.669+0800","caller":"logger/logger.go:88","msg":"CodeLogin service called","phone":"13131313131"}
{"level":"error","timestamp":"2025-10-18T16:48:10.685+0800","caller":"logger/logger.go:98","msg":"Failed to update user login info","error":"Error 1054 (42S22): Unknown column 'updated_at' in 'field list'","stacktrace":"user_service/pkg/logger.(*zapLogger).Error\n\t/Users/kanyu/Desktop/project/kanyu_server/new_project/project/vision_world_back/service/user_service/pkg/logger/logger.go:98\nuser_service/internal/service.(*userService).CodeLogin\n\t/Users/kanyu/Desktop/project/kanyu_server/new_project/project/vision_world_back/service/user_service/internal/service/user_service.go:246\nuser_service/internal/handler.(*UserServiceHandler).CodeLogin\n\t/Users/kanyu/Desktop/project/kanyu_server/new_project/project/vision_world_back/service/user_service/internal/handler/handler.go:94\nuser_service/proto/proto_gen._UserService_CodeLogin_Handler.func1\n\t/Users/kanyu/Desktop/project/kanyu_server/new_project/project/vision_world_back/service/user_service/proto/proto_gen/user_grpc.pb.go:254\nmain.main.unaryInterceptor.func8\n\t/Users/kanyu/Desktop/project/kanyu_server/new_project/project/vision_world_back/service/user_service/cmd/server/main.go:153\nuser_service/proto/proto_gen._UserService_CodeLogin_Handler\n\t/Users/kanyu/Desktop/project/kanyu_server/new_project/project/vision_world_back/service/user_service/proto/proto_gen/user_grpc.pb.go:256\ngoogle.golang.org/grpc.(*Server).processUnaryRPC\n\t/Users/kanyu/Desktop/goproject/pkg/mod/google.golang.org/grpc@v1.75.1/server.go:1431\ngoogle.golang.org/grpc.(*Server).handleStream\n\t/Users/kanyu/Desktop/goproject/pkg/mod/google.golang.org/grpc@v1.75.1/server.go:1842\ngoogle.golang.org/grpc.(*Server).serveStreams.func2.1\n\t/Users/kanyu/Desktop/goproject/pkg/mod/google.golang.org/grpc@v1.75.1/server.go:1061"}
{"level":"info","timestamp":"2025-10-18T16:48:10.686+0800","caller":"logger/logger.go:88","msg":"gRPC request completed","method":"/rpc.user.UserService/CodeLogin","duration":0.017002521}
{"level":"info","timestamp":"2025-10-18T16:48:49.418+0800","caller":"logger/logger.go:88","msg":"Starting user service","version":"1.0.0"}
{"level":"info","timestamp":"2025-10-18T16:48:49.429+0800","caller":"logger/logger.go:88","msg":"Database connected successfully"}
{"level":"info","timestamp":"2025-10-18T16:48:49.429+0800","caller":"logger/logger.go:88","msg":"Database models initialized successfully"}
{"level":"info","timestamp":"2025-10-18T16:48:49.429+0800","caller":"logger/logger.go:88","msg":"Redis connected successfully"}
{"level":"info","timestamp":"2025-10-18T16:48:49.445+0800","caller":"logger/logger.go:88","msg":"User service registered"}
{"level":"info","timestamp":"2025-10-18T16:49:03.097+0800","caller":"logger/logger.go:88","msg":"gRPC request started","method":"/rpc.user.UserService/SendSmsCode","request":"phone:\"13131313131\" sms_type:\"login\""}
{"level":"info","timestamp":"2025-10-18T16:49:03.097+0800","caller":"logger/logger.go:88","msg":"SendSmsCode called","phone":"13131313131"}
{"level":"info","timestamp":"2025-10-18T16:49:03.097+0800","caller":"logger/logger.go:88","msg":"SendSmsCode service called","phone":"13131313131"}
{"level":"info","timestamp":"2025-10-18T16:49:03.101+0800","caller":"logger/logger.go:88","msg":"SMS code sent successfully","phone":"13131313131"}
{"level":"info","timestamp":"2025-10-18T16:49:03.101+0800","caller":"logger/logger.go:88","msg":"gRPC request completed","method":"/rpc.user.UserService/SendSmsCode","duration":0.004252044}
{"level":"info","timestamp":"2025-10-18T16:49:12.529+0800","caller":"logger/logger.go:88","msg":"gRPC request started","method":"/rpc.user.UserService/CodeLogin","request":"phone:\"13131313131\" code:\"698600\" device_id:\"device_1759461455145_bgj4a5ira\""}
{"level":"info","timestamp":"2025-10-18T16:49:12.529+0800","caller":"logger/logger.go:88","msg":"CodeLogin called","phone":"13131313131"}
{"level":"info","timestamp":"2025-10-18T16:49:12.529+0800","caller":"logger/logger.go:88","msg":"CodeLogin service called","phone":"13131313131"}
{"level":"error","timestamp":"2025-10-18T16:49:12.537+0800","caller":"logger/logger.go:98","msg":"Failed to update user login info","error":"Error 1054 (42S22): Unknown column 'updated_at' in 'field list'","stacktrace":"user_service/pkg/logger.(*zapLogger).Error\n\t/Users/kanyu/Desktop/project/kanyu_server/new_project/project/vision_world_back/service/user_service/pkg/logger/logger.go:98\nuser_service/internal/service.(*userService).CodeLogin\n\t/Users/kanyu/Desktop/project/kanyu_server/new_project/project/vision_world_back/service/user_service/internal/service/user_service.go:246\nuser_service/internal/handler.(*UserServiceHandler).CodeLogin\n\t/Users/kanyu/Desktop/project/kanyu_server/new_project/project/vision_world_back/service/user_service/internal/handler/handler.go:94\nuser_service/proto/proto_gen._UserService_CodeLogin_Handler.func1\n\t/Users/kanyu/Desktop/project/kanyu_server/new_project/project/vision_world_back/service/user_service/proto/proto_gen/user_grpc.pb.go:254\nmain.main.unaryInterceptor.func8\n\t/Users/kanyu/Desktop/project/kanyu_server/new_project/project/vision_world_back/service/user_service/cmd/server/main.go:153\nuser_service/proto/proto_gen._UserService_CodeLogin_Handler\n\t/Users/kanyu/Desktop/project/kanyu_server/new_project/project/vision_world_back/service/user_service/proto/proto_gen/user_grpc.pb.go:256\ngoogle.golang.org/grpc.(*Server).processUnaryRPC\n\t/Users/kanyu/Desktop/goproject/pkg/mod/google.golang.org/grpc@v1.75.1/server.go:1431\ngoogle.golang.org/grpc.(*Server).handleStream\n\t/Users/kanyu/Desktop/goproject/pkg/mod/google.golang.org/grpc@v1.75.1/server.go:1842\ngoogle.golang.org/grpc.(*Server).serveStreams.func2.1\n\t/Users/kanyu/Desktop/goproject/pkg/mod/google.golang.org/grpc@v1.75.1/server.go:1061"}
{"level":"info","timestamp":"2025-10-18T16:49:12.538+0800","caller":"logger/logger.go:88","msg":"gRPC request completed","method":"/rpc.user.UserService/CodeLogin","duration":0.00981165}
{"level":"info","timestamp":"2025-10-18T16:52:10.245+0800","caller":"logger/logger.go:88","msg":"Starting user service","version":"1.0.0"}
{"level":"info","timestamp":"2025-10-18T16:52:10.255+0800","caller":"logger/logger.go:88","msg":"Database connected successfully"}
{"level":"info","timestamp":"2025-10-18T16:52:10.255+0800","caller":"logger/logger.go:88","msg":"Database models initialized successfully"}
{"level":"info","timestamp":"2025-10-18T16:52:10.256+0800","caller":"logger/logger.go:88","msg":"Redis connected successfully"}
{"level":"info","timestamp":"2025-10-18T16:52:10.272+0800","caller":"logger/logger.go:88","msg":"User service registered"}
{"level":"info","timestamp":"2025-10-18T16:52:56.039+0800","caller":"logger/logger.go:88","msg":"Starting user service","version":"1.0.0"}
{"level":"info","timestamp":"2025-10-18T16:52:56.050+0800","caller":"logger/logger.go:88","msg":"Database connected successfully"}
{"level":"info","timestamp":"2025-10-18T16:52:56.050+0800","caller":"logger/logger.go:88","msg":"Database models initialized successfully"}
{"level":"info","timestamp":"2025-10-18T16:52:56.050+0800","caller":"logger/logger.go:88","msg":"Redis connected successfully"}
{"level":"info","timestamp":"2025-10-18T16:52:56.070+0800","caller":"logger/logger.go:88","msg":"User service registered"}
{"level":"info","timestamp":"2025-10-18T16:53:00.130+0800","caller":"logger/logger.go:88","msg":"Starting user service","version":"1.0.0"}
{"level":"info","timestamp":"2025-10-18T16:53:00.139+0800","caller":"logger/logger.go:88","msg":"Database connected successfully"}
{"level":"info","timestamp":"2025-10-18T16:53:00.139+0800","caller":"logger/logger.go:88","msg":"Database models initialized successfully"}
{"level":"info","timestamp":"2025-10-18T16:53:00.139+0800","caller":"logger/logger.go:88","msg":"Redis connected successfully"}
{"level":"info","timestamp":"2025-10-18T16:53:00.144+0800","caller":"logger/logger.go:88","msg":"User service registered"}
{"level":"info","timestamp":"2025-10-18T16:53:15.659+0800","caller":"logger/logger.go:88","msg":"gRPC request started","method":"/rpc.user.UserService/SendSmsCode","request":"phone:\"13131313131\" sms_type:\"login\""}
{"level":"info","timestamp":"2025-10-18T16:53:15.659+0800","caller":"logger/logger.go:88","msg":"SendSmsCode called","phone":"13131313131"}
{"level":"info","timestamp":"2025-10-18T16:53:15.659+0800","caller":"logger/logger.go:88","msg":"SendSmsCode service called","phone":"13131313131"}
{"level":"info","timestamp":"2025-10-18T16:53:15.662+0800","caller":"logger/logger.go:88","msg":"SMS code sent successfully","phone":"13131313131"}
{"level":"info","timestamp":"2025-10-18T16:53:15.662+0800","caller":"logger/logger.go:88","msg":"gRPC request completed","method":"/rpc.user.UserService/SendSmsCode","duration":0.002843571}
{"level":"info","timestamp":"2025-10-18T16:53:23.007+0800","caller":"logger/logger.go:88","msg":"gRPC request started","method":"/rpc.user.UserService/CodeLogin","request":"phone:\"13131313131\" code:\"279425\" device_id:\"device_1759461455145_bgj4a5ira\""}
{"level":"info","timestamp":"2025-10-18T16:53:23.007+0800","caller":"logger/logger.go:88","msg":"CodeLogin called","phone":"13131313131"}
{"level":"info","timestamp":"2025-10-18T16:53:23.007+0800","caller":"logger/logger.go:88","msg":"CodeLogin service called","phone":"13131313131"}
{"level":"error","timestamp":"2025-10-18T16:53:23.017+0800","caller":"logger/logger.go:98","msg":"Failed to update user login info","error":"Error 1054 (42S22): Unknown column 'update_time' in 'field list'","stacktrace":"user_service/pkg/logger.(*zapLogger).Error\n\t/Users/kanyu/Desktop/project/kanyu_server/new_project/project/vision_world_back/service/user_service/pkg/logger/logger.go:98\nuser_service/internal/service.(*userService).CodeLogin\n\t/Users/kanyu/Desktop/project/kanyu_server/new_project/project/vision_world_back/service/user_service/internal/service/user_service.go:246\nuser_service/internal/handler.(*UserServiceHandler).CodeLogin\n\t/Users/kanyu/Desktop/project/kanyu_server/new_project/project/vision_world_back/service/user_service/internal/handler/handler.go:94\nuser_service/proto/proto_gen._UserService_CodeLogin_Handler.func1\n\t/Users/kanyu/Desktop/project/kanyu_server/new_project/project/vision_world_back/service/user_service/proto/proto_gen/user_grpc.pb.go:254\nmain.main.unaryInterceptor.func8\n\t/Users/kanyu/Desktop/project/kanyu_server/new_project/project/vision_world_back/service/user_service/cmd/server/main.go:153\nuser_service/proto/proto_gen._UserService_CodeLogin_Handler\n\t/Users/kanyu/Desktop/project/kanyu_server/new_project/project/vision_world_back/service/user_service/proto/proto_gen/user_grpc.pb.go:256\ngoogle.golang.org/grpc.(*Server).processUnaryRPC\n\t/Users/kanyu/Desktop/goproject/pkg/mod/google.golang.org/grpc@v1.75.1/server.go:1431\ngoogle.golang.org/grpc.(*Server).handleStream\n\t/Users/kanyu/Desktop/goproject/pkg/mod/google.golang.org/grpc@v1.75.1/server.go:1842\ngoogle.golang.org/grpc.(*Server).serveStreams.func2.1\n\t/Users/kanyu/Desktop/goproject/pkg/mod/google.golang.org/grpc@v1.75.1/server.go:1061"}
{"level":"info","timestamp":"2025-10-18T16:53:23.019+0800","caller":"logger/logger.go:88","msg":"gRPC request completed","method":"/rpc.user.UserService/CodeLogin","duration":0.011737337}
{"level":"info","timestamp":"2025-10-18T16:54:41.477+0800","caller":"logger/logger.go:88","msg":"Starting user service","version":"1.0.0"}
{"level":"info","timestamp":"2025-10-18T16:54:41.493+0800","caller":"logger/logger.go:88","msg":"Database connected successfully"}
{"level":"info","timestamp":"2025-10-18T16:54:41.493+0800","caller":"logger/logger.go:88","msg":"Database models initialized successfully"}
{"level":"info","timestamp":"2025-10-18T16:54:41.494+0800","caller":"logger/logger.go:88","msg":"Redis connected successfully"}
{"level":"info","timestamp":"2025-10-18T16:54:41.522+0800","caller":"logger/logger.go:88","msg":"User service registered"}
{"level":"info","timestamp":"2025-10-18T16:55:28.774+0800","caller":"logger/logger.go:88","msg":"Starting user service","version":"1.0.0"}
{"level":"info","timestamp":"2025-10-18T16:55:28.785+0800","caller":"logger/logger.go:88","msg":"Database connected successfully"}
{"level":"info","timestamp":"2025-10-18T16:55:28.785+0800","caller":"logger/logger.go:88","msg":"Database models initialized successfully"}
{"level":"info","timestamp":"2025-10-18T16:55:28.786+0800","caller":"logger/logger.go:88","msg":"Redis connected successfully"}
{"level":"info","timestamp":"2025-10-18T16:55:28.798+0800","caller":"logger/logger.go:88","msg":"User service registered"}
{"level":"info","timestamp":"2025-10-18T16:55:28.798+0800","caller":"logger/logger.go:88","msg":"gRPC server starting","address":"0.0.0.0:50051"}
{"level":"info","timestamp":"2025-10-18T16:55:28.938+0800","caller":"logger/logger.go:88","msg":"Service registered to etcd","address":"0.0.0.0:50051"}
{"level":"info","timestamp":"2025-10-18T16:55:47.843+0800","caller":"logger/logger.go:88","msg":"gRPC request started","method":"/rpc.user.UserService/SendSmsCode","request":"phone:\"13131313131\" sms_type:\"login\""}
{"level":"info","timestamp":"2025-10-18T16:55:47.843+0800","caller":"logger/logger.go:88","msg":"SendSmsCode called","phone":"13131313131"}
{"level":"info","timestamp":"2025-10-18T16:55:47.843+0800","caller":"logger/logger.go:88","msg":"SendSmsCode service called","phone":"13131313131"}
{"level":"info","timestamp":"2025-10-18T16:55:47.849+0800","caller":"logger/logger.go:88","msg":"SMS code sent successfully","phone":"13131313131"}
{"level":"info","timestamp":"2025-10-18T16:55:47.849+0800","caller":"logger/logger.go:88","msg":"gRPC request completed","method":"/rpc.user.UserService/SendSmsCode","duration":0.006299628}
{"level":"info","timestamp":"2025-10-18T16:55:56.259+0800","caller":"logger/logger.go:88","msg":"gRPC request started","method":"/rpc.user.UserService/CodeLogin","request":"phone:\"13131313131\" code:\"098256\" device_id:\"device_1759461455145_bgj4a5ira\""}
{"level":"info","timestamp":"2025-10-18T16:55:56.259+0800","caller":"logger/logger.go:88","msg":"CodeLogin called","phone":"13131313131"}
{"level":"info","timestamp":"2025-10-18T16:55:56.259+0800","caller":"logger/logger.go:88","msg":"CodeLogin service called","phone":"13131313131"}
{"level":"info","timestamp":"2025-10-18T16:55:56.278+0800","caller":"logger/logger.go:88","msg":"gRPC request completed","method":"/rpc.user.UserService/CodeLogin","duration":0.018787273}
{"level":"info","timestamp":"2025-10-18T19:12:14.630+0800","caller":"logger/logger.go:88","msg":"gRPC request started","method":"/rpc.user.UserService/SendSmsCode","request":"phone:\"13131313131\" sms_type:\"login\""}
{"level":"info","timestamp":"2025-10-18T19:12:14.635+0800","caller":"logger/logger.go:88","msg":"SendSmsCode called","phone":"13131313131"}
{"level":"info","timestamp":"2025-10-18T19:12:14.635+0800","caller":"logger/logger.go:88","msg":"SendSmsCode service called","phone":"13131313131"}
{"level":"info","timestamp":"2025-10-18T19:12:14.664+0800","caller":"logger/logger.go:88","msg":"SMS code sent successfully","phone":"13131313131"}
{"level":"info","timestamp":"2025-10-18T19:12:14.664+0800","caller":"logger/logger.go:88","msg":"gRPC request completed","method":"/rpc.user.UserService/SendSmsCode","duration":0.033781791}
{"level":"info","timestamp":"2025-10-18T19:12:28.887+0800","caller":"logger/logger.go:88","msg":"gRPC request started","method":"/rpc.user.UserService/CodeLogin","request":"phone:\"13131313131\" code:\"394397\" device_id:\"device_1759461455145_bgj4a5ira\""}
{"level":"info","timestamp":"2025-10-18T19:12:28.887+0800","caller":"logger/logger.go:88","msg":"CodeLogin called","phone":"13131313131"}
{"level":"info","timestamp":"2025-10-18T19:12:28.887+0800","caller":"logger/logger.go:88","msg":"CodeLogin service called","phone":"13131313131"}
{"level":"info","timestamp":"2025-10-18T19:12:29.001+0800","caller":"logger/logger.go:88","msg":"gRPC request completed","method":"/rpc.user.UserService/CodeLogin","duration":0.114073969}
{"level":"info","timestamp":"2025-10-18T20:34:07.018+0800","caller":"logger/logger.go:88","msg":"gRPC request started","method":"/rpc.user.UserService/SendSmsCode","request":"phone:\"13131313131\" sms_type:\"login\""}
{"level":"info","timestamp":"2025-10-18T20:34:07.021+0800","caller":"logger/logger.go:88","msg":"SendSmsCode called","phone":"13131313131"}
{"level":"info","timestamp":"2025-10-18T20:34:07.021+0800","caller":"logger/logger.go:88","msg":"SendSmsCode service called","phone":"13131313131"}
{"level":"info","timestamp":"2025-10-18T20:34:07.032+0800","caller":"logger/logger.go:88","msg":"SMS code sent successfully","phone":"13131313131"}
{"level":"info","timestamp":"2025-10-18T20:34:07.033+0800","caller":"logger/logger.go:88","msg":"gRPC request completed","method":"/rpc.user.UserService/SendSmsCode","duration":0.014628391}
{"level":"info","timestamp":"2025-10-18T20:34:40.361+0800","caller":"logger/logger.go:88","msg":"gRPC request started","method":"/rpc.user.UserService/CodeLogin","request":"phone:\"13131313131\" code:\"038188\" device_id:\"device_1759461455145_bgj4a5ira\""}
{"level":"info","timestamp":"2025-10-18T20:34:40.365+0800","caller":"logger/logger.go:88","msg":"CodeLogin called","phone":"13131313131"}
{"level":"info","timestamp":"2025-10-18T20:34:40.365+0800","caller":"logger/logger.go:88","msg":"CodeLogin service called","phone":"13131313131"}
{"level":"info","timestamp":"2025-10-18T20:34:40.498+0800","caller":"logger/logger.go:88","msg":"gRPC request completed","method":"/rpc.user.UserService/CodeLogin","duration":0.137124922}
{"level":"info","timestamp":"2025-10-18T20:35:35.762+0800","caller":"logger/logger.go:88","msg":"gRPC request started","method":"/rpc.user.UserService/SendSmsCode","request":"phone:\"13131313131\" sms_type:\"login\""}
{"level":"info","timestamp":"2025-10-18T20:35:35.763+0800","caller":"logger/logger.go:88","msg":"SendSmsCode called","phone":"13131313131"}
{"level":"info","timestamp":"2025-10-18T20:35:35.764+0800","caller":"logger/logger.go:88","msg":"SendSmsCode service called","phone":"13131313131"}
{"level":"info","timestamp":"2025-10-18T20:35:35.768+0800","caller":"logger/logger.go:88","msg":"SMS code sent successfully","phone":"13131313131"}
{"level":"info","timestamp":"2025-10-18T20:35:35.768+0800","caller":"logger/logger.go:88","msg":"gRPC request completed","method":"/rpc.user.UserService/SendSmsCode","duration":0.006112106}
{"level":"info","timestamp":"2025-10-18T20:35:44.546+0800","caller":"logger/logger.go:88","msg":"gRPC request started","method":"/rpc.user.UserService/CodeLogin","request":"phone:\"13131313131\" code:\"167352\" device_id:\"device_1759461455145_bgj4a5ira\""}
{"level":"info","timestamp":"2025-10-18T20:35:44.546+0800","caller":"logger/logger.go:88","msg":"CodeLogin called","phone":"13131313131"}
{"level":"info","timestamp":"2025-10-18T20:35:44.547+0800","caller":"logger/logger.go:88","msg":"CodeLogin service called","phone":"13131313131"}
{"level":"info","timestamp":"2025-10-18T20:35:44.584+0800","caller":"logger/logger.go:88","msg":"gRPC request completed","method":"/rpc.user.UserService/CodeLogin","duration":0.037581538}
{"level":"info","timestamp":"2025-10-18T20:37:26.634+0800","caller":"logger/logger.go:88","msg":"Shutting down server..."}
{"level":"info","timestamp":"2025-10-18T20:37:26.638+0800","caller":"logger/logger.go:88","msg":"Server stopped gracefully"}
{"level":"info","timestamp":"2025-10-18T20:37:32.272+0800","caller":"logger/logger.go:88","msg":"Starting user service","version":"1.0.0"}
{"level":"info","timestamp":"2025-10-18T20:37:32.287+0800","caller":"logger/logger.go:88","msg":"Database connected successfully"}
{"level":"info","timestamp":"2025-10-18T20:37:32.287+0800","caller":"logger/logger.go:88","msg":"Database models initialized successfully"}
{"level":"info","timestamp":"2025-10-18T20:37:32.287+0800","caller":"logger/logger.go:88","msg":"Redis connected successfully"}
{"level":"info","timestamp":"2025-10-18T20:37:32.295+0800","caller":"logger/logger.go:88","msg":"User service registered"}
{"level":"info","timestamp":"2025-10-18T20:37:32.295+0800","caller":"logger/logger.go:88","msg":"gRPC server starting","address":"0.0.0.0:50051"}
{"level":"info","timestamp":"2025-10-18T20:37:32.479+0800","caller":"logger/logger.go:88","msg":"Service registered to etcd","address":"0.0.0.0:50051"}
{"level":"info","timestamp":"2025-10-18T20:37:46.256+0800","caller":"logger/logger.go:88","msg":"gRPC request started","method":"/rpc.user.UserService/SendSmsCode","request":"phone:\"13131313131\" sms_type:\"login\""}
{"level":"info","timestamp":"2025-10-18T20:37:46.256+0800","caller":"logger/logger.go:88","msg":"SendSmsCode called","phone":"13131313131"}
{"level":"info","timestamp":"2025-10-18T20:37:46.256+0800","caller":"logger/logger.go:88","msg":"SendSmsCode service called","phone":"13131313131"}
{"level":"info","timestamp":"2025-10-18T20:37:46.263+0800","caller":"logger/logger.go:88","msg":"SMS code sent successfully","phone":"13131313131"}
{"level":"info","timestamp":"2025-10-18T20:37:46.263+0800","caller":"logger/logger.go:88","msg":"gRPC request completed","method":"/rpc.user.UserService/SendSmsCode","duration":0.007103247}
{"level":"info","timestamp":"2025-10-18T20:38:00.547+0800","caller":"logger/logger.go:88","msg":"gRPC request started","method":"/rpc.user.UserService/CodeLogin","request":"phone:\"13131313131\" code:\"122925\" device_id:\"device_1759461455145_bgj4a5ira\""}
{"level":"info","timestamp":"2025-10-18T20:38:00.547+0800","caller":"logger/logger.go:88","msg":"CodeLogin called","phone":"13131313131"}
{"level":"info","timestamp":"2025-10-18T20:38:00.547+0800","caller":"logger/logger.go:88","msg":"CodeLogin service called","phone":"13131313131"}
{"level":"info","timestamp":"2025-10-18T20:38:00.603+0800","caller":"logger/logger.go:88","msg":"gRPC request completed","method":"/rpc.user.UserService/CodeLogin","duration":0.056597583}
{"level":"info","timestamp":"2025-10-18T20:50:52.182+0800","caller":"logger/logger.go:88","msg":"Shutting down server..."}
{"level":"info","timestamp":"2025-10-18T20:50:52.184+0800","caller":"logger/logger.go:88","msg":"Server stopped gracefully"}
{"level":"info","timestamp":"2025-10-18T20:51:05.365+0800","caller":"logger/logger.go:88","msg":"Starting user service","version":"1.0.0"}
{"level":"info","timestamp":"2025-10-18T20:51:05.401+0800","caller":"logger/logger.go:88","msg":"Database connected successfully"}
{"level":"info","timestamp":"2025-10-18T20:51:05.401+0800","caller":"logger/logger.go:88","msg":"Database models initialized successfully"}
{"level":"info","timestamp":"2025-10-18T20:51:05.402+0800","caller":"logger/logger.go:88","msg":"Redis connected successfully"}
{"level":"info","timestamp":"2025-10-18T20:51:05.429+0800","caller":"logger/logger.go:88","msg":"User service registered"}
{"level":"info","timestamp":"2025-10-18T20:51:05.429+0800","caller":"logger/logger.go:88","msg":"gRPC server starting","address":"0.0.0.0:50051"}
{"level":"info","timestamp":"2025-10-18T20:51:05.491+0800","caller":"logger/logger.go:88","msg":"Service registered to etcd","address":"0.0.0.0:50051"}
{"level":"info","timestamp":"2025-10-18T21:03:51.919+0800","caller":"logger/logger.go:88","msg":"gRPC request started","method":"/rpc.user.UserService/SendSmsCode","request":"phone:\"13131313131\" sms_type:\"login\""}
{"level":"info","timestamp":"2025-10-18T21:03:51.920+0800","caller":"logger/logger.go:88","msg":"SendSmsCode called","phone":"13131313131"}
{"level":"info","timestamp":"2025-10-18T21:03:51.920+0800","caller":"logger/logger.go:88","msg":"SendSmsCode service called","phone":"13131313131"}
{"level":"info","timestamp":"2025-10-18T21:03:51.927+0800","caller":"logger/logger.go:88","msg":"SMS code sent successfully","phone":"13131313131"}
{"level":"info","timestamp":"2025-10-18T21:03:51.927+0800","caller":"logger/logger.go:88","msg":"gRPC request completed","method":"/rpc.user.UserService/SendSmsCode","duration":0.008096364}
{"level":"info","timestamp":"2025-10-18T21:05:50.299+0800","caller":"logger/logger.go:88","msg":"gRPC request started","method":"/rpc.user.UserService/SendSmsCode","request":"phone:\"13131313131\" sms_type:\"login\""}
{"level":"info","timestamp":"2025-10-18T21:05:50.300+0800","caller":"logger/logger.go:88","msg":"SendSmsCode called","phone":"13131313131"}
{"level":"info","timestamp":"2025-10-18T21:05:50.300+0800","caller":"logger/logger.go:88","msg":"SendSmsCode service called","phone":"13131313131"}
{"level":"info","timestamp":"2025-10-18T21:05:50.306+0800","caller":"logger/logger.go:88","msg":"SMS code sent successfully","phone":"13131313131"}
{"level":"info","timestamp":"2025-10-18T21:05:50.306+0800","caller":"logger/logger.go:88","msg":"gRPC request completed","method":"/rpc.user.UserService/SendSmsCode","duration":0.006368086}
{"level":"info","timestamp":"2025-10-18T21:06:05.336+0800","caller":"logger/logger.go:88","msg":"gRPC request started","method":"/rpc.user.UserService/CodeLogin","request":"phone:\"13131313131\" code:\"997360\" device_id:\"device_1759461455145_bgj4a5ira\""}
{"level":"info","timestamp":"2025-10-18T21:06:05.336+0800","caller":"logger/logger.go:88","msg":"CodeLogin called","phone":"13131313131"}
{"level":"info","timestamp":"2025-10-18T21:06:05.336+0800","caller":"logger/logger.go:88","msg":"CodeLogin service called","phone":"13131313131"}
{"level":"info","timestamp":"2025-10-18T21:06:05.421+0800","caller":"logger/logger.go:88","msg":"gRPC request completed","method":"/rpc.user.UserService/CodeLogin","duration":0.085440023}
{"level":"info","timestamp":"2025-10-18T21:27:07.988+0800","caller":"logger/logger.go:88","msg":"gRPC request started","method":"/rpc.user.UserService/SendSmsCode","request":"phone:\"13131313131\" sms_type:\"login\""}
{"level":"info","timestamp":"2025-10-18T21:27:07.988+0800","caller":"logger/logger.go:88","msg":"SendSmsCode called","phone":"13131313131"}
{"level":"info","timestamp":"2025-10-18T21:27:07.989+0800","caller":"logger/logger.go:88","msg":"SendSmsCode service called","phone":"13131313131"}
{"level":"info","timestamp":"2025-10-18T21:27:08.000+0800","caller":"logger/logger.go:88","msg":"SMS code sent successfully","phone":"13131313131"}
{"level":"info","timestamp":"2025-10-18T21:27:08.000+0800","caller":"logger/logger.go:88","msg":"gRPC request completed","method":"/rpc.user.UserService/SendSmsCode","duration":0.012377379}
{"level":"info","timestamp":"2025-10-18T21:27:10.151+0800","caller":"logger/logger.go:88","msg":"gRPC request started","method":"/rpc.user.UserService/SendSmsCode","request":"phone:\"13131313131\" sms_type:\"login\""}
{"level":"info","timestamp":"2025-10-18T21:27:10.152+0800","caller":"logger/logger.go:88","msg":"SendSmsCode called","phone":"13131313131"}
{"level":"info","timestamp":"2025-10-18T21:27:10.153+0800","caller":"logger/logger.go:88","msg":"SendSmsCode service called","phone":"13131313131"}
{"level":"warn","timestamp":"2025-10-18T21:27:10.154+0800","caller":"logger/logger.go:93","msg":"SMS send rate limit exceeded","phone":"13131313131"}
{"level":"error","timestamp":"2025-10-18T21:27:10.154+0800","caller":"logger/logger.go:98","msg":"SendSmsCode failed","error":"发送过于频繁，请稍后再试","phone":"13131313131","stacktrace":"user_service/pkg/logger.(*zapLogger).Error\n\t/Users/kanyu/Desktop/project/kanyu_server/new_project/project/vision_world_back/service/user_service/pkg/logger/logger.go:98\nuser_service/internal/handler.(*UserServiceHandler).SendSmsCode\n\t/Users/kanyu/Desktop/project/kanyu_server/new_project/project/vision_world_back/service/user_service/internal/handler/handler.go:117\nuser_service/proto/proto_gen._UserService_SendSmsCode_Handler.func1\n\t/Users/kanyu/Desktop/project/kanyu_server/new_project/project/vision_world_back/service/user_service/proto/proto_gen/user_grpc.pb.go:267\nmain.main.unaryInterceptor.func8\n\t/Users/kanyu/Desktop/project/kanyu_server/new_project/project/vision_world_back/service/user_service/cmd/server/main.go:153\nuser_service/proto/proto_gen._UserService_SendSmsCode_Handler\n\t/Users/kanyu/Desktop/project/kanyu_server/new_project/project/vision_world_back/service/user_service/proto/proto_gen/user_grpc.pb.go:269\ngoogle.golang.org/grpc.(*Server).processUnaryRPC\n\t/Users/kanyu/Desktop/goproject/pkg/mod/google.golang.org/grpc@v1.75.1/server.go:1431\ngoogle.golang.org/grpc.(*Server).handleStream\n\t/Users/kanyu/Desktop/goproject/pkg/mod/google.golang.org/grpc@v1.75.1/server.go:1842\ngoogle.golang.org/grpc.(*Server).serveStreams.func2.1\n\t/Users/kanyu/Desktop/goproject/pkg/mod/google.golang.org/grpc@v1.75.1/server.go:1061"}
{"level":"info","timestamp":"2025-10-18T21:27:10.157+0800","caller":"logger/logger.go:88","msg":"gRPC request completed","method":"/rpc.user.UserService/SendSmsCode","duration":0.005248809}
{"level":"info","timestamp":"2025-10-18T21:27:11.908+0800","caller":"logger/logger.go:88","msg":"gRPC request started","method":"/rpc.user.UserService/SendSmsCode","request":"phone:\"13131313131\" sms_type:\"login\""}
{"level":"info","timestamp":"2025-10-18T21:27:11.908+0800","caller":"logger/logger.go:88","msg":"SendSmsCode called","phone":"13131313131"}
{"level":"info","timestamp":"2025-10-18T21:27:11.908+0800","caller":"logger/logger.go:88","msg":"SendSmsCode service called","phone":"13131313131"}
{"level":"warn","timestamp":"2025-10-18T21:27:11.911+0800","caller":"logger/logger.go:93","msg":"SMS send rate limit exceeded","phone":"13131313131"}
{"level":"error","timestamp":"2025-10-18T21:27:11.911+0800","caller":"logger/logger.go:98","msg":"SendSmsCode failed","error":"发送过于频繁，请稍后再试","phone":"13131313131","stacktrace":"user_service/pkg/logger.(*zapLogger).Error\n\t/Users/kanyu/Desktop/project/kanyu_server/new_project/project/vision_world_back/service/user_service/pkg/logger/logger.go:98\nuser_service/internal/handler.(*UserServiceHandler).SendSmsCode\n\t/Users/kanyu/Desktop/project/kanyu_server/new_project/project/vision_world_back/service/user_service/internal/handler/handler.go:117\nuser_service/proto/proto_gen._UserService_SendSmsCode_Handler.func1\n\t/Users/kanyu/Desktop/project/kanyu_server/new_project/project/vision_world_back/service/user_service/proto/proto_gen/user_grpc.pb.go:267\nmain.main.unaryInterceptor.func8\n\t/Users/kanyu/Desktop/project/kanyu_server/new_project/project/vision_world_back/service/user_service/cmd/server/main.go:153\nuser_service/proto/proto_gen._UserService_SendSmsCode_Handler\n\t/Users/kanyu/Desktop/project/kanyu_server/new_project/project/vision_world_back/service/user_service/proto/proto_gen/user_grpc.pb.go:269\ngoogle.golang.org/grpc.(*Server).processUnaryRPC\n\t/Users/kanyu/Desktop/goproject/pkg/mod/google.golang.org/grpc@v1.75.1/server.go:1431\ngoogle.golang.org/grpc.(*Server).handleStream\n\t/Users/kanyu/Desktop/goproject/pkg/mod/google.golang.org/grpc@v1.75.1/server.go:1842\ngoogle.golang.org/grpc.(*Server).serveStreams.func2.1\n\t/Users/kanyu/Desktop/goproject/pkg/mod/google.golang.org/grpc@v1.75.1/server.go:1061"}
{"level":"info","timestamp":"2025-10-18T21:27:11.912+0800","caller":"logger/logger.go:88","msg":"gRPC request completed","method":"/rpc.user.UserService/SendSmsCode","duration":0.003753485}
{"level":"info","timestamp":"2025-10-18T21:32:42.577+0800","caller":"logger/logger.go:88","msg":"gRPC request started","method":"/rpc.user.UserService/SendSmsCode","request":"phone:\"13131313131\" sms_type:\"login\""}
{"level":"info","timestamp":"2025-10-18T21:32:42.578+0800","caller":"logger/logger.go:88","msg":"SendSmsCode called","phone":"13131313131"}
{"level":"info","timestamp":"2025-10-18T21:32:42.578+0800","caller":"logger/logger.go:88","msg":"SendSmsCode service called","phone":"13131313131"}
{"level":"info","timestamp":"2025-10-18T21:32:42.586+0800","caller":"logger/logger.go:88","msg":"SMS code sent successfully","phone":"13131313131"}
{"level":"info","timestamp":"2025-10-18T21:32:42.586+0800","caller":"logger/logger.go:88","msg":"gRPC request completed","method":"/rpc.user.UserService/SendSmsCode","duration":0.009623073}
{"level":"info","timestamp":"2025-10-18T21:35:12.647+0800","caller":"logger/logger.go:88","msg":"gRPC request started","method":"/rpc.user.UserService/SendSmsCode","request":"phone:\"13131313131\" sms_type:\"login\""}
{"level":"info","timestamp":"2025-10-18T21:35:12.648+0800","caller":"logger/logger.go:88","msg":"SendSmsCode called","phone":"13131313131"}
{"level":"info","timestamp":"2025-10-18T21:35:12.648+0800","caller":"logger/logger.go:88","msg":"SendSmsCode service called","phone":"13131313131"}
{"level":"info","timestamp":"2025-10-18T21:35:12.656+0800","caller":"logger/logger.go:88","msg":"SMS code sent successfully","phone":"13131313131"}
{"level":"info","timestamp":"2025-10-18T21:35:12.656+0800","caller":"logger/logger.go:88","msg":"gRPC request completed","method":"/rpc.user.UserService/SendSmsCode","duration":0.008893597}
{"level":"info","timestamp":"2025-10-18T21:35:41.474+0800","caller":"logger/logger.go:88","msg":"gRPC request started","method":"/rpc.user.UserService/SendSmsCode","request":"phone:\"13131313131\" sms_type:\"login\""}
{"level":"info","timestamp":"2025-10-18T21:35:41.476+0800","caller":"logger/logger.go:88","msg":"SendSmsCode called","phone":"13131313131"}
{"level":"info","timestamp":"2025-10-18T21:35:41.476+0800","caller":"logger/logger.go:88","msg":"SendSmsCode service called","phone":"13131313131"}
{"level":"warn","timestamp":"2025-10-18T21:35:41.478+0800","caller":"logger/logger.go:93","msg":"SMS send rate limit exceeded","phone":"13131313131"}
{"level":"error","timestamp":"2025-10-18T21:35:41.478+0800","caller":"logger/logger.go:98","msg":"SendSmsCode failed","error":"发送过于频繁，请稍后再试","phone":"13131313131","stacktrace":"user_service/pkg/logger.(*zapLogger).Error\n\t/Users/kanyu/Desktop/project/kanyu_server/new_project/project/vision_world_back/service/user_service/pkg/logger/logger.go:98\nuser_service/internal/handler.(*UserServiceHandler).SendSmsCode\n\t/Users/kanyu/Desktop/project/kanyu_server/new_project/project/vision_world_back/service/user_service/internal/handler/handler.go:117\nuser_service/proto/proto_gen._UserService_SendSmsCode_Handler.func1\n\t/Users/kanyu/Desktop/project/kanyu_server/new_project/project/vision_world_back/service/user_service/proto/proto_gen/user_grpc.pb.go:267\nmain.main.unaryInterceptor.func8\n\t/Users/kanyu/Desktop/project/kanyu_server/new_project/project/vision_world_back/service/user_service/cmd/server/main.go:153\nuser_service/proto/proto_gen._UserService_SendSmsCode_Handler\n\t/Users/kanyu/Desktop/project/kanyu_server/new_project/project/vision_world_back/service/user_service/proto/proto_gen/user_grpc.pb.go:269\ngoogle.golang.org/grpc.(*Server).processUnaryRPC\n\t/Users/kanyu/Desktop/goproject/pkg/mod/google.golang.org/grpc@v1.75.1/server.go:1431\ngoogle.golang.org/grpc.(*Server).handleStream\n\t/Users/kanyu/Desktop/goproject/pkg/mod/google.golang.org/grpc@v1.75.1/server.go:1842\ngoogle.golang.org/grpc.(*Server).serveStreams.func2.1\n\t/Users/kanyu/Desktop/goproject/pkg/mod/google.golang.org/grpc@v1.75.1/server.go:1061"}
{"level":"info","timestamp":"2025-10-18T21:35:41.478+0800","caller":"logger/logger.go:88","msg":"gRPC request completed","method":"/rpc.user.UserService/SendSmsCode","duration":0.004199905}
{"level":"info","timestamp":"2025-10-18T21:36:53.013+0800","caller":"logger/logger.go:88","msg":"gRPC request started","method":"/rpc.user.UserService/SendSmsCode","request":"phone:\"13131313131\" sms_type:\"login\""}
{"level":"info","timestamp":"2025-10-18T21:36:53.013+0800","caller":"logger/logger.go:88","msg":"SendSmsCode called","phone":"13131313131"}
{"level":"info","timestamp":"2025-10-18T21:36:53.013+0800","caller":"logger/logger.go:88","msg":"SendSmsCode service called","phone":"13131313131"}
{"level":"info","timestamp":"2025-10-18T21:36:53.017+0800","caller":"logger/logger.go:88","msg":"SMS code sent successfully","phone":"13131313131"}
{"level":"info","timestamp":"2025-10-18T21:36:53.017+0800","caller":"logger/logger.go:88","msg":"gRPC request completed","method":"/rpc.user.UserService/SendSmsCode","duration":0.004437107}
{"level":"info","timestamp":"2025-10-18T21:37:30.471+0800","caller":"logger/logger.go:88","msg":"gRPC request started","method":"/rpc.user.UserService/SendSmsCode","request":"phone:\"13131313131\" sms_type:\"login\""}
{"level":"info","timestamp":"2025-10-18T21:37:30.472+0800","caller":"logger/logger.go:88","msg":"SendSmsCode called","phone":"13131313131"}
{"level":"info","timestamp":"2025-10-18T21:37:30.472+0800","caller":"logger/logger.go:88","msg":"SendSmsCode service called","phone":"13131313131"}
{"level":"warn","timestamp":"2025-10-18T21:37:30.474+0800","caller":"logger/logger.go:93","msg":"SMS send rate limit exceeded","phone":"13131313131"}
{"level":"error","timestamp":"2025-10-18T21:37:30.475+0800","caller":"logger/logger.go:98","msg":"SendSmsCode failed","error":"发送过于频繁，请稍后再试","phone":"13131313131","stacktrace":"user_service/pkg/logger.(*zapLogger).Error\n\t/Users/kanyu/Desktop/project/kanyu_server/new_project/project/vision_world_back/service/user_service/pkg/logger/logger.go:98\nuser_service/internal/handler.(*UserServiceHandler).SendSmsCode\n\t/Users/kanyu/Desktop/project/kanyu_server/new_project/project/vision_world_back/service/user_service/internal/handler/handler.go:117\nuser_service/proto/proto_gen._UserService_SendSmsCode_Handler.func1\n\t/Users/kanyu/Desktop/project/kanyu_server/new_project/project/vision_world_back/service/user_service/proto/proto_gen/user_grpc.pb.go:267\nmain.main.unaryInterceptor.func8\n\t/Users/kanyu/Desktop/project/kanyu_server/new_project/project/vision_world_back/service/user_service/cmd/server/main.go:153\nuser_service/proto/proto_gen._UserService_SendSmsCode_Handler\n\t/Users/kanyu/Desktop/project/kanyu_server/new_project/project/vision_world_back/service/user_service/proto/proto_gen/user_grpc.pb.go:269\ngoogle.golang.org/grpc.(*Server).processUnaryRPC\n\t/Users/kanyu/Desktop/goproject/pkg/mod/google.golang.org/grpc@v1.75.1/server.go:1431\ngoogle.golang.org/grpc.(*Server).handleStream\n\t/Users/kanyu/Desktop/goproject/pkg/mod/google.golang.org/grpc@v1.75.1/server.go:1842\ngoogle.golang.org/grpc.(*Server).serveStreams.func2.1\n\t/Users/kanyu/Desktop/goproject/pkg/mod/google.golang.org/grpc@v1.75.1/server.go:1061"}
{"level":"info","timestamp":"2025-10-18T21:37:30.475+0800","caller":"logger/logger.go:88","msg":"gRPC request completed","method":"/rpc.user.UserService/SendSmsCode","duration":0.003222449}
{"level":"info","timestamp":"2025-10-18T21:38:01.782+0800","caller":"logger/logger.go:88","msg":"gRPC request started","method":"/rpc.user.UserService/SendSmsCode","request":"phone:\"13131313131\" sms_type:\"login\""}
{"level":"info","timestamp":"2025-10-18T21:38:01.784+0800","caller":"logger/logger.go:88","msg":"SendSmsCode called","phone":"13131313131"}
{"level":"info","timestamp":"2025-10-18T21:38:01.784+0800","caller":"logger/logger.go:88","msg":"SendSmsCode service called","phone":"13131313131"}
{"level":"info","timestamp":"2025-10-18T21:38:01.788+0800","caller":"logger/logger.go:88","msg":"SMS code sent successfully","phone":"13131313131"}
{"level":"info","timestamp":"2025-10-18T21:38:01.788+0800","caller":"logger/logger.go:88","msg":"gRPC request completed","method":"/rpc.user.UserService/SendSmsCode","duration":0.00651431}
{"level":"info","timestamp":"2025-10-18T21:41:47.161+0800","caller":"logger/logger.go:88","msg":"gRPC request started","method":"/rpc.user.UserService/SendSmsCode","request":"phone:\"13131313131\" sms_type:\"login\""}
{"level":"info","timestamp":"2025-10-18T21:41:47.162+0800","caller":"logger/logger.go:88","msg":"SendSmsCode called","phone":"13131313131"}
{"level":"info","timestamp":"2025-10-18T21:41:47.162+0800","caller":"logger/logger.go:88","msg":"SendSmsCode service called","phone":"13131313131"}
{"level":"info","timestamp":"2025-10-18T21:41:47.167+0800","caller":"logger/logger.go:88","msg":"SMS code sent successfully","phone":"13131313131"}
{"level":"info","timestamp":"2025-10-18T21:41:47.167+0800","caller":"logger/logger.go:88","msg":"gRPC request completed","method":"/rpc.user.UserService/SendSmsCode","duration":0.006037629}
{"level":"info","timestamp":"2025-10-18T21:41:57.338+0800","caller":"logger/logger.go:88","msg":"gRPC request started","method":"/rpc.user.UserService/SendSmsCode","request":"phone:\"13131313131\" sms_type:\"login\""}
{"level":"info","timestamp":"2025-10-18T21:41:57.339+0800","caller":"logger/logger.go:88","msg":"SendSmsCode called","phone":"13131313131"}
{"level":"info","timestamp":"2025-10-18T21:41:57.339+0800","caller":"logger/logger.go:88","msg":"SendSmsCode service called","phone":"13131313131"}
{"level":"warn","timestamp":"2025-10-18T21:41:57.341+0800","caller":"logger/logger.go:93","msg":"SMS send rate limit exceeded","phone":"13131313131"}
{"level":"error","timestamp":"2025-10-18T21:41:57.341+0800","caller":"logger/logger.go:98","msg":"SendSmsCode failed","error":"发送过于频繁，请稍后再试","phone":"13131313131","stacktrace":"user_service/pkg/logger.(*zapLogger).Error\n\t/Users/kanyu/Desktop/project/kanyu_server/new_project/project/vision_world_back/service/user_service/pkg/logger/logger.go:98\nuser_service/internal/handler.(*UserServiceHandler).SendSmsCode\n\t/Users/kanyu/Desktop/project/kanyu_server/new_project/project/vision_world_back/service/user_service/internal/handler/handler.go:117\nuser_service/proto/proto_gen._UserService_SendSmsCode_Handler.func1\n\t/Users/kanyu/Desktop/project/kanyu_server/new_project/project/vision_world_back/service/user_service/proto/proto_gen/user_grpc.pb.go:267\nmain.main.unaryInterceptor.func8\n\t/Users/kanyu/Desktop/project/kanyu_server/new_project/project/vision_world_back/service/user_service/cmd/server/main.go:153\nuser_service/proto/proto_gen._UserService_SendSmsCode_Handler\n\t/Users/kanyu/Desktop/project/kanyu_server/new_project/project/vision_world_back/service/user_service/proto/proto_gen/user_grpc.pb.go:269\ngoogle.golang.org/grpc.(*Server).processUnaryRPC\n\t/Users/kanyu/Desktop/goproject/pkg/mod/google.golang.org/grpc@v1.75.1/server.go:1431\ngoogle.golang.org/grpc.(*Server).handleStream\n\t/Users/kanyu/Desktop/goproject/pkg/mod/google.golang.org/grpc@v1.75.1/server.go:1842\ngoogle.golang.org/grpc.(*Server).serveStreams.func2.1\n\t/Users/kanyu/Desktop/goproject/pkg/mod/google.golang.org/grpc@v1.75.1/server.go:1061"}
{"level":"info","timestamp":"2025-10-18T21:41:57.341+0800","caller":"logger/logger.go:88","msg":"gRPC request completed","method":"/rpc.user.UserService/SendSmsCode","duration":0.002486178}
{"level":"info","timestamp":"2025-10-18T21:42:23.248+0800","caller":"logger/logger.go:88","msg":"gRPC request started","method":"/rpc.user.UserService/SendSmsCode","request":"phone:\"13131313133\" sms_type:\"login\""}
{"level":"info","timestamp":"2025-10-18T21:42:23.249+0800","caller":"logger/logger.go:88","msg":"SendSmsCode called","phone":"13131313133"}
{"level":"info","timestamp":"2025-10-18T21:42:23.265+0800","caller":"logger/logger.go:88","msg":"SendSmsCode service called","phone":"13131313133"}
{"level":"info","timestamp":"2025-10-18T21:42:23.279+0800","caller":"logger/logger.go:88","msg":"SMS code sent successfully","phone":"13131313133"}
{"level":"info","timestamp":"2025-10-18T21:42:23.279+0800","caller":"logger/logger.go:88","msg":"gRPC request completed","method":"/rpc.user.UserService/SendSmsCode","duration":0.031159264}
{"level":"info","timestamp":"2025-10-18T21:42:47.457+0800","caller":"logger/logger.go:88","msg":"gRPC request started","method":"/rpc.user.UserService/CodeLogin","request":"phone:\"13131313133\" code:\"182512\" device_id:\"device_1760540455931_t09xb3kom\""}
{"level":"info","timestamp":"2025-10-18T21:42:47.457+0800","caller":"logger/logger.go:88","msg":"CodeLogin called","phone":"13131313133"}
{"level":"info","timestamp":"2025-10-18T21:42:47.457+0800","caller":"logger/logger.go:88","msg":"CodeLogin service called","phone":"13131313133"}
{"level":"error","timestamp":"2025-10-18T21:42:47.481+0800","caller":"logger/logger.go:98","msg":"没有注册过的用户，直接注册成功","error":"user not found","stacktrace":"user_service/pkg/logger.(*zapLogger).Error\n\t/Users/kanyu/Desktop/project/kanyu_server/new_project/project/vision_world_back/service/user_service/pkg/logger/logger.go:98\nuser_service/internal/service.(*userService).CodeLogin\n\t/Users/kanyu/Desktop/project/kanyu_server/new_project/project/vision_world_back/service/user_service/internal/service/user_service.go:194\nuser_service/internal/handler.(*UserServiceHandler).CodeLogin\n\t/Users/kanyu/Desktop/project/kanyu_server/new_project/project/vision_world_back/service/user_service/internal/handler/handler.go:94\nuser_service/proto/proto_gen._UserService_CodeLogin_Handler.func1\n\t/Users/kanyu/Desktop/project/kanyu_server/new_project/project/vision_world_back/service/user_service/proto/proto_gen/user_grpc.pb.go:249\nmain.main.unaryInterceptor.func8\n\t/Users/kanyu/Desktop/project/kanyu_server/new_project/project/vision_world_back/service/user_service/cmd/server/main.go:153\nuser_service/proto/proto_gen._UserService_CodeLogin_Handler\n\t/Users/kanyu/Desktop/project/kanyu_server/new_project/project/vision_world_back/service/user_service/proto/proto_gen/user_grpc.pb.go:251\ngoogle.golang.org/grpc.(*Server).processUnaryRPC\n\t/Users/kanyu/Desktop/goproject/pkg/mod/google.golang.org/grpc@v1.75.1/server.go:1431\ngoogle.golang.org/grpc.(*Server).handleStream\n\t/Users/kanyu/Desktop/goproject/pkg/mod/google.golang.org/grpc@v1.75.1/server.go:1842\ngoogle.golang.org/grpc.(*Server).serveStreams.func2.1\n\t/Users/kanyu/Desktop/goproject/pkg/mod/google.golang.org/grpc@v1.75.1/server.go:1061"}
{"level":"info","timestamp":"2025-10-18T21:42:47.521+0800","caller":"logger/logger.go:88","msg":"gRPC request completed","method":"/rpc.user.UserService/CodeLogin","duration":0.063566452}
{"level":"info","timestamp":"2025-10-18T21:45:25.380+0800","caller":"logger/logger.go:88","msg":"gRPC request started","method":"/rpc.user.UserService/SendSmsCode","request":"phone:\"13131313131\" sms_type:\"login\""}
{"level":"info","timestamp":"2025-10-18T21:45:25.382+0800","caller":"logger/logger.go:88","msg":"SendSmsCode called","phone":"13131313131"}
{"level":"info","timestamp":"2025-10-18T21:45:25.382+0800","caller":"logger/logger.go:88","msg":"SendSmsCode service called","phone":"13131313131"}
{"level":"info","timestamp":"2025-10-18T21:45:25.386+0800","caller":"logger/logger.go:88","msg":"SMS code sent successfully","phone":"13131313131"}
{"level":"info","timestamp":"2025-10-18T21:45:25.386+0800","caller":"logger/logger.go:88","msg":"gRPC request completed","method":"/rpc.user.UserService/SendSmsCode","duration":0.005612956}
{"level":"info","timestamp":"2025-10-18T21:45:36.148+0800","caller":"logger/logger.go:88","msg":"gRPC request started","method":"/rpc.user.UserService/CodeLogin","request":"phone:\"13131313131\" code:\"819291\" device_id:\"device_1760540455931_t09xb3kom\""}
{"level":"info","timestamp":"2025-10-18T21:45:36.148+0800","caller":"logger/logger.go:88","msg":"CodeLogin called","phone":"13131313131"}
{"level":"info","timestamp":"2025-10-18T21:45:36.148+0800","caller":"logger/logger.go:88","msg":"CodeLogin service called","phone":"13131313131"}
{"level":"info","timestamp":"2025-10-18T21:45:36.164+0800","caller":"logger/logger.go:88","msg":"gRPC request completed","method":"/rpc.user.UserService/CodeLogin","duration":0.016244805}
{"level":"info","timestamp":"2025-10-18T21:51:29.572+0800","caller":"logger/logger.go:88","msg":"gRPC request started","method":"/rpc.user.UserService/SendSmsCode","request":"phone:\"13131313131\" sms_type:\"login\""}
{"level":"info","timestamp":"2025-10-18T21:51:29.575+0800","caller":"logger/logger.go:88","msg":"SendSmsCode called","phone":"13131313131"}
{"level":"info","timestamp":"2025-10-18T21:51:29.575+0800","caller":"logger/logger.go:88","msg":"SendSmsCode service called","phone":"13131313131"}
{"level":"info","timestamp":"2025-10-18T21:51:29.588+0800","caller":"logger/logger.go:88","msg":"SMS code sent successfully","phone":"13131313131"}
{"level":"info","timestamp":"2025-10-18T21:51:29.588+0800","caller":"logger/logger.go:88","msg":"gRPC request completed","method":"/rpc.user.UserService/SendSmsCode","duration":0.01579379}
{"level":"info","timestamp":"2025-10-18T21:51:51.433+0800","caller":"logger/logger.go:88","msg":"gRPC request started","method":"/rpc.user.UserService/CodeLogin","request":"phone:\"13131313131\" code:\"341554\" device_id:\"device_1760540455931_t09xb3kom\""}
{"level":"info","timestamp":"2025-10-18T21:51:51.434+0800","caller":"logger/logger.go:88","msg":"CodeLogin called","phone":"13131313131"}
{"level":"info","timestamp":"2025-10-18T21:51:51.434+0800","caller":"logger/logger.go:88","msg":"CodeLogin service called","phone":"13131313131"}
{"level":"info","timestamp":"2025-10-18T21:51:51.481+0800","caller":"logger/logger.go:88","msg":"gRPC request completed","method":"/rpc.user.UserService/CodeLogin","duration":0.047797559}
{"level":"info","timestamp":"2025-10-18T21:57:15.936+0800","caller":"logger/logger.go:88","msg":"gRPC request started","method":"/rpc.user.UserService/SendSmsCode","request":"phone:\"13131313131\" sms_type:\"login\""}
{"level":"info","timestamp":"2025-10-18T21:57:15.937+0800","caller":"logger/logger.go:88","msg":"SendSmsCode called","phone":"13131313131"}
{"level":"info","timestamp":"2025-10-18T21:57:15.937+0800","caller":"logger/logger.go:88","msg":"SendSmsCode service called","phone":"13131313131"}
{"level":"info","timestamp":"2025-10-18T21:57:15.946+0800","caller":"logger/logger.go:88","msg":"SMS code sent successfully","phone":"13131313131"}
{"level":"info","timestamp":"2025-10-18T21:57:15.946+0800","caller":"logger/logger.go:88","msg":"gRPC request completed","method":"/rpc.user.UserService/SendSmsCode","duration":0.010107331}
{"level":"info","timestamp":"2025-10-18T21:57:27.339+0800","caller":"logger/logger.go:88","msg":"gRPC request started","method":"/rpc.user.UserService/CodeLogin","request":"phone:\"13131313131\" code:\"904663\" device_id:\"device_1760540455931_t09xb3kom\""}
{"level":"info","timestamp":"2025-10-18T21:57:27.339+0800","caller":"logger/logger.go:88","msg":"CodeLogin called","phone":"13131313131"}
{"level":"info","timestamp":"2025-10-18T21:57:27.339+0800","caller":"logger/logger.go:88","msg":"CodeLogin service called","phone":"13131313131"}
{"level":"info","timestamp":"2025-10-18T21:57:27.363+0800","caller":"logger/logger.go:88","msg":"gRPC request completed","method":"/rpc.user.UserService/CodeLogin","duration":0.024643009}
{"level":"info","timestamp":"2025-10-18T21:58:20.171+0800","caller":"logger/logger.go:88","msg":"gRPC request started","method":"/rpc.user.UserService/SendSmsCode","request":"phone:\"13131313131\" sms_type:\"login\""}
{"level":"info","timestamp":"2025-10-18T21:58:20.172+0800","caller":"logger/logger.go:88","msg":"SendSmsCode called","phone":"13131313131"}
{"level":"info","timestamp":"2025-10-18T21:58:20.172+0800","caller":"logger/logger.go:88","msg":"SendSmsCode service called","phone":"13131313131"}
{"level":"info","timestamp":"2025-10-18T21:58:20.175+0800","caller":"logger/logger.go:88","msg":"SMS code sent successfully","phone":"13131313131"}
{"level":"info","timestamp":"2025-10-18T21:58:20.175+0800","caller":"logger/logger.go:88","msg":"gRPC request completed","method":"/rpc.user.UserService/SendSmsCode","duration":0.004229459}
{"level":"info","timestamp":"2025-10-18T21:58:27.855+0800","caller":"logger/logger.go:88","msg":"gRPC request started","method":"/rpc.user.UserService/CodeLogin","request":"phone:\"13131313131\" code:\"607555\" device_id:\"device_1760540455931_t09xb3kom\""}
{"level":"info","timestamp":"2025-10-18T21:58:27.856+0800","caller":"logger/logger.go:88","msg":"CodeLogin called","phone":"13131313131"}
{"level":"info","timestamp":"2025-10-18T21:58:27.856+0800","caller":"logger/logger.go:88","msg":"CodeLogin service called","phone":"13131313131"}
{"level":"info","timestamp":"2025-10-18T21:58:27.875+0800","caller":"logger/logger.go:88","msg":"gRPC request completed","method":"/rpc.user.UserService/CodeLogin","duration":0.01948625}
{"level":"info","timestamp":"2025-10-18T21:59:06.114+0800","caller":"logger/logger.go:88","msg":"gRPC request started","method":"/rpc.user.UserService/SendSmsCode","request":"phone:\"13131313131\" sms_type:\"login\""}
{"level":"info","timestamp":"2025-10-18T21:59:06.115+0800","caller":"logger/logger.go:88","msg":"SendSmsCode called","phone":"13131313131"}
{"level":"info","timestamp":"2025-10-18T21:59:06.115+0800","caller":"logger/logger.go:88","msg":"SendSmsCode service called","phone":"13131313131"}
{"level":"warn","timestamp":"2025-10-18T21:59:06.116+0800","caller":"logger/logger.go:93","msg":"SMS send rate limit exceeded","phone":"13131313131"}
{"level":"error","timestamp":"2025-10-18T21:59:06.116+0800","caller":"logger/logger.go:98","msg":"SendSmsCode failed","error":"发送过于频繁，请稍后再试","phone":"13131313131","stacktrace":"user_service/pkg/logger.(*zapLogger).Error\n\t/Users/kanyu/Desktop/project/kanyu_server/new_project/project/vision_world_back/service/user_service/pkg/logger/logger.go:98\nuser_service/internal/handler.(*UserServiceHandler).SendSmsCode\n\t/Users/kanyu/Desktop/project/kanyu_server/new_project/project/vision_world_back/service/user_service/internal/handler/handler.go:117\nuser_service/proto/proto_gen._UserService_SendSmsCode_Handler.func1\n\t/Users/kanyu/Desktop/project/kanyu_server/new_project/project/vision_world_back/service/user_service/proto/proto_gen/user_grpc.pb.go:267\nmain.main.unaryInterceptor.func8\n\t/Users/kanyu/Desktop/project/kanyu_server/new_project/project/vision_world_back/service/user_service/cmd/server/main.go:153\nuser_service/proto/proto_gen._UserService_SendSmsCode_Handler\n\t/Users/kanyu/Desktop/project/kanyu_server/new_project/project/vision_world_back/service/user_service/proto/proto_gen/user_grpc.pb.go:269\ngoogle.golang.org/grpc.(*Server).processUnaryRPC\n\t/Users/kanyu/Desktop/goproject/pkg/mod/google.golang.org/grpc@v1.75.1/server.go:1431\ngoogle.golang.org/grpc.(*Server).handleStream\n\t/Users/kanyu/Desktop/goproject/pkg/mod/google.golang.org/grpc@v1.75.1/server.go:1842\ngoogle.golang.org/grpc.(*Server).serveStreams.func2.1\n\t/Users/kanyu/Desktop/goproject/pkg/mod/google.golang.org/grpc@v1.75.1/server.go:1061"}
{"level":"info","timestamp":"2025-10-18T21:59:06.118+0800","caller":"logger/logger.go:88","msg":"gRPC request completed","method":"/rpc.user.UserService/SendSmsCode","duration":0.003428224}
{"level":"info","timestamp":"2025-10-18T21:59:33.660+0800","caller":"logger/logger.go:88","msg":"gRPC request started","method":"/rpc.user.UserService/SendSmsCode","request":"phone:\"13131313131\" sms_type:\"login\""}
{"level":"info","timestamp":"2025-10-18T21:59:33.660+0800","caller":"logger/logger.go:88","msg":"SendSmsCode called","phone":"13131313131"}
{"level":"info","timestamp":"2025-10-18T21:59:33.660+0800","caller":"logger/logger.go:88","msg":"SendSmsCode service called","phone":"13131313131"}
{"level":"info","timestamp":"2025-10-18T21:59:33.664+0800","caller":"logger/logger.go:88","msg":"SMS code sent successfully","phone":"13131313131"}
{"level":"info","timestamp":"2025-10-18T21:59:33.664+0800","caller":"logger/logger.go:88","msg":"gRPC request completed","method":"/rpc.user.UserService/SendSmsCode","duration":0.004330746}
{"level":"info","timestamp":"2025-10-18T21:59:40.908+0800","caller":"logger/logger.go:88","msg":"gRPC request started","method":"/rpc.user.UserService/CodeLogin","request":"phone:\"13131313131\" code:\"842328\" device_id:\"device_1760540455931_t09xb3kom\""}
{"level":"info","timestamp":"2025-10-18T21:59:40.908+0800","caller":"logger/logger.go:88","msg":"CodeLogin called","phone":"13131313131"}
{"level":"info","timestamp":"2025-10-18T21:59:40.908+0800","caller":"logger/logger.go:88","msg":"CodeLogin service called","phone":"13131313131"}
{"level":"info","timestamp":"2025-10-18T21:59:40.918+0800","caller":"logger/logger.go:88","msg":"gRPC request completed","method":"/rpc.user.UserService/CodeLogin","duration":0.01002521}
{"level":"info","timestamp":"2025-10-19T13:53:35.582+0800","caller":"logger/logger.go:88","msg":"gRPC request started","method":"/rpc.user.UserService/SendSmsCode","request":"phone:\"13131313131\" sms_type:\"login\""}
{"level":"info","timestamp":"2025-10-19T13:53:35.592+0800","caller":"logger/logger.go:88","msg":"SendSmsCode called","phone":"13131313131"}
{"level":"info","timestamp":"2025-10-19T13:53:35.593+0800","caller":"logger/logger.go:88","msg":"SendSmsCode service called","phone":"13131313131"}
{"level":"info","timestamp":"2025-10-19T13:53:35.663+0800","caller":"logger/logger.go:88","msg":"SMS code sent successfully","phone":"13131313131"}
{"level":"info","timestamp":"2025-10-19T13:53:35.666+0800","caller":"logger/logger.go:88","msg":"gRPC request completed","method":"/rpc.user.UserService/SendSmsCode","duration":0.084621049}
{"level":"info","timestamp":"2025-10-19T13:53:47.641+0800","caller":"logger/logger.go:88","msg":"gRPC request started","method":"/rpc.user.UserService/CodeLogin","request":"phone:\"13131313131\" code:\"048765\" device_id:\"device_1760540455931_t09xb3kom\""}
{"level":"info","timestamp":"2025-10-19T13:53:47.642+0800","caller":"logger/logger.go:88","msg":"CodeLogin called","phone":"13131313131"}
{"level":"info","timestamp":"2025-10-19T13:53:47.642+0800","caller":"logger/logger.go:88","msg":"CodeLogin service called","phone":"13131313131"}
{"level":"info","timestamp":"2025-10-19T13:53:47.944+0800","caller":"logger/logger.go:88","msg":"gRPC request completed","method":"/rpc.user.UserService/CodeLogin","duration":0.302809811}
{"level":"info","timestamp":"2025-10-19T13:53:58.372+0800","caller":"logger/logger.go:88","msg":"gRPC request started","method":"/rpc.user.UserService/Logout","request":"token:\"eyJhbGciOiJIUzI1NiIsInR5cCI6IkpXVCJ9.eyJ1c2VyX2lkIjoxMSwiaXNzIjoidmlzaW9uLXdvcmxkLXVzZXItc2VydmljZSIsImF1ZCI6WyJ2aXNpb24td29ybGQtYXBwIl0sImV4cCI6MTc2MDkzOTYyNywibmJmIjoxNzYwODUzMjI3LCJpYXQiOjE3NjA4NTMyMjd9.qULG6vpu_f8TR7CDFE9pLl8kTrSE4HvG5UmvN2zLcXo\""}
{"level":"info","timestamp":"2025-10-19T13:53:58.372+0800","caller":"logger/logger.go:88","msg":"Logout called","token":"eyJhbGciOiJIUzI1NiIsInR5cCI6IkpXVCJ9.eyJ1c2VyX2lkIjoxMSwiaXNzIjoidmlzaW9uLXdvcmxkLXVzZXItc2VydmljZSIsImF1ZCI6WyJ2aXNpb24td29ybGQtYXBwIl0sImV4cCI6MTc2MDkzOTYyNywibmJmIjoxNzYwODUzMjI3LCJpYXQiOjE3NjA4NTMyMjd9.qULG6vpu_f8TR7CDFE9pLl8kTrSE4HvG5UmvN2zLcXo"}
{"level":"info","timestamp":"2025-10-19T13:53:58.373+0800","caller":"logger/logger.go:88","msg":"Logout service called"}
{"level":"info","timestamp":"2025-10-19T13:53:58.378+0800","caller":"logger/logger.go:88","msg":"User logged out successfully","userID":11}
{"level":"info","timestamp":"2025-10-19T13:53:58.378+0800","caller":"logger/logger.go:88","msg":"gRPC request completed","method":"/rpc.user.UserService/Logout","duration":0.005977716}
{"level":"info","timestamp":"2025-10-19T16:53:12.776+0800","caller":"logger/logger.go:88","msg":"gRPC request started","method":"/rpc.user.UserService/SendSmsCode","request":"phone:\"13131313131\" sms_type:\"login\""}
{"level":"info","timestamp":"2025-10-19T16:53:12.781+0800","caller":"logger/logger.go:88","msg":"SendSmsCode called","phone":"13131313131"}
{"level":"info","timestamp":"2025-10-19T16:53:12.781+0800","caller":"logger/logger.go:88","msg":"SendSmsCode service called","phone":"13131313131"}
{"level":"info","timestamp":"2025-10-19T16:53:12.803+0800","caller":"logger/logger.go:88","msg":"SMS code sent successfully","phone":"13131313131"}
{"level":"info","timestamp":"2025-10-19T16:53:12.804+0800","caller":"logger/logger.go:88","msg":"gRPC request completed","method":"/rpc.user.UserService/SendSmsCode","duration":0.027673852}
{"level":"info","timestamp":"2025-10-19T16:53:32.808+0800","caller":"logger/logger.go:88","msg":"gRPC request started","method":"/rpc.user.UserService/SendSmsCode","request":"phone:\"13131313131\" sms_type:\"login\""}
{"level":"info","timestamp":"2025-10-19T16:53:32.808+0800","caller":"logger/logger.go:88","msg":"SendSmsCode called","phone":"13131313131"}
{"level":"info","timestamp":"2025-10-19T16:53:32.808+0800","caller":"logger/logger.go:88","msg":"SendSmsCode service called","phone":"13131313131"}
{"level":"warn","timestamp":"2025-10-19T16:53:32.815+0800","caller":"logger/logger.go:93","msg":"SMS send rate limit exceeded","phone":"13131313131"}
{"level":"error","timestamp":"2025-10-19T16:53:32.816+0800","caller":"logger/logger.go:98","msg":"SendSmsCode failed","error":"发送过于频繁，请稍后再试","phone":"13131313131","stacktrace":"user_service/pkg/logger.(*zapLogger).Error\n\t/Users/kanyu/Desktop/project/kanyu_server/new_project/project/vision_world_back/service/user_service/pkg/logger/logger.go:98\nuser_service/internal/handler.(*UserServiceHandler).SendSmsCode\n\t/Users/kanyu/Desktop/project/kanyu_server/new_project/project/vision_world_back/service/user_service/internal/handler/handler.go:117\nuser_service/proto/proto_gen._UserService_SendSmsCode_Handler.func1\n\t/Users/kanyu/Desktop/project/kanyu_server/new_project/project/vision_world_back/service/user_service/proto/proto_gen/user_grpc.pb.go:267\nmain.main.unaryInterceptor.func8\n\t/Users/kanyu/Desktop/project/kanyu_server/new_project/project/vision_world_back/service/user_service/cmd/server/main.go:153\nuser_service/proto/proto_gen._UserService_SendSmsCode_Handler\n\t/Users/kanyu/Desktop/project/kanyu_server/new_project/project/vision_world_back/service/user_service/proto/proto_gen/user_grpc.pb.go:269\ngoogle.golang.org/grpc.(*Server).processUnaryRPC\n\t/Users/kanyu/Desktop/goproject/pkg/mod/google.golang.org/grpc@v1.75.1/server.go:1431\ngoogle.golang.org/grpc.(*Server).handleStream\n\t/Users/kanyu/Desktop/goproject/pkg/mod/google.golang.org/grpc@v1.75.1/server.go:1842\ngoogle.golang.org/grpc.(*Server).serveStreams.func2.1\n\t/Users/kanyu/Desktop/goproject/pkg/mod/google.golang.org/grpc@v1.75.1/server.go:1061"}
{"level":"info","timestamp":"2025-10-19T16:53:32.821+0800","caller":"logger/logger.go:88","msg":"gRPC request completed","method":"/rpc.user.UserService/SendSmsCode","duration":0.013144858}
{"level":"info","timestamp":"2025-10-19T16:53:43.483+0800","caller":"logger/logger.go:88","msg":"gRPC request started","method":"/rpc.user.UserService/CodeLogin","request":"phone:\"13131313131\" code:\"194457\" device_id:\"device_1760540455931_t09xb3kom\""}
{"level":"info","timestamp":"2025-10-19T16:53:43.483+0800","caller":"logger/logger.go:88","msg":"CodeLogin called","phone":"13131313131"}
{"level":"info","timestamp":"2025-10-19T16:53:43.483+0800","caller":"logger/logger.go:88","msg":"CodeLogin service called","phone":"13131313131"}
{"level":"info","timestamp":"2025-10-19T16:53:43.617+0800","caller":"logger/logger.go:88","msg":"gRPC request completed","method":"/rpc.user.UserService/CodeLogin","duration":0.133702927}
{"level":"info","timestamp":"2025-10-19T17:07:32.096+0800","caller":"logger/logger.go:88","msg":"gRPC request started","method":"/rpc.user.UserService/SendSmsCode","request":"phone:\"13131313131\" sms_type:\"login\""}
{"level":"info","timestamp":"2025-10-19T17:07:32.100+0800","caller":"logger/logger.go:88","msg":"SendSmsCode called","phone":"13131313131"}
{"level":"info","timestamp":"2025-10-19T17:07:32.100+0800","caller":"logger/logger.go:88","msg":"SendSmsCode service called","phone":"13131313131"}
{"level":"info","timestamp":"2025-10-19T17:07:32.115+0800","caller":"logger/logger.go:88","msg":"SMS code sent successfully","phone":"13131313131"}
{"level":"info","timestamp":"2025-10-19T17:07:32.115+0800","caller":"logger/logger.go:88","msg":"gRPC request completed","method":"/rpc.user.UserService/SendSmsCode","duration":0.019011009}
{"level":"info","timestamp":"2025-10-19T17:07:45.920+0800","caller":"logger/logger.go:88","msg":"gRPC request started","method":"/rpc.user.UserService/CodeLogin","request":"phone:\"13131313131\" code:\"140489\" device_id:\"device_1759461455145_bgj4a5ira\""}
{"level":"info","timestamp":"2025-10-19T17:07:45.920+0800","caller":"logger/logger.go:88","msg":"CodeLogin called","phone":"13131313131"}
{"level":"info","timestamp":"2025-10-19T17:07:45.920+0800","caller":"logger/logger.go:88","msg":"CodeLogin service called","phone":"13131313131"}
{"level":"info","timestamp":"2025-10-19T17:07:45.956+0800","caller":"logger/logger.go:88","msg":"gRPC request completed","method":"/rpc.user.UserService/CodeLogin","duration":0.03623204}
{"level":"info","timestamp":"2025-10-19T17:27:42.119+0800","caller":"logger/logger.go:88","msg":"gRPC request started","method":"/rpc.user.UserService/VerifyToken","request":"token:\"eyJhbGciOiJIUzI1NiIsInR5cCI6IkpXVCJ9.eyJ1c2VyX2lkIjoxMSwiaXNzIjoidmlzaW9uLXdvcmxkLXVzZXItc2VydmljZSIsImF1ZCI6WyJ2aXNpb24td29ybGQtYXBwIl0sImV4cCI6MTc2MDk1MTI2NSwibmJmIjoxNzYwODY0ODY1LCJpYXQiOjE3NjA4NjQ4NjV9.5VahlcFqKq_xTRKMvXJhHx78VEnEj67tC_ghIQmPy18\""}
{"level":"info","timestamp":"2025-10-19T17:27:42.120+0800","caller":"logger/logger.go:88","msg":"VerifyToken called","token":"eyJhbGciOiJIUzI1NiIsInR5cCI6IkpXVCJ9.eyJ1c2VyX2lkIjoxMSwiaXNzIjoidmlzaW9uLXdvcmxkLXVzZXItc2VydmljZSIsImF1ZCI6WyJ2aXNpb24td29ybGQtYXBwIl0sImV4cCI6MTc2MDk1MTI2NSwibmJmIjoxNzYwODY0ODY1LCJpYXQiOjE3NjA4NjQ4NjV9.5VahlcFqKq_xTRKMvXJhHx78VEnEj67tC_ghIQmPy18"}
{"level":"info","timestamp":"2025-10-19T17:27:42.120+0800","caller":"logger/logger.go:88","msg":"VerifyToken service called"}
{"level":"info","timestamp":"2025-10-19T17:27:42.144+0800","caller":"logger/logger.go:88","msg":"gRPC request completed","method":"/rpc.user.UserService/VerifyToken","duration":0.025072557}
{"level":"info","timestamp":"2025-10-19T21:05:38.724+0800","caller":"logger/logger.go:88","msg":"gRPC request started","method":"/rpc.user.UserService/VerifyToken","request":"token:\"eyJhbGciOiJIUzI1NiIsInR5cCI6IkpXVCJ9.eyJ1c2VyX2lkIjoxMSwiaXNzIjoidmlzaW9uLXdvcmxkLXVzZXItc2VydmljZSIsImF1ZCI6WyJ2aXNpb24td29ybGQtYXBwIl0sImV4cCI6MTc2MDk1MTI2NSwibmJmIjoxNzYwODY0ODY1LCJpYXQiOjE3NjA4NjQ4NjV9.5VahlcFqKq_xTRKMvXJhHx78VEnEj67tC_ghIQmPy18\""}
{"level":"info","timestamp":"2025-10-19T21:05:38.726+0800","caller":"logger/logger.go:88","msg":"VerifyToken called","token":"eyJhbGciOiJIUzI1NiIsInR5cCI6IkpXVCJ9.eyJ1c2VyX2lkIjoxMSwiaXNzIjoidmlzaW9uLXdvcmxkLXVzZXItc2VydmljZSIsImF1ZCI6WyJ2aXNpb24td29ybGQtYXBwIl0sImV4cCI6MTc2MDk1MTI2NSwibmJmIjoxNzYwODY0ODY1LCJpYXQiOjE3NjA4NjQ4NjV9.5VahlcFqKq_xTRKMvXJhHx78VEnEj67tC_ghIQmPy18"}
{"level":"info","timestamp":"2025-10-19T21:05:38.726+0800","caller":"logger/logger.go:88","msg":"VerifyToken service called"}
{"level":"info","timestamp":"2025-10-19T21:05:38.812+0800","caller":"logger/logger.go:88","msg":"gRPC request completed","method":"/rpc.user.UserService/VerifyToken","duration":0.088142723}
{"level":"info","timestamp":"2025-10-23T14:31:49.817+0800","caller":"logger/logger.go:88","msg":"gRPC request started","method":"/rpc.user.UserService/VerifyToken","request":"token:\"eyJhbGciOiJIUzI1NiIsInR5cCI6IkpXVCJ9.eyJ1c2VyX2lkIjoxMSwiaXNzIjoidmlzaW9uLXdvcmxkLXVzZXItc2VydmljZSIsImF1ZCI6WyJ2aXNpb24td29ybGQtYXBwIl0sImV4cCI6MTc2MDk1MTI2NSwibmJmIjoxNzYwODY0ODY1LCJpYXQiOjE3NjA4NjQ4NjV9.5VahlcFqKq_xTRKMvXJhHx78VEnEj67tC_ghIQmPy18\""}
{"level":"info","timestamp":"2025-10-23T14:31:49.828+0800","caller":"logger/logger.go:88","msg":"VerifyToken called","token":"eyJhbGciOiJIUzI1NiIsInR5cCI6IkpXVCJ9.eyJ1c2VyX2lkIjoxMSwiaXNzIjoidmlzaW9uLXdvcmxkLXVzZXItc2VydmljZSIsImF1ZCI6WyJ2aXNpb24td29ybGQtYXBwIl0sImV4cCI6MTc2MDk1MTI2NSwibmJmIjoxNzYwODY0ODY1LCJpYXQiOjE3NjA4NjQ4NjV9.5VahlcFqKq_xTRKMvXJhHx78VEnEj67tC_ghIQmPy18"}
{"level":"info","timestamp":"2025-10-23T14:31:49.828+0800","caller":"logger/logger.go:88","msg":"VerifyToken service called"}
{"level":"error","timestamp":"2025-10-23T14:31:49.840+0800","caller":"logger/logger.go:98","msg":"Token parsing failed","error":"failed to parse token: token is expired by 69h24m4.83728s","stacktrace":"user_service/pkg/logger.(*zapLogger).Error\n\t/Users/kanyu/Desktop/project/kanyu_server/new_project/project/vision_world_back/service/user_service/pkg/logger/logger.go:98\nuser_service/internal/service.(*userService).VerifyToken\n\t/Users/kanyu/Desktop/project/kanyu_server/new_project/project/vision_world_back/service/user_service/internal/service/user_service.go:312\nuser_service/internal/handler.(*UserServiceHandler).VerifyToken\n\t/Users/kanyu/Desktop/project/kanyu_server/new_project/project/vision_world_back/service/user_service/internal/handler/handler.go:135\nuser_service/proto/proto_gen._UserService_VerifyToken_Handler.func1\n\t/Users/kanyu/Desktop/project/kanyu_server/new_project/project/vision_world_back/service/user_service/proto/proto_gen/user_grpc.pb.go:285\nmain.main.unaryInterceptor.func8\n\t/Users/kanyu/Desktop/project/kanyu_server/new_project/project/vision_world_back/service/user_service/cmd/server/main.go:153\nuser_service/proto/proto_gen._UserService_VerifyToken_Handler\n\t/Users/kanyu/Desktop/project/kanyu_server/new_project/project/vision_world_back/service/user_service/proto/proto_gen/user_grpc.pb.go:287\ngoogle.golang.org/grpc.(*Server).processUnaryRPC\n\t/Users/kanyu/Desktop/goproject/pkg/mod/google.golang.org/grpc@v1.75.1/server.go:1431\ngoogle.golang.org/grpc.(*Server).handleStream\n\t/Users/kanyu/Desktop/goproject/pkg/mod/google.golang.org/grpc@v1.75.1/server.go:1842\ngoogle.golang.org/grpc.(*Server).serveStreams.func2.1\n\t/Users/kanyu/Desktop/goproject/pkg/mod/google.golang.org/grpc@v1.75.1/server.go:1061"}
{"level":"error","timestamp":"2025-10-23T14:31:49.841+0800","caller":"logger/logger.go:98","msg":"VerifyToken failed","error":"token verification failed: failed to parse token: token is expired by 69h24m4.83728s","stacktrace":"user_service/pkg/logger.(*zapLogger).Error\n\t/Users/kanyu/Desktop/project/kanyu_server/new_project/project/vision_world_back/service/user_service/pkg/logger/logger.go:98\nuser_service/internal/handler.(*UserServiceHandler).VerifyToken\n\t/Users/kanyu/Desktop/project/kanyu_server/new_project/project/vision_world_back/service/user_service/internal/handler/handler.go:137\nuser_service/proto/proto_gen._UserService_VerifyToken_Handler.func1\n\t/Users/kanyu/Desktop/project/kanyu_server/new_project/project/vision_world_back/service/user_service/proto/proto_gen/user_grpc.pb.go:285\nmain.main.unaryInterceptor.func8\n\t/Users/kanyu/Desktop/project/kanyu_server/new_project/project/vision_world_back/service/user_service/cmd/server/main.go:153\nuser_service/proto/proto_gen._UserService_VerifyToken_Handler\n\t/Users/kanyu/Desktop/project/kanyu_server/new_project/project/vision_world_back/service/user_service/proto/proto_gen/user_grpc.pb.go:287\ngoogle.golang.org/grpc.(*Server).processUnaryRPC\n\t/Users/kanyu/Desktop/goproject/pkg/mod/google.golang.org/grpc@v1.75.1/server.go:1431\ngoogle.golang.org/grpc.(*Server).handleStream\n\t/Users/kanyu/Desktop/goproject/pkg/mod/google.golang.org/grpc@v1.75.1/server.go:1842\ngoogle.golang.org/grpc.(*Server).serveStreams.func2.1\n\t/Users/kanyu/Desktop/goproject/pkg/mod/google.golang.org/grpc@v1.75.1/server.go:1061"}
{"level":"info","timestamp":"2025-10-23T14:31:49.842+0800","caller":"logger/logger.go:88","msg":"gRPC request completed","method":"/rpc.user.UserService/VerifyToken","duration":0.026351722}
{"level":"info","timestamp":"2025-10-25T10:13:23.657+0800","caller":"logger/logger.go:88","msg":"gRPC request started","method":"/rpc.user.UserService/SendSmsCode","request":"phone:\"13131313131\" sms_type:\"login\""}
{"level":"info","timestamp":"2025-10-25T10:13:23.665+0800","caller":"logger/logger.go:88","msg":"SendSmsCode called","phone":"13131313131"}
{"level":"info","timestamp":"2025-10-25T10:13:23.665+0800","caller":"logger/logger.go:88","msg":"SendSmsCode service called","phone":"13131313131"}
{"level":"info","timestamp":"2025-10-25T10:13:23.799+0800","caller":"logger/logger.go:88","msg":"SMS code sent successfully","phone":"13131313131"}
{"level":"info","timestamp":"2025-10-25T10:13:23.801+0800","caller":"logger/logger.go:88","msg":"gRPC request completed","method":"/rpc.user.UserService/SendSmsCode","duration":0.145653157}
{"level":"info","timestamp":"2025-10-25T10:13:36.940+0800","caller":"logger/logger.go:88","msg":"gRPC request started","method":"/rpc.user.UserService/CodeLogin","request":"phone:\"13131313131\" code:\"313073\" device_id:\"device_1761358416929_o74aq5up1\""}
{"level":"info","timestamp":"2025-10-25T10:13:36.941+0800","caller":"logger/logger.go:88","msg":"CodeLogin called","phone":"13131313131"}
{"level":"info","timestamp":"2025-10-25T10:13:36.941+0800","caller":"logger/logger.go:88","msg":"CodeLogin service called","phone":"13131313131"}
{"level":"info","timestamp":"2025-10-25T10:13:37.264+0800","caller":"logger/logger.go:88","msg":"gRPC request completed","method":"/rpc.user.UserService/CodeLogin","duration":0.323129135}
{"level":"info","timestamp":"2025-10-25T10:30:01.014+0800","caller":"logger/logger.go:88","msg":"gRPC request started","method":"/rpc.user.UserService/VerifyToken","request":"token:\"eyJhbGciOiJIUzI1NiIsInR5cCI6IkpXVCJ9.eyJ1c2VyX2lkIjoxMSwiaXNzIjoidmlzaW9uLXdvcmxkLXVzZXItc2VydmljZSIsImF1ZCI6WyJ2aXNpb24td29ybGQtYXBwIl0sImV4cCI6MTc2MTQ0NDgxNywibmJmIjoxNzYxMzU4NDE3LCJpYXQiOjE3NjEzNTg0MTd9.3oLjNBA3Isw13z5d6zv6eiXW7w6qY5mhw-LzNZXEwFc\""}
{"level":"info","timestamp":"2025-10-25T10:30:01.016+0800","caller":"logger/logger.go:88","msg":"VerifyToken called","token":"eyJhbGciOiJIUzI1NiIsInR5cCI6IkpXVCJ9.eyJ1c2VyX2lkIjoxMSwiaXNzIjoidmlzaW9uLXdvcmxkLXVzZXItc2VydmljZSIsImF1ZCI6WyJ2aXNpb24td29ybGQtYXBwIl0sImV4cCI6MTc2MTQ0NDgxNywibmJmIjoxNzYxMzU4NDE3LCJpYXQiOjE3NjEzNTg0MTd9.3oLjNBA3Isw13z5d6zv6eiXW7w6qY5mhw-LzNZXEwFc"}
{"level":"info","timestamp":"2025-10-25T10:30:01.016+0800","caller":"logger/logger.go:88","msg":"VerifyToken service called"}
{"level":"info","timestamp":"2025-10-25T10:30:01.059+0800","caller":"logger/logger.go:88","msg":"gRPC request completed","method":"/rpc.user.UserService/VerifyToken","duration":0.044830788}
{"level":"info","timestamp":"2025-10-25T10:42:12.713+0800","caller":"logger/logger.go:88","msg":"gRPC request started","method":"/rpc.user.UserService/SendSmsCode","request":"phone:\"13131313131\" sms_type:\"login\""}
{"level":"info","timestamp":"2025-10-25T10:42:12.714+0800","caller":"logger/logger.go:88","msg":"SendSmsCode called","phone":"13131313131"}
{"level":"info","timestamp":"2025-10-25T10:42:12.714+0800","caller":"logger/logger.go:88","msg":"SendSmsCode service called","phone":"13131313131"}
{"level":"info","timestamp":"2025-10-25T10:42:12.725+0800","caller":"logger/logger.go:88","msg":"SMS code sent successfully","phone":"13131313131"}
{"level":"info","timestamp":"2025-10-25T10:42:12.725+0800","caller":"logger/logger.go:88","msg":"gRPC request completed","method":"/rpc.user.UserService/SendSmsCode","duration":0.012476624}
{"level":"info","timestamp":"2025-10-25T10:42:21.482+0800","caller":"logger/logger.go:88","msg":"gRPC request started","method":"/rpc.user.UserService/CodeLogin","request":"phone:\"13131313131\" code:\"286109\" device_id:\"device_1761358416929_o74aq5up1\""}
{"level":"info","timestamp":"2025-10-25T10:42:21.482+0800","caller":"logger/logger.go:88","msg":"CodeLogin called","phone":"13131313131"}
{"level":"info","timestamp":"2025-10-25T10:42:21.483+0800","caller":"logger/logger.go:88","msg":"CodeLogin service called","phone":"13131313131"}
{"level":"info","timestamp":"2025-10-25T10:42:21.532+0800","caller":"logger/logger.go:88","msg":"gRPC request completed","method":"/rpc.user.UserService/CodeLogin","duration":0.049325178}
{"level":"info","timestamp":"2025-10-25T10:42:50.328+0800","caller":"logger/logger.go:88","msg":"gRPC request started","method":"/rpc.user.UserService/VerifyToken","request":"token:\"eyJhbGciOiJIUzI1NiIsInR5cCI6IkpXVCJ9.eyJ1c2VyX2lkIjoxMSwiaXNzIjoidmlzaW9uLXdvcmxkLXVzZXItc2VydmljZSIsImF1ZCI6WyJ2aXNpb24td29ybGQtYXBwIl0sImV4cCI6MTc2MTQ0NjU0MSwibmJmIjoxNzYxMzYwMTQxLCJpYXQiOjE3NjEzNjAxNDF9.OFR9BZKUs2UXI2Y79Y755vScA_FnPgnIz92ZCL3522g\""}
{"level":"info","timestamp":"2025-10-25T10:42:50.329+0800","caller":"logger/logger.go:88","msg":"VerifyToken called","token":"eyJhbGciOiJIUzI1NiIsInR5cCI6IkpXVCJ9.eyJ1c2VyX2lkIjoxMSwiaXNzIjoidmlzaW9uLXdvcmxkLXVzZXItc2VydmljZSIsImF1ZCI6WyJ2aXNpb24td29ybGQtYXBwIl0sImV4cCI6MTc2MTQ0NjU0MSwibmJmIjoxNzYxMzYwMTQxLCJpYXQiOjE3NjEzNjAxNDF9.OFR9BZKUs2UXI2Y79Y755vScA_FnPgnIz92ZCL3522g"}
{"level":"info","timestamp":"2025-10-25T10:42:50.329+0800","caller":"logger/logger.go:88","msg":"VerifyToken service called"}
{"level":"info","timestamp":"2025-10-25T10:42:50.338+0800","caller":"logger/logger.go:88","msg":"gRPC request completed","method":"/rpc.user.UserService/VerifyToken","duration":0.009719663}
{"level":"info","timestamp":"2025-10-25T10:49:46.138+0800","caller":"logger/logger.go:88","msg":"gRPC request started","method":"/rpc.user.UserService/SendSmsCode","request":"phone:\"13131313131\" sms_type:\"login\""}
{"level":"info","timestamp":"2025-10-25T10:49:46.140+0800","caller":"logger/logger.go:88","msg":"SendSmsCode called","phone":"13131313131"}
{"level":"info","timestamp":"2025-10-25T10:49:46.140+0800","caller":"logger/logger.go:88","msg":"SendSmsCode service called","phone":"13131313131"}
{"level":"info","timestamp":"2025-10-25T10:49:46.152+0800","caller":"logger/logger.go:88","msg":"SMS code sent successfully","phone":"13131313131"}
{"level":"info","timestamp":"2025-10-25T10:49:46.152+0800","caller":"logger/logger.go:88","msg":"gRPC request completed","method":"/rpc.user.UserService/SendSmsCode","duration":0.01392556}
{"level":"info","timestamp":"2025-10-25T10:49:54.342+0800","caller":"logger/logger.go:88","msg":"gRPC request started","method":"/rpc.user.UserService/CodeLogin","request":"phone:\"13131313131\" code:\"479163\" device_id:\"device_1761358416929_o74aq5up1\""}
{"level":"info","timestamp":"2025-10-25T10:49:54.344+0800","caller":"logger/logger.go:88","msg":"CodeLogin called","phone":"13131313131"}
{"level":"info","timestamp":"2025-10-25T10:49:54.344+0800","caller":"logger/logger.go:88","msg":"CodeLogin service called","phone":"13131313131"}
{"level":"info","timestamp":"2025-10-25T10:49:54.378+0800","caller":"logger/logger.go:88","msg":"gRPC request completed","method":"/rpc.user.UserService/CodeLogin","duration":0.035831649}
{"level":"info","timestamp":"2025-10-25T11:13:42.603+0800","caller":"logger/logger.go:88","msg":"gRPC request started","method":"/rpc.user.UserService/VerifyToken","request":"token:\"eyJhbGciOiJIUzI1NiIsInR5cCI6IkpXVCJ9.eyJ1c2VyX2lkIjoxMSwiaXNzIjoidmlzaW9uLXdvcmxkLXVzZXItc2VydmljZSIsImF1ZCI6WyJ2aXNpb24td29ybGQtYXBwIl0sImV4cCI6MTc2MTQ0Njk5NCwibmJmIjoxNzYxMzYwNTk0LCJpYXQiOjE3NjEzNjA1OTR9.eh8both9WCQ9c7T8ZwYm5vrquPoCxaQjORpbY9EaeIE\""}
{"level":"info","timestamp":"2025-10-25T11:13:42.603+0800","caller":"logger/logger.go:88","msg":"gRPC request started","method":"/rpc.user.UserService/VerifyToken","request":"token:\"eyJhbGciOiJIUzI1NiIsInR5cCI6IkpXVCJ9.eyJ1c2VyX2lkIjoxMSwiaXNzIjoidmlzaW9uLXdvcmxkLXVzZXItc2VydmljZSIsImF1ZCI6WyJ2aXNpb24td29ybGQtYXBwIl0sImV4cCI6MTc2MTQ0Njk5NCwibmJmIjoxNzYxMzYwNTk0LCJpYXQiOjE3NjEzNjA1OTR9.eh8both9WCQ9c7T8ZwYm5vrquPoCxaQjORpbY9EaeIE\""}
{"level":"info","timestamp":"2025-10-25T11:13:42.605+0800","caller":"logger/logger.go:88","msg":"VerifyToken called","token":"eyJhbGciOiJIUzI1NiIsInR5cCI6IkpXVCJ9.eyJ1c2VyX2lkIjoxMSwiaXNzIjoidmlzaW9uLXdvcmxkLXVzZXItc2VydmljZSIsImF1ZCI6WyJ2aXNpb24td29ybGQtYXBwIl0sImV4cCI6MTc2MTQ0Njk5NCwibmJmIjoxNzYxMzYwNTk0LCJpYXQiOjE3NjEzNjA1OTR9.eh8both9WCQ9c7T8ZwYm5vrquPoCxaQjORpbY9EaeIE"}
{"level":"info","timestamp":"2025-10-25T11:13:42.605+0800","caller":"logger/logger.go:88","msg":"VerifyToken service called"}
{"level":"info","timestamp":"2025-10-25T11:13:42.605+0800","caller":"logger/logger.go:88","msg":"VerifyToken called","token":"eyJhbGciOiJIUzI1NiIsInR5cCI6IkpXVCJ9.eyJ1c2VyX2lkIjoxMSwiaXNzIjoidmlzaW9uLXdvcmxkLXVzZXItc2VydmljZSIsImF1ZCI6WyJ2aXNpb24td29ybGQtYXBwIl0sImV4cCI6MTc2MTQ0Njk5NCwibmJmIjoxNzYxMzYwNTk0LCJpYXQiOjE3NjEzNjA1OTR9.eh8both9WCQ9c7T8ZwYm5vrquPoCxaQjORpbY9EaeIE"}
{"level":"info","timestamp":"2025-10-25T11:13:42.605+0800","caller":"logger/logger.go:88","msg":"VerifyToken service called"}
{"level":"info","timestamp":"2025-10-25T11:13:42.665+0800","caller":"logger/logger.go:88","msg":"gRPC request completed","method":"/rpc.user.UserService/VerifyToken","duration":0.06270983}
{"level":"info","timestamp":"2025-10-25T11:13:42.672+0800","caller":"logger/logger.go:88","msg":"gRPC request completed","method":"/rpc.user.UserService/VerifyToken","duration":0.069525059}
{"level":"info","timestamp":"2025-10-25T11:13:48.814+0800","caller":"logger/logger.go:88","msg":"gRPC request started","method":"/rpc.user.UserService/SendSmsCode","request":"phone:\"13131313131\" sms_type:\"login\""}
{"level":"info","timestamp":"2025-10-25T11:13:48.814+0800","caller":"logger/logger.go:88","msg":"SendSmsCode called","phone":"13131313131"}
{"level":"info","timestamp":"2025-10-25T11:13:48.815+0800","caller":"logger/logger.go:88","msg":"SendSmsCode service called","phone":"13131313131"}
{"level":"info","timestamp":"2025-10-25T11:13:48.819+0800","caller":"logger/logger.go:88","msg":"SMS code sent successfully","phone":"13131313131"}
{"level":"info","timestamp":"2025-10-25T11:13:48.819+0800","caller":"logger/logger.go:88","msg":"gRPC request completed","method":"/rpc.user.UserService/SendSmsCode","duration":0.004866338}
{"level":"info","timestamp":"2025-10-25T11:14:00.243+0800","caller":"logger/logger.go:88","msg":"gRPC request started","method":"/rpc.user.UserService/CodeLogin","request":"phone:\"13131313131\" code:\"013504\" device_id:\"device_1761358416929_o74aq5up1\""}
{"level":"info","timestamp":"2025-10-25T11:14:00.244+0800","caller":"logger/logger.go:88","msg":"CodeLogin called","phone":"13131313131"}
{"level":"info","timestamp":"2025-10-25T11:14:00.244+0800","caller":"logger/logger.go:88","msg":"CodeLogin service called","phone":"13131313131"}
{"level":"info","timestamp":"2025-10-25T11:14:00.269+0800","caller":"logger/logger.go:88","msg":"gRPC request completed","method":"/rpc.user.UserService/CodeLogin","duration":0.02530124}
{"level":"info","timestamp":"2025-10-25T11:14:05.073+0800","caller":"logger/logger.go:88","msg":"gRPC request started","method":"/rpc.user.UserService/Logout","request":"token:\"eyJhbGciOiJIUzI1NiIsInR5cCI6IkpXVCJ9.eyJ1c2VyX2lkIjoxMSwiaXNzIjoidmlzaW9uLXdvcmxkLXVzZXItc2VydmljZSIsImF1ZCI6WyJ2aXNpb24td29ybGQtYXBwIl0sImV4cCI6MTc2MTQ0ODQ0MCwibmJmIjoxNzYxMzYyMDQwLCJpYXQiOjE3NjEzNjIwNDB9.zThC_LBoeRlqE8H4t5K1hym3A7mM3FqdR1QFc5K3zRU\""}
{"level":"info","timestamp":"2025-10-25T11:14:05.074+0800","caller":"logger/logger.go:88","msg":"Logout called","token":"eyJhbGciOiJIUzI1NiIsInR5cCI6IkpXVCJ9.eyJ1c2VyX2lkIjoxMSwiaXNzIjoidmlzaW9uLXdvcmxkLXVzZXItc2VydmljZSIsImF1ZCI6WyJ2aXNpb24td29ybGQtYXBwIl0sImV4cCI6MTc2MTQ0ODQ0MCwibmJmIjoxNzYxMzYyMDQwLCJpYXQiOjE3NjEzNjIwNDB9.zThC_LBoeRlqE8H4t5K1hym3A7mM3FqdR1QFc5K3zRU"}
{"level":"info","timestamp":"2025-10-25T11:14:05.075+0800","caller":"logger/logger.go:88","msg":"Logout service called"}
{"level":"info","timestamp":"2025-10-25T11:14:05.078+0800","caller":"logger/logger.go:88","msg":"User logged out successfully","userID":11}
{"level":"info","timestamp":"2025-10-25T11:14:05.078+0800","caller":"logger/logger.go:88","msg":"gRPC request completed","method":"/rpc.user.UserService/Logout","duration":0.005022286}
{"level":"info","timestamp":"2025-10-25T11:48:04.307+0800","caller":"logger/logger.go:88","msg":"gRPC request started","method":"/rpc.user.UserService/SendSmsCode","request":"phone:\"13131313131\" sms_type:\"login\""}
{"level":"info","timestamp":"2025-10-25T11:48:04.309+0800","caller":"logger/logger.go:88","msg":"SendSmsCode called","phone":"13131313131"}
{"level":"info","timestamp":"2025-10-25T11:48:04.309+0800","caller":"logger/logger.go:88","msg":"SendSmsCode service called","phone":"13131313131"}
{"level":"info","timestamp":"2025-10-25T11:48:04.324+0800","caller":"logger/logger.go:88","msg":"SMS code sent successfully","phone":"13131313131"}
{"level":"info","timestamp":"2025-10-25T11:48:04.324+0800","caller":"logger/logger.go:88","msg":"gRPC request completed","method":"/rpc.user.UserService/SendSmsCode","duration":0.017136316}
{"level":"info","timestamp":"2025-10-25T11:48:19.730+0800","caller":"logger/logger.go:88","msg":"gRPC request started","method":"/rpc.user.UserService/CodeLogin","request":"phone:\"13131313131\" code:\"718376\" device_id:\"device_1761358416929_o74aq5up1\""}
{"level":"info","timestamp":"2025-10-25T11:48:19.734+0800","caller":"logger/logger.go:88","msg":"CodeLogin called","phone":"13131313131"}
{"level":"info","timestamp":"2025-10-25T11:48:19.734+0800","caller":"logger/logger.go:88","msg":"CodeLogin service called","phone":"13131313131"}
{"level":"info","timestamp":"2025-10-25T11:48:19.888+0800","caller":"logger/logger.go:88","msg":"gRPC request completed","method":"/rpc.user.UserService/CodeLogin","duration":0.157817735}
{"level":"info","timestamp":"2025-10-25T11:52:56.164+0800","caller":"logger/logger.go:88","msg":"gRPC request started","method":"/rpc.user.UserService/VerifyToken","request":"token:\"eyJhbGciOiJIUzI1NiIsInR5cCI6IkpXVCJ9.eyJ1c2VyX2lkIjoxMSwiaXNzIjoidmlzaW9uLXdvcmxkLXVzZXItc2VydmljZSIsImF1ZCI6WyJ2aXNpb24td29ybGQtYXBwIl0sImV4cCI6MTc2MTQ1MDQ5OSwibmJmIjoxNzYxMzY0MDk5LCJpYXQiOjE3NjEzNjQwOTl9.x5R4otiL7ycFepBJKf7pBRWJpxa3KodGip6jA-HyDuI\""}
{"level":"info","timestamp":"2025-10-25T11:52:56.165+0800","caller":"logger/logger.go:88","msg":"VerifyToken called","token":"eyJhbGciOiJIUzI1NiIsInR5cCI6IkpXVCJ9.eyJ1c2VyX2lkIjoxMSwiaXNzIjoidmlzaW9uLXdvcmxkLXVzZXItc2VydmljZSIsImF1ZCI6WyJ2aXNpb24td29ybGQtYXBwIl0sImV4cCI6MTc2MTQ1MDQ5OSwibmJmIjoxNzYxMzY0MDk5LCJpYXQiOjE3NjEzNjQwOTl9.x5R4otiL7ycFepBJKf7pBRWJpxa3KodGip6jA-HyDuI"}
{"level":"info","timestamp":"2025-10-25T11:52:56.165+0800","caller":"logger/logger.go:88","msg":"VerifyToken service called"}
{"level":"info","timestamp":"2025-10-25T11:52:56.165+0800","caller":"logger/logger.go:88","msg":"gRPC request started","method":"/rpc.user.UserService/VerifyToken","request":"token:\"eyJhbGciOiJIUzI1NiIsInR5cCI6IkpXVCJ9.eyJ1c2VyX2lkIjoxMSwiaXNzIjoidmlzaW9uLXdvcmxkLXVzZXItc2VydmljZSIsImF1ZCI6WyJ2aXNpb24td29ybGQtYXBwIl0sImV4cCI6MTc2MTQ1MDQ5OSwibmJmIjoxNzYxMzY0MDk5LCJpYXQiOjE3NjEzNjQwOTl9.x5R4otiL7ycFepBJKf7pBRWJpxa3KodGip6jA-HyDuI\""}
{"level":"info","timestamp":"2025-10-25T11:52:56.167+0800","caller":"logger/logger.go:88","msg":"VerifyToken called","token":"eyJhbGciOiJIUzI1NiIsInR5cCI6IkpXVCJ9.eyJ1c2VyX2lkIjoxMSwiaXNzIjoidmlzaW9uLXdvcmxkLXVzZXItc2VydmljZSIsImF1ZCI6WyJ2aXNpb24td29ybGQtYXBwIl0sImV4cCI6MTc2MTQ1MDQ5OSwibmJmIjoxNzYxMzY0MDk5LCJpYXQiOjE3NjEzNjQwOTl9.x5R4otiL7ycFepBJKf7pBRWJpxa3KodGip6jA-HyDuI"}
{"level":"info","timestamp":"2025-10-25T11:52:56.167+0800","caller":"logger/logger.go:88","msg":"VerifyToken service called"}
{"level":"info","timestamp":"2025-10-25T11:52:56.194+0800","caller":"logger/logger.go:88","msg":"gRPC request completed","method":"/rpc.user.UserService/VerifyToken","duration":0.028978789}
{"level":"info","timestamp":"2025-10-25T11:52:56.196+0800","caller":"logger/logger.go:88","msg":"gRPC request completed","method":"/rpc.user.UserService/VerifyToken","duration":0.031418385}
{"level":"info","timestamp":"2025-10-25T11:55:15.614+0800","caller":"logger/logger.go:88","msg":"gRPC request started","method":"/rpc.user.UserService/SendSmsCode","request":"phone:\"13131313131\" sms_type:\"login\""}
{"level":"info","timestamp":"2025-10-25T11:55:15.615+0800","caller":"logger/logger.go:88","msg":"SendSmsCode called","phone":"13131313131"}
{"level":"info","timestamp":"2025-10-25T11:55:15.615+0800","caller":"logger/logger.go:88","msg":"SendSmsCode service called","phone":"13131313131"}
{"level":"info","timestamp":"2025-10-25T11:55:15.620+0800","caller":"logger/logger.go:88","msg":"SMS code sent successfully","phone":"13131313131"}
{"level":"info","timestamp":"2025-10-25T11:55:15.620+0800","caller":"logger/logger.go:88","msg":"gRPC request completed","method":"/rpc.user.UserService/SendSmsCode","duration":0.005569938}
{"level":"info","timestamp":"2025-10-25T11:55:27.175+0800","caller":"logger/logger.go:88","msg":"gRPC request started","method":"/rpc.user.UserService/CodeLogin","request":"phone:\"13131313131\" code:\"856900\" device_id:\"device_1761358416929_o74aq5up1\""}
{"level":"info","timestamp":"2025-10-25T11:55:27.175+0800","caller":"logger/logger.go:88","msg":"CodeLogin called","phone":"13131313131"}
{"level":"info","timestamp":"2025-10-25T11:55:27.175+0800","caller":"logger/logger.go:88","msg":"CodeLogin service called","phone":"13131313131"}
{"level":"info","timestamp":"2025-10-25T11:55:27.213+0800","caller":"logger/logger.go:88","msg":"gRPC request completed","method":"/rpc.user.UserService/CodeLogin","duration":0.038328219}
{"level":"info","timestamp":"2025-10-25T11:57:19.767+0800","caller":"logger/logger.go:88","msg":"gRPC request started","method":"/rpc.user.UserService/VerifyToken","request":"token:\"eyJhbGciOiJIUzI1NiIsInR5cCI6IkpXVCJ9.eyJ1c2VyX2lkIjoxMSwiaXNzIjoidmlzaW9uLXdvcmxkLXVzZXItc2VydmljZSIsImF1ZCI6WyJ2aXNpb24td29ybGQtYXBwIl0sImV4cCI6MTc2MTQ1MDkyNywibmJmIjoxNzYxMzY0NTI3LCJpYXQiOjE3NjEzNjQ1Mjd9.qhEMro9r1bKT70059RcQmzFl994_IG6CS4JGLEbkQH4\""}
{"level":"info","timestamp":"2025-10-25T11:57:19.768+0800","caller":"logger/logger.go:88","msg":"VerifyToken called","token":"eyJhbGciOiJIUzI1NiIsInR5cCI6IkpXVCJ9.eyJ1c2VyX2lkIjoxMSwiaXNzIjoidmlzaW9uLXdvcmxkLXVzZXItc2VydmljZSIsImF1ZCI6WyJ2aXNpb24td29ybGQtYXBwIl0sImV4cCI6MTc2MTQ1MDkyNywibmJmIjoxNzYxMzY0NTI3LCJpYXQiOjE3NjEzNjQ1Mjd9.qhEMro9r1bKT70059RcQmzFl994_IG6CS4JGLEbkQH4"}
{"level":"info","timestamp":"2025-10-25T11:57:19.769+0800","caller":"logger/logger.go:88","msg":"VerifyToken service called"}
{"level":"info","timestamp":"2025-10-25T11:57:19.767+0800","caller":"logger/logger.go:88","msg":"gRPC request started","method":"/rpc.user.UserService/VerifyToken","request":"token:\"eyJhbGciOiJIUzI1NiIsInR5cCI6IkpXVCJ9.eyJ1c2VyX2lkIjoxMSwiaXNzIjoidmlzaW9uLXdvcmxkLXVzZXItc2VydmljZSIsImF1ZCI6WyJ2aXNpb24td29ybGQtYXBwIl0sImV4cCI6MTc2MTQ1MDkyNywibmJmIjoxNzYxMzY0NTI3LCJpYXQiOjE3NjEzNjQ1Mjd9.qhEMro9r1bKT70059RcQmzFl994_IG6CS4JGLEbkQH4\""}
{"level":"info","timestamp":"2025-10-25T11:57:19.769+0800","caller":"logger/logger.go:88","msg":"VerifyToken called","token":"eyJhbGciOiJIUzI1NiIsInR5cCI6IkpXVCJ9.eyJ1c2VyX2lkIjoxMSwiaXNzIjoidmlzaW9uLXdvcmxkLXVzZXItc2VydmljZSIsImF1ZCI6WyJ2aXNpb24td29ybGQtYXBwIl0sImV4cCI6MTc2MTQ1MDkyNywibmJmIjoxNzYxMzY0NTI3LCJpYXQiOjE3NjEzNjQ1Mjd9.qhEMro9r1bKT70059RcQmzFl994_IG6CS4JGLEbkQH4"}
{"level":"info","timestamp":"2025-10-25T11:57:19.769+0800","caller":"logger/logger.go:88","msg":"VerifyToken service called"}
{"level":"info","timestamp":"2025-10-25T11:57:19.772+0800","caller":"logger/logger.go:88","msg":"gRPC request completed","method":"/rpc.user.UserService/VerifyToken","duration":0.004660381}
{"level":"info","timestamp":"2025-10-25T11:57:19.774+0800","caller":"logger/logger.go:88","msg":"gRPC request completed","method":"/rpc.user.UserService/VerifyToken","duration":0.006939657}
{"level":"info","timestamp":"2025-10-25T11:57:24.231+0800","caller":"logger/logger.go:88","msg":"gRPC request started","method":"/rpc.user.UserService/SendSmsCode","request":"phone:\"13131313131\" sms_type:\"login\""}
{"level":"info","timestamp":"2025-10-25T11:57:24.231+0800","caller":"logger/logger.go:88","msg":"SendSmsCode called","phone":"13131313131"}
{"level":"info","timestamp":"2025-10-25T11:57:24.231+0800","caller":"logger/logger.go:88","msg":"SendSmsCode service called","phone":"13131313131"}
{"level":"info","timestamp":"2025-10-25T11:57:24.236+0800","caller":"logger/logger.go:88","msg":"SMS code sent successfully","phone":"13131313131"}
{"level":"info","timestamp":"2025-10-25T11:57:24.236+0800","caller":"logger/logger.go:88","msg":"gRPC request completed","method":"/rpc.user.UserService/SendSmsCode","duration":0.005121363}
{"level":"info","timestamp":"2025-10-25T11:57:32.846+0800","caller":"logger/logger.go:88","msg":"gRPC request started","method":"/rpc.user.UserService/CodeLogin","request":"phone:\"13131313131\" code:\"141199\" device_id:\"device_1761358416929_o74aq5up1\""}
{"level":"info","timestamp":"2025-10-25T11:57:32.846+0800","caller":"logger/logger.go:88","msg":"CodeLogin called","phone":"13131313131"}
{"level":"info","timestamp":"2025-10-25T11:57:32.846+0800","caller":"logger/logger.go:88","msg":"CodeLogin service called","phone":"13131313131"}
{"level":"info","timestamp":"2025-10-25T11:57:32.866+0800","caller":"logger/logger.go:88","msg":"gRPC request completed","method":"/rpc.user.UserService/CodeLogin","duration":0.019832763}
{"level":"info","timestamp":"2025-10-25T11:57:45.318+0800","caller":"logger/logger.go:88","msg":"gRPC request started","method":"/rpc.user.UserService/VerifyToken","request":"token:\"eyJhbGciOiJIUzI1NiIsInR5cCI6IkpXVCJ9.eyJ1c2VyX2lkIjoxMSwiaXNzIjoidmlzaW9uLXdvcmxkLXVzZXItc2VydmljZSIsImF1ZCI6WyJ2aXNpb24td29ybGQtYXBwIl0sImV4cCI6MTc2MTQ1MTA1MiwibmJmIjoxNzYxMzY0NjUyLCJpYXQiOjE3NjEzNjQ2NTJ9.jNnuravPK_5iJiHmxgiZ8f_gOOd5ucxL6rlbduGHeSk\""}
{"level":"info","timestamp":"2025-10-25T11:57:45.320+0800","caller":"logger/logger.go:88","msg":"VerifyToken called","token":"eyJhbGciOiJIUzI1NiIsInR5cCI6IkpXVCJ9.eyJ1c2VyX2lkIjoxMSwiaXNzIjoidmlzaW9uLXdvcmxkLXVzZXItc2VydmljZSIsImF1ZCI6WyJ2aXNpb24td29ybGQtYXBwIl0sImV4cCI6MTc2MTQ1MTA1MiwibmJmIjoxNzYxMzY0NjUyLCJpYXQiOjE3NjEzNjQ2NTJ9.jNnuravPK_5iJiHmxgiZ8f_gOOd5ucxL6rlbduGHeSk"}
{"level":"info","timestamp":"2025-10-25T11:57:45.320+0800","caller":"logger/logger.go:88","msg":"VerifyToken service called"}
{"level":"info","timestamp":"2025-10-25T11:57:45.318+0800","caller":"logger/logger.go:88","msg":"gRPC request started","method":"/rpc.user.UserService/VerifyToken","request":"token:\"eyJhbGciOiJIUzI1NiIsInR5cCI6IkpXVCJ9.eyJ1c2VyX2lkIjoxMSwiaXNzIjoidmlzaW9uLXdvcmxkLXVzZXItc2VydmljZSIsImF1ZCI6WyJ2aXNpb24td29ybGQtYXBwIl0sImV4cCI6MTc2MTQ1MTA1MiwibmJmIjoxNzYxMzY0NjUyLCJpYXQiOjE3NjEzNjQ2NTJ9.jNnuravPK_5iJiHmxgiZ8f_gOOd5ucxL6rlbduGHeSk\""}
{"level":"info","timestamp":"2025-10-25T11:57:45.320+0800","caller":"logger/logger.go:88","msg":"VerifyToken called","token":"eyJhbGciOiJIUzI1NiIsInR5cCI6IkpXVCJ9.eyJ1c2VyX2lkIjoxMSwiaXNzIjoidmlzaW9uLXdvcmxkLXVzZXItc2VydmljZSIsImF1ZCI6WyJ2aXNpb24td29ybGQtYXBwIl0sImV4cCI6MTc2MTQ1MTA1MiwibmJmIjoxNzYxMzY0NjUyLCJpYXQiOjE3NjEzNjQ2NTJ9.jNnuravPK_5iJiHmxgiZ8f_gOOd5ucxL6rlbduGHeSk"}
{"level":"info","timestamp":"2025-10-25T11:57:45.320+0800","caller":"logger/logger.go:88","msg":"VerifyToken service called"}
{"level":"info","timestamp":"2025-10-25T11:57:45.324+0800","caller":"logger/logger.go:88","msg":"gRPC request completed","method":"/rpc.user.UserService/VerifyToken","duration":0.005553045}
{"level":"info","timestamp":"2025-10-25T11:57:45.333+0800","caller":"logger/logger.go:88","msg":"gRPC request completed","method":"/rpc.user.UserService/VerifyToken","duration":0.014835148}
{"level":"info","timestamp":"2025-10-25T15:29:10.184+0800","caller":"logger/logger.go:88","msg":"gRPC request started","method":"/rpc.user.UserService/SendSmsCode","request":"phone:\"13131313131\" sms_type:\"login\""}
{"level":"info","timestamp":"2025-10-25T15:29:10.188+0800","caller":"logger/logger.go:88","msg":"SendSmsCode called","phone":"13131313131"}
{"level":"info","timestamp":"2025-10-25T15:29:10.188+0800","caller":"logger/logger.go:88","msg":"SendSmsCode service called","phone":"13131313131"}
{"level":"info","timestamp":"2025-10-25T15:29:10.198+0800","caller":"logger/logger.go:88","msg":"SMS code sent successfully","phone":"13131313131"}
{"level":"info","timestamp":"2025-10-25T15:29:10.198+0800","caller":"logger/logger.go:88","msg":"gRPC request completed","method":"/rpc.user.UserService/SendSmsCode","duration":0.013344738}
{"level":"info","timestamp":"2025-10-25T15:29:18.722+0800","caller":"logger/logger.go:88","msg":"gRPC request started","method":"/rpc.user.UserService/CodeLogin","request":"phone:\"13131313131\" code:\"343091\" device_id:\"device_1761358416929_o74aq5up1\""}
{"level":"info","timestamp":"2025-10-25T15:29:18.723+0800","caller":"logger/logger.go:88","msg":"CodeLogin called","phone":"13131313131"}
{"level":"info","timestamp":"2025-10-25T15:29:18.723+0800","caller":"logger/logger.go:88","msg":"CodeLogin service called","phone":"13131313131"}
{"level":"info","timestamp":"2025-10-25T15:29:18.814+0800","caller":"logger/logger.go:88","msg":"gRPC request completed","method":"/rpc.user.UserService/CodeLogin","duration":0.091702776}
{"level":"info","timestamp":"2025-10-25T15:29:32.824+0800","caller":"logger/logger.go:88","msg":"gRPC request started","method":"/rpc.user.UserService/VerifyToken","request":"token:\"eyJhbGciOiJIUzI1NiIsInR5cCI6IkpXVCJ9.eyJ1c2VyX2lkIjoxMSwiaXNzIjoidmlzaW9uLXdvcmxkLXVzZXItc2VydmljZSIsImF1ZCI6WyJ2aXNpb24td29ybGQtYXBwIl0sImV4cCI6MTc2MTQ2Mzc1OCwibmJmIjoxNzYxMzc3MzU4LCJpYXQiOjE3NjEzNzczNTh9.l8942VYQOWzrOJcTxD892G5sq9RvGMvsumt-jlbBuSE\""}
{"level":"info","timestamp":"2025-10-25T15:29:32.824+0800","caller":"logger/logger.go:88","msg":"VerifyToken called","token":"eyJhbGciOiJIUzI1NiIsInR5cCI6IkpXVCJ9.eyJ1c2VyX2lkIjoxMSwiaXNzIjoidmlzaW9uLXdvcmxkLXVzZXItc2VydmljZSIsImF1ZCI6WyJ2aXNpb24td29ybGQtYXBwIl0sImV4cCI6MTc2MTQ2Mzc1OCwibmJmIjoxNzYxMzc3MzU4LCJpYXQiOjE3NjEzNzczNTh9.l8942VYQOWzrOJcTxD892G5sq9RvGMvsumt-jlbBuSE"}
{"level":"info","timestamp":"2025-10-25T15:29:32.824+0800","caller":"logger/logger.go:88","msg":"VerifyToken service called"}
{"level":"info","timestamp":"2025-10-25T15:29:32.825+0800","caller":"logger/logger.go:88","msg":"gRPC request started","method":"/rpc.user.UserService/VerifyToken","request":"token:\"eyJhbGciOiJIUzI1NiIsInR5cCI6IkpXVCJ9.eyJ1c2VyX2lkIjoxMSwiaXNzIjoidmlzaW9uLXdvcmxkLXVzZXItc2VydmljZSIsImF1ZCI6WyJ2aXNpb24td29ybGQtYXBwIl0sImV4cCI6MTc2MTQ2Mzc1OCwibmJmIjoxNzYxMzc3MzU4LCJpYXQiOjE3NjEzNzczNTh9.l8942VYQOWzrOJcTxD892G5sq9RvGMvsumt-jlbBuSE\""}
{"level":"info","timestamp":"2025-10-25T15:29:32.825+0800","caller":"logger/logger.go:88","msg":"VerifyToken called","token":"eyJhbGciOiJIUzI1NiIsInR5cCI6IkpXVCJ9.eyJ1c2VyX2lkIjoxMSwiaXNzIjoidmlzaW9uLXdvcmxkLXVzZXItc2VydmljZSIsImF1ZCI6WyJ2aXNpb24td29ybGQtYXBwIl0sImV4cCI6MTc2MTQ2Mzc1OCwibmJmIjoxNzYxMzc3MzU4LCJpYXQiOjE3NjEzNzczNTh9.l8942VYQOWzrOJcTxD892G5sq9RvGMvsumt-jlbBuSE"}
{"level":"info","timestamp":"2025-10-25T15:29:32.825+0800","caller":"logger/logger.go:88","msg":"VerifyToken service called"}
{"level":"info","timestamp":"2025-10-25T15:29:32.829+0800","caller":"logger/logger.go:88","msg":"gRPC request completed","method":"/rpc.user.UserService/VerifyToken","duration":0.005304273}
{"level":"info","timestamp":"2025-10-25T15:29:32.854+0800","caller":"logger/logger.go:88","msg":"gRPC request completed","method":"/rpc.user.UserService/VerifyToken","duration":0.028491716}
{"level":"info","timestamp":"2025-10-25T15:37:43.928+0800","caller":"logger/logger.go:88","msg":"gRPC request started","method":"/rpc.user.UserService/SendSmsCode","request":"phone:\"13131313131\" sms_type:\"login\""}
{"level":"info","timestamp":"2025-10-25T15:37:43.930+0800","caller":"logger/logger.go:88","msg":"SendSmsCode called","phone":"13131313131"}
{"level":"info","timestamp":"2025-10-25T15:37:43.930+0800","caller":"logger/logger.go:88","msg":"SendSmsCode service called","phone":"13131313131"}
{"level":"info","timestamp":"2025-10-25T15:37:43.956+0800","caller":"logger/logger.go:88","msg":"SMS code sent successfully","phone":"13131313131"}
{"level":"info","timestamp":"2025-10-25T15:37:43.956+0800","caller":"logger/logger.go:88","msg":"gRPC request completed","method":"/rpc.user.UserService/SendSmsCode","duration":0.028066651}
{"level":"info","timestamp":"2025-10-25T15:37:50.373+0800","caller":"logger/logger.go:88","msg":"gRPC request started","method":"/rpc.user.UserService/CodeLogin","request":"phone:\"13131313131\" code:\"312812\" device_id:\"device_1761358416929_o74aq5up1\""}
{"level":"info","timestamp":"2025-10-25T15:37:50.373+0800","caller":"logger/logger.go:88","msg":"CodeLogin called","phone":"13131313131"}
{"level":"info","timestamp":"2025-10-25T15:37:50.373+0800","caller":"logger/logger.go:88","msg":"CodeLogin service called","phone":"13131313131"}
{"level":"info","timestamp":"2025-10-25T15:37:50.406+0800","caller":"logger/logger.go:88","msg":"gRPC request completed","method":"/rpc.user.UserService/CodeLogin","duration":0.033146768}
{"level":"info","timestamp":"2025-10-25T15:38:02.217+0800","caller":"logger/logger.go:88","msg":"gRPC request started","method":"/rpc.user.UserService/VerifyToken","request":"token:\"eyJhbGciOiJIUzI1NiIsInR5cCI6IkpXVCJ9.eyJ1c2VyX2lkIjoxMSwiaXNzIjoidmlzaW9uLXdvcmxkLXVzZXItc2VydmljZSIsImF1ZCI6WyJ2aXNpb24td29ybGQtYXBwIl0sImV4cCI6MTc2MTQ2NDI3MCwibmJmIjoxNzYxMzc3ODcwLCJpYXQiOjE3NjEzNzc4NzB9.C1qsFeY0Ok2BrXVyHslt8UhGX3RkpjddJpwV2x2Eyj8\""}
{"level":"info","timestamp":"2025-10-25T15:38:02.217+0800","caller":"logger/logger.go:88","msg":"VerifyToken called","token":"eyJhbGciOiJIUzI1NiIsInR5cCI6IkpXVCJ9.eyJ1c2VyX2lkIjoxMSwiaXNzIjoidmlzaW9uLXdvcmxkLXVzZXItc2VydmljZSIsImF1ZCI6WyJ2aXNpb24td29ybGQtYXBwIl0sImV4cCI6MTc2MTQ2NDI3MCwibmJmIjoxNzYxMzc3ODcwLCJpYXQiOjE3NjEzNzc4NzB9.C1qsFeY0Ok2BrXVyHslt8UhGX3RkpjddJpwV2x2Eyj8"}
{"level":"info","timestamp":"2025-10-25T15:38:02.217+0800","caller":"logger/logger.go:88","msg":"VerifyToken service called"}
{"level":"info","timestamp":"2025-10-25T15:38:02.218+0800","caller":"logger/logger.go:88","msg":"gRPC request started","method":"/rpc.user.UserService/VerifyToken","request":"token:\"eyJhbGciOiJIUzI1NiIsInR5cCI6IkpXVCJ9.eyJ1c2VyX2lkIjoxMSwiaXNzIjoidmlzaW9uLXdvcmxkLXVzZXItc2VydmljZSIsImF1ZCI6WyJ2aXNpb24td29ybGQtYXBwIl0sImV4cCI6MTc2MTQ2NDI3MCwibmJmIjoxNzYxMzc3ODcwLCJpYXQiOjE3NjEzNzc4NzB9.C1qsFeY0Ok2BrXVyHslt8UhGX3RkpjddJpwV2x2Eyj8\""}
{"level":"info","timestamp":"2025-10-25T15:38:02.218+0800","caller":"logger/logger.go:88","msg":"VerifyToken called","token":"eyJhbGciOiJIUzI1NiIsInR5cCI6IkpXVCJ9.eyJ1c2VyX2lkIjoxMSwiaXNzIjoidmlzaW9uLXdvcmxkLXVzZXItc2VydmljZSIsImF1ZCI6WyJ2aXNpb24td29ybGQtYXBwIl0sImV4cCI6MTc2MTQ2NDI3MCwibmJmIjoxNzYxMzc3ODcwLCJpYXQiOjE3NjEzNzc4NzB9.C1qsFeY0Ok2BrXVyHslt8UhGX3RkpjddJpwV2x2Eyj8"}
{"level":"info","timestamp":"2025-10-25T15:38:02.218+0800","caller":"logger/logger.go:88","msg":"VerifyToken service called"}
{"level":"info","timestamp":"2025-10-25T15:38:02.222+0800","caller":"logger/logger.go:88","msg":"gRPC request completed","method":"/rpc.user.UserService/VerifyToken","duration":0.004647028}
{"level":"info","timestamp":"2025-10-25T15:38:02.231+0800","caller":"logger/logger.go:88","msg":"gRPC request completed","method":"/rpc.user.UserService/VerifyToken","duration":0.012846957}
{"level":"info","timestamp":"2025-10-25T15:40:20.903+0800","caller":"logger/logger.go:88","msg":"gRPC request started","method":"/rpc.user.UserService/SendSmsCode","request":"phone:\"13131313131\" sms_type:\"login\""}
{"level":"info","timestamp":"2025-10-25T15:40:20.904+0800","caller":"logger/logger.go:88","msg":"SendSmsCode called","phone":"13131313131"}
{"level":"info","timestamp":"2025-10-25T15:40:20.904+0800","caller":"logger/logger.go:88","msg":"SendSmsCode service called","phone":"13131313131"}
{"level":"info","timestamp":"2025-10-25T15:40:20.908+0800","caller":"logger/logger.go:88","msg":"SMS code sent successfully","phone":"13131313131"}
{"level":"info","timestamp":"2025-10-25T15:40:20.908+0800","caller":"logger/logger.go:88","msg":"gRPC request completed","method":"/rpc.user.UserService/SendSmsCode","duration":0.005146096}
{"level":"info","timestamp":"2025-10-25T15:40:26.364+0800","caller":"logger/logger.go:88","msg":"gRPC request started","method":"/rpc.user.UserService/CodeLogin","request":"phone:\"13131313131\" code:\"614466\" device_id:\"device_1761358416929_o74aq5up1\""}
{"level":"info","timestamp":"2025-10-25T15:40:26.365+0800","caller":"logger/logger.go:88","msg":"CodeLogin called","phone":"13131313131"}
{"level":"info","timestamp":"2025-10-25T15:40:26.365+0800","caller":"logger/logger.go:88","msg":"CodeLogin service called","phone":"13131313131"}
{"level":"info","timestamp":"2025-10-25T15:40:26.394+0800","caller":"logger/logger.go:88","msg":"gRPC request completed","method":"/rpc.user.UserService/CodeLogin","duration":0.030095333}
{"level":"info","timestamp":"2025-10-25T15:40:37.558+0800","caller":"logger/logger.go:88","msg":"gRPC request started","method":"/rpc.user.UserService/VerifyToken","request":"token:\"eyJhbGciOiJIUzI1NiIsInR5cCI6IkpXVCJ9.eyJ1c2VyX2lkIjoxMSwiaXNzIjoidmlzaW9uLXdvcmxkLXVzZXItc2VydmljZSIsImF1ZCI6WyJ2aXNpb24td29ybGQtYXBwIl0sImV4cCI6MTc2MTQ2NDQyNiwibmJmIjoxNzYxMzc4MDI2LCJpYXQiOjE3NjEzNzgwMjZ9.jMdDqNzKYyTSeMYLqWf4XyP4Qd6TijGUUtE95jtq7S0\""}
{"level":"info","timestamp":"2025-10-25T15:40:37.558+0800","caller":"logger/logger.go:88","msg":"VerifyToken called","token":"eyJhbGciOiJIUzI1NiIsInR5cCI6IkpXVCJ9.eyJ1c2VyX2lkIjoxMSwiaXNzIjoidmlzaW9uLXdvcmxkLXVzZXItc2VydmljZSIsImF1ZCI6WyJ2aXNpb24td29ybGQtYXBwIl0sImV4cCI6MTc2MTQ2NDQyNiwibmJmIjoxNzYxMzc4MDI2LCJpYXQiOjE3NjEzNzgwMjZ9.jMdDqNzKYyTSeMYLqWf4XyP4Qd6TijGUUtE95jtq7S0"}
{"level":"info","timestamp":"2025-10-25T15:40:37.558+0800","caller":"logger/logger.go:88","msg":"VerifyToken service called"}
{"level":"info","timestamp":"2025-10-25T15:40:37.558+0800","caller":"logger/logger.go:88","msg":"gRPC request started","method":"/rpc.user.UserService/VerifyToken","request":"token:\"eyJhbGciOiJIUzI1NiIsInR5cCI6IkpXVCJ9.eyJ1c2VyX2lkIjoxMSwiaXNzIjoidmlzaW9uLXdvcmxkLXVzZXItc2VydmljZSIsImF1ZCI6WyJ2aXNpb24td29ybGQtYXBwIl0sImV4cCI6MTc2MTQ2NDQyNiwibmJmIjoxNzYxMzc4MDI2LCJpYXQiOjE3NjEzNzgwMjZ9.jMdDqNzKYyTSeMYLqWf4XyP4Qd6TijGUUtE95jtq7S0\""}
{"level":"info","timestamp":"2025-10-25T15:40:37.558+0800","caller":"logger/logger.go:88","msg":"VerifyToken called","token":"eyJhbGciOiJIUzI1NiIsInR5cCI6IkpXVCJ9.eyJ1c2VyX2lkIjoxMSwiaXNzIjoidmlzaW9uLXdvcmxkLXVzZXItc2VydmljZSIsImF1ZCI6WyJ2aXNpb24td29ybGQtYXBwIl0sImV4cCI6MTc2MTQ2NDQyNiwibmJmIjoxNzYxMzc4MDI2LCJpYXQiOjE3NjEzNzgwMjZ9.jMdDqNzKYyTSeMYLqWf4XyP4Qd6TijGUUtE95jtq7S0"}
{"level":"info","timestamp":"2025-10-25T15:40:37.558+0800","caller":"logger/logger.go:88","msg":"VerifyToken service called"}
{"level":"info","timestamp":"2025-10-25T15:40:37.564+0800","caller":"logger/logger.go:88","msg":"gRPC request completed","method":"/rpc.user.UserService/VerifyToken","duration":0.00615181}
{"level":"info","timestamp":"2025-10-25T15:40:37.568+0800","caller":"logger/logger.go:88","msg":"gRPC request completed","method":"/rpc.user.UserService/VerifyToken","duration":0.009261538}
{"level":"info","timestamp":"2025-10-25T15:40:42.073+0800","caller":"logger/logger.go:88","msg":"gRPC request started","method":"/rpc.user.UserService/SendSmsCode","request":"phone:\"13131313131\" sms_type:\"login\""}
{"level":"info","timestamp":"2025-10-25T15:40:42.073+0800","caller":"logger/logger.go:88","msg":"SendSmsCode called","phone":"13131313131"}
{"level":"info","timestamp":"2025-10-25T15:40:42.073+0800","caller":"logger/logger.go:88","msg":"SendSmsCode service called","phone":"13131313131"}
{"level":"warn","timestamp":"2025-10-25T15:40:42.075+0800","caller":"logger/logger.go:93","msg":"SMS send rate limit exceeded","phone":"13131313131"}
{"level":"error","timestamp":"2025-10-25T15:40:42.076+0800","caller":"logger/logger.go:98","msg":"SendSmsCode failed","error":"发送过于频繁，请稍后再试","phone":"13131313131","stacktrace":"user_service/pkg/logger.(*zapLogger).Error\n\t/Users/kanyu/Desktop/project/kanyu_server/new_project/project/vision_world_back/service/user_service/pkg/logger/logger.go:98\nuser_service/internal/handler.(*UserServiceHandler).SendSmsCode\n\t/Users/kanyu/Desktop/project/kanyu_server/new_project/project/vision_world_back/service/user_service/internal/handler/handler.go:117\nuser_service/proto/proto_gen._UserService_SendSmsCode_Handler.func1\n\t/Users/kanyu/Desktop/project/kanyu_server/new_project/project/vision_world_back/service/user_service/proto/proto_gen/user_grpc.pb.go:267\nmain.main.unaryInterceptor.func8\n\t/Users/kanyu/Desktop/project/kanyu_server/new_project/project/vision_world_back/service/user_service/cmd/server/main.go:153\nuser_service/proto/proto_gen._UserService_SendSmsCode_Handler\n\t/Users/kanyu/Desktop/project/kanyu_server/new_project/project/vision_world_back/service/user_service/proto/proto_gen/user_grpc.pb.go:269\ngoogle.golang.org/grpc.(*Server).processUnaryRPC\n\t/Users/kanyu/Desktop/goproject/pkg/mod/google.golang.org/grpc@v1.75.1/server.go:1431\ngoogle.golang.org/grpc.(*Server).handleStream\n\t/Users/kanyu/Desktop/goproject/pkg/mod/google.golang.org/grpc@v1.75.1/server.go:1842\ngoogle.golang.org/grpc.(*Server).serveStreams.func2.1\n\t/Users/kanyu/Desktop/goproject/pkg/mod/google.golang.org/grpc@v1.75.1/server.go:1061"}
{"level":"info","timestamp":"2025-10-25T15:40:42.080+0800","caller":"logger/logger.go:88","msg":"gRPC request completed","method":"/rpc.user.UserService/SendSmsCode","duration":0.00688121}
{"level":"info","timestamp":"2025-10-25T15:41:05.624+0800","caller":"logger/logger.go:88","msg":"gRPC request started","method":"/rpc.user.UserService/SendSmsCode","request":"phone:\"13131313131\" sms_type:\"login\""}
{"level":"info","timestamp":"2025-10-25T15:41:05.625+0800","caller":"logger/logger.go:88","msg":"SendSmsCode called","phone":"13131313131"}
{"level":"info","timestamp":"2025-10-25T15:41:05.625+0800","caller":"logger/logger.go:88","msg":"SendSmsCode service called","phone":"13131313131"}
{"level":"warn","timestamp":"2025-10-25T15:41:05.630+0800","caller":"logger/logger.go:93","msg":"SMS send rate limit exceeded","phone":"13131313131"}
{"level":"error","timestamp":"2025-10-25T15:41:05.630+0800","caller":"logger/logger.go:98","msg":"SendSmsCode failed","error":"发送过于频繁，请稍后再试","phone":"13131313131","stacktrace":"user_service/pkg/logger.(*zapLogger).Error\n\t/Users/kanyu/Desktop/project/kanyu_server/new_project/project/vision_world_back/service/user_service/pkg/logger/logger.go:98\nuser_service/internal/handler.(*UserServiceHandler).SendSmsCode\n\t/Users/kanyu/Desktop/project/kanyu_server/new_project/project/vision_world_back/service/user_service/internal/handler/handler.go:117\nuser_service/proto/proto_gen._UserService_SendSmsCode_Handler.func1\n\t/Users/kanyu/Desktop/project/kanyu_server/new_project/project/vision_world_back/service/user_service/proto/proto_gen/user_grpc.pb.go:267\nmain.main.unaryInterceptor.func8\n\t/Users/kanyu/Desktop/project/kanyu_server/new_project/project/vision_world_back/service/user_service/cmd/server/main.go:153\nuser_service/proto/proto_gen._UserService_SendSmsCode_Handler\n\t/Users/kanyu/Desktop/project/kanyu_server/new_project/project/vision_world_back/service/user_service/proto/proto_gen/user_grpc.pb.go:269\ngoogle.golang.org/grpc.(*Server).processUnaryRPC\n\t/Users/kanyu/Desktop/goproject/pkg/mod/google.golang.org/grpc@v1.75.1/server.go:1431\ngoogle.golang.org/grpc.(*Server).handleStream\n\t/Users/kanyu/Desktop/goproject/pkg/mod/google.golang.org/grpc@v1.75.1/server.go:1842\ngoogle.golang.org/grpc.(*Server).serveStreams.func2.1\n\t/Users/kanyu/Desktop/goproject/pkg/mod/google.golang.org/grpc@v1.75.1/server.go:1061"}
{"level":"info","timestamp":"2025-10-25T15:41:05.630+0800","caller":"logger/logger.go:88","msg":"gRPC request completed","method":"/rpc.user.UserService/SendSmsCode","duration":0.005738914}
{"level":"info","timestamp":"2025-10-25T15:41:16.953+0800","caller":"logger/logger.go:88","msg":"gRPC request started","method":"/rpc.user.UserService/CodeLogin","request":"phone:\"13131313131\" code:\"312812\" device_id:\"device_1761358416929_o74aq5up1\""}
{"level":"info","timestamp":"2025-10-25T15:41:16.953+0800","caller":"logger/logger.go:88","msg":"CodeLogin called","phone":"13131313131"}
{"level":"info","timestamp":"2025-10-25T15:41:16.953+0800","caller":"logger/logger.go:88","msg":"CodeLogin service called","phone":"13131313131"}
{"level":"error","timestamp":"2025-10-25T15:41:16.957+0800","caller":"logger/logger.go:98","msg":"Failed to get SMS code","phone":"13131313131","error":"sms code not found or expired for phone: 13131313131","stacktrace":"user_service/pkg/logger.(*zapLogger).Error\n\t/Users/kanyu/Desktop/project/kanyu_server/new_project/project/vision_world_back/service/user_service/pkg/logger/logger.go:98\nuser_service/internal/service.(*userService).CodeLogin\n\t/Users/kanyu/Desktop/project/kanyu_server/new_project/project/vision_world_back/service/user_service/internal/service/user_service.go:175\nuser_service/internal/handler.(*UserServiceHandler).CodeLogin\n\t/Users/kanyu/Desktop/project/kanyu_server/new_project/project/vision_world_back/service/user_service/internal/handler/handler.go:94\nuser_service/proto/proto_gen._UserService_CodeLogin_Handler.func1\n\t/Users/kanyu/Desktop/project/kanyu_server/new_project/project/vision_world_back/service/user_service/proto/proto_gen/user_grpc.pb.go:249\nmain.main.unaryInterceptor.func8\n\t/Users/kanyu/Desktop/project/kanyu_server/new_project/project/vision_world_back/service/user_service/cmd/server/main.go:153\nuser_service/proto/proto_gen._UserService_CodeLogin_Handler\n\t/Users/kanyu/Desktop/project/kanyu_server/new_project/project/vision_world_back/service/user_service/proto/proto_gen/user_grpc.pb.go:251\ngoogle.golang.org/grpc.(*Server).processUnaryRPC\n\t/Users/kanyu/Desktop/goproject/pkg/mod/google.golang.org/grpc@v1.75.1/server.go:1431\ngoogle.golang.org/grpc.(*Server).handleStream\n\t/Users/kanyu/Desktop/goproject/pkg/mod/google.golang.org/grpc@v1.75.1/server.go:1842\ngoogle.golang.org/grpc.(*Server).serveStreams.func2.1\n\t/Users/kanyu/Desktop/goproject/pkg/mod/google.golang.org/grpc@v1.75.1/server.go:1061"}
{"level":"error","timestamp":"2025-10-25T15:41:16.958+0800","caller":"logger/logger.go:98","msg":"CodeLogin failed","error":"验证码不存在或已过期","phone":"13131313131","stacktrace":"user_service/pkg/logger.(*zapLogger).Error\n\t/Users/kanyu/Desktop/project/kanyu_server/new_project/project/vision_world_back/service/user_service/pkg/logger/logger.go:98\nuser_service/internal/handler.(*UserServiceHandler).CodeLogin\n\t/Users/kanyu/Desktop/project/kanyu_server/new_project/project/vision_world_back/service/user_service/internal/handler/handler.go:96\nuser_service/proto/proto_gen._UserService_CodeLogin_Handler.func1\n\t/Users/kanyu/Desktop/project/kanyu_server/new_project/project/vision_world_back/service/user_service/proto/proto_gen/user_grpc.pb.go:249\nmain.main.unaryInterceptor.func8\n\t/Users/kanyu/Desktop/project/kanyu_server/new_project/project/vision_world_back/service/user_service/cmd/server/main.go:153\nuser_service/proto/proto_gen._UserService_CodeLogin_Handler\n\t/Users/kanyu/Desktop/project/kanyu_server/new_project/project/vision_world_back/service/user_service/proto/proto_gen/user_grpc.pb.go:251\ngoogle.golang.org/grpc.(*Server).processUnaryRPC\n\t/Users/kanyu/Desktop/goproject/pkg/mod/google.golang.org/grpc@v1.75.1/server.go:1431\ngoogle.golang.org/grpc.(*Server).handleStream\n\t/Users/kanyu/Desktop/goproject/pkg/mod/google.golang.org/grpc@v1.75.1/server.go:1842\ngoogle.golang.org/grpc.(*Server).serveStreams.func2.1\n\t/Users/kanyu/Desktop/goproject/pkg/mod/google.golang.org/grpc@v1.75.1/server.go:1061"}
{"level":"info","timestamp":"2025-10-25T15:41:16.958+0800","caller":"logger/logger.go:88","msg":"gRPC request completed","method":"/rpc.user.UserService/CodeLogin","duration":0.0057172}
{"level":"info","timestamp":"2025-10-25T15:41:43.387+0800","caller":"logger/logger.go:88","msg":"gRPC request started","method":"/rpc.user.UserService/CodeLogin","request":"phone:\"13131313131\" code:\"312812\" device_id:\"device_1761358416929_o74aq5up1\""}
{"level":"info","timestamp":"2025-10-25T15:41:43.389+0800","caller":"logger/logger.go:88","msg":"CodeLogin called","phone":"13131313131"}
{"level":"info","timestamp":"2025-10-25T15:41:43.389+0800","caller":"logger/logger.go:88","msg":"CodeLogin service called","phone":"13131313131"}
{"level":"error","timestamp":"2025-10-25T15:41:43.392+0800","caller":"logger/logger.go:98","msg":"Failed to get SMS code","phone":"13131313131","error":"sms code not found or expired for phone: 13131313131","stacktrace":"user_service/pkg/logger.(*zapLogger).Error\n\t/Users/kanyu/Desktop/project/kanyu_server/new_project/project/vision_world_back/service/user_service/pkg/logger/logger.go:98\nuser_service/internal/service.(*userService).CodeLogin\n\t/Users/kanyu/Desktop/project/kanyu_server/new_project/project/vision_world_back/service/user_service/internal/service/user_service.go:175\nuser_service/internal/handler.(*UserServiceHandler).CodeLogin\n\t/Users/kanyu/Desktop/project/kanyu_server/new_project/project/vision_world_back/service/user_service/internal/handler/handler.go:94\nuser_service/proto/proto_gen._UserService_CodeLogin_Handler.func1\n\t/Users/kanyu/Desktop/project/kanyu_server/new_project/project/vision_world_back/service/user_service/proto/proto_gen/user_grpc.pb.go:249\nmain.main.unaryInterceptor.func8\n\t/Users/kanyu/Desktop/project/kanyu_server/new_project/project/vision_world_back/service/user_service/cmd/server/main.go:153\nuser_service/proto/proto_gen._UserService_CodeLogin_Handler\n\t/Users/kanyu/Desktop/project/kanyu_server/new_project/project/vision_world_back/service/user_service/proto/proto_gen/user_grpc.pb.go:251\ngoogle.golang.org/grpc.(*Server).processUnaryRPC\n\t/Users/kanyu/Desktop/goproject/pkg/mod/google.golang.org/grpc@v1.75.1/server.go:1431\ngoogle.golang.org/grpc.(*Server).handleStream\n\t/Users/kanyu/Desktop/goproject/pkg/mod/google.golang.org/grpc@v1.75.1/server.go:1842\ngoogle.golang.org/grpc.(*Server).serveStreams.func2.1\n\t/Users/kanyu/Desktop/goproject/pkg/mod/google.golang.org/grpc@v1.75.1/server.go:1061"}
{"level":"error","timestamp":"2025-10-25T15:41:43.392+0800","caller":"logger/logger.go:98","msg":"CodeLogin failed","error":"验证码不存在或已过期","phone":"13131313131","stacktrace":"user_service/pkg/logger.(*zapLogger).Error\n\t/Users/kanyu/Desktop/project/kanyu_server/new_project/project/vision_world_back/service/user_service/pkg/logger/logger.go:98\nuser_service/internal/handler.(*UserServiceHandler).CodeLogin\n\t/Users/kanyu/Desktop/project/kanyu_server/new_project/project/vision_world_back/service/user_service/internal/handler/handler.go:96\nuser_service/proto/proto_gen._UserService_CodeLogin_Handler.func1\n\t/Users/kanyu/Desktop/project/kanyu_server/new_project/project/vision_world_back/service/user_service/proto/proto_gen/user_grpc.pb.go:249\nmain.main.unaryInterceptor.func8\n\t/Users/kanyu/Desktop/project/kanyu_server/new_project/project/vision_world_back/service/user_service/cmd/server/main.go:153\nuser_service/proto/proto_gen._UserService_CodeLogin_Handler\n\t/Users/kanyu/Desktop/project/kanyu_server/new_project/project/vision_world_back/service/user_service/proto/proto_gen/user_grpc.pb.go:251\ngoogle.golang.org/grpc.(*Server).processUnaryRPC\n\t/Users/kanyu/Desktop/goproject/pkg/mod/google.golang.org/grpc@v1.75.1/server.go:1431\ngoogle.golang.org/grpc.(*Server).handleStream\n\t/Users/kanyu/Desktop/goproject/pkg/mod/google.golang.org/grpc@v1.75.1/server.go:1842\ngoogle.golang.org/grpc.(*Server).serveStreams.func2.1\n\t/Users/kanyu/Desktop/goproject/pkg/mod/google.golang.org/grpc@v1.75.1/server.go:1061"}
{"level":"info","timestamp":"2025-10-25T15:41:43.392+0800","caller":"logger/logger.go:88","msg":"gRPC request completed","method":"/rpc.user.UserService/CodeLogin","duration":0.004564457}
{"level":"info","timestamp":"2025-10-25T15:41:54.963+0800","caller":"logger/logger.go:88","msg":"gRPC request started","method":"/rpc.user.UserService/SendSmsCode","request":"phone:\"13131313131\" sms_type:\"login\""}
{"level":"info","timestamp":"2025-10-25T15:41:54.963+0800","caller":"logger/logger.go:88","msg":"SendSmsCode called","phone":"13131313131"}
{"level":"info","timestamp":"2025-10-25T15:41:54.963+0800","caller":"logger/logger.go:88","msg":"SendSmsCode service called","phone":"13131313131"}
{"level":"info","timestamp":"2025-10-25T15:41:54.968+0800","caller":"logger/logger.go:88","msg":"SMS code sent successfully","phone":"13131313131"}
{"level":"info","timestamp":"2025-10-25T15:41:54.968+0800","caller":"logger/logger.go:88","msg":"gRPC request completed","method":"/rpc.user.UserService/SendSmsCode","duration":0.00539291}
{"level":"info","timestamp":"2025-10-25T15:42:02.054+0800","caller":"logger/logger.go:88","msg":"gRPC request started","method":"/rpc.user.UserService/CodeLogin","request":"phone:\"13131313131\" code:\"854314\" device_id:\"device_1761358416929_o74aq5up1\""}
{"level":"info","timestamp":"2025-10-25T15:42:02.054+0800","caller":"logger/logger.go:88","msg":"CodeLogin called","phone":"13131313131"}
{"level":"info","timestamp":"2025-10-25T15:42:02.054+0800","caller":"logger/logger.go:88","msg":"CodeLogin service called","phone":"13131313131"}
{"level":"info","timestamp":"2025-10-25T15:42:02.064+0800","caller":"logger/logger.go:88","msg":"gRPC request completed","method":"/rpc.user.UserService/CodeLogin","duration":0.010974742}
{"level":"info","timestamp":"2025-10-25T15:44:06.479+0800","caller":"logger/logger.go:88","msg":"gRPC request started","method":"/rpc.user.UserService/VerifyToken","request":"token:\"eyJhbGciOiJIUzI1NiIsInR5cCI6IkpXVCJ9.eyJ1c2VyX2lkIjoxMSwiaXNzIjoidmlzaW9uLXdvcmxkLXVzZXItc2VydmljZSIsImF1ZCI6WyJ2aXNpb24td29ybGQtYXBwIl0sImV4cCI6MTc2MTQ2NDUyMiwibmJmIjoxNzYxMzc4MTIyLCJpYXQiOjE3NjEzNzgxMjJ9.T37Z81DK2Bu5v7Ip3mDqV1ipBZZE2b6dfvTAWlG9gps\""}
{"level":"info","timestamp":"2025-10-25T15:44:06.480+0800","caller":"logger/logger.go:88","msg":"VerifyToken called","token":"eyJhbGciOiJIUzI1NiIsInR5cCI6IkpXVCJ9.eyJ1c2VyX2lkIjoxMSwiaXNzIjoidmlzaW9uLXdvcmxkLXVzZXItc2VydmljZSIsImF1ZCI6WyJ2aXNpb24td29ybGQtYXBwIl0sImV4cCI6MTc2MTQ2NDUyMiwibmJmIjoxNzYxMzc4MTIyLCJpYXQiOjE3NjEzNzgxMjJ9.T37Z81DK2Bu5v7Ip3mDqV1ipBZZE2b6dfvTAWlG9gps"}
{"level":"info","timestamp":"2025-10-25T15:44:06.480+0800","caller":"logger/logger.go:88","msg":"VerifyToken service called"}
{"level":"info","timestamp":"2025-10-25T15:44:06.482+0800","caller":"logger/logger.go:88","msg":"gRPC request started","method":"/rpc.user.UserService/VerifyToken","request":"token:\"eyJhbGciOiJIUzI1NiIsInR5cCI6IkpXVCJ9.eyJ1c2VyX2lkIjoxMSwiaXNzIjoidmlzaW9uLXdvcmxkLXVzZXItc2VydmljZSIsImF1ZCI6WyJ2aXNpb24td29ybGQtYXBwIl0sImV4cCI6MTc2MTQ2NDUyMiwibmJmIjoxNzYxMzc4MTIyLCJpYXQiOjE3NjEzNzgxMjJ9.T37Z81DK2Bu5v7Ip3mDqV1ipBZZE2b6dfvTAWlG9gps\""}
{"level":"info","timestamp":"2025-10-25T15:44:06.482+0800","caller":"logger/logger.go:88","msg":"VerifyToken called","token":"eyJhbGciOiJIUzI1NiIsInR5cCI6IkpXVCJ9.eyJ1c2VyX2lkIjoxMSwiaXNzIjoidmlzaW9uLXdvcmxkLXVzZXItc2VydmljZSIsImF1ZCI6WyJ2aXNpb24td29ybGQtYXBwIl0sImV4cCI6MTc2MTQ2NDUyMiwibmJmIjoxNzYxMzc4MTIyLCJpYXQiOjE3NjEzNzgxMjJ9.T37Z81DK2Bu5v7Ip3mDqV1ipBZZE2b6dfvTAWlG9gps"}
{"level":"info","timestamp":"2025-10-25T15:44:06.482+0800","caller":"logger/logger.go:88","msg":"VerifyToken service called"}
{"level":"info","timestamp":"2025-10-25T15:44:06.489+0800","caller":"logger/logger.go:88","msg":"gRPC request completed","method":"/rpc.user.UserService/VerifyToken","duration":0.01026295}
{"level":"info","timestamp":"2025-10-25T15:44:06.491+0800","caller":"logger/logger.go:88","msg":"gRPC request completed","method":"/rpc.user.UserService/VerifyToken","duration":0.009119517}
{"level":"info","timestamp":"2025-10-25T15:54:53.567+0800","caller":"logger/logger.go:88","msg":"gRPC request started","method":"/rpc.user.UserService/SendSmsCode","request":"phone:\"13131313131\" sms_type:\"login\""}
{"level":"info","timestamp":"2025-10-25T15:54:53.569+0800","caller":"logger/logger.go:88","msg":"SendSmsCode called","phone":"13131313131"}
{"level":"info","timestamp":"2025-10-25T15:54:53.569+0800","caller":"logger/logger.go:88","msg":"SendSmsCode service called","phone":"13131313131"}
{"level":"info","timestamp":"2025-10-25T15:54:53.574+0800","caller":"logger/logger.go:88","msg":"SMS code sent successfully","phone":"13131313131"}
{"level":"info","timestamp":"2025-10-25T15:54:53.574+0800","caller":"logger/logger.go:88","msg":"gRPC request completed","method":"/rpc.user.UserService/SendSmsCode","duration":0.007292069}
{"level":"info","timestamp":"2025-10-25T15:55:01.948+0800","caller":"logger/logger.go:88","msg":"gRPC request started","method":"/rpc.user.UserService/CodeLogin","request":"phone:\"13131313131\" code:\"807729\" device_id:\"device_1761358416929_o74aq5up1\""}
{"level":"info","timestamp":"2025-10-25T15:55:01.950+0800","caller":"logger/logger.go:88","msg":"CodeLogin called","phone":"13131313131"}
{"level":"info","timestamp":"2025-10-25T15:55:01.950+0800","caller":"logger/logger.go:88","msg":"CodeLogin service called","phone":"13131313131"}
{"level":"info","timestamp":"2025-10-25T15:55:01.972+0800","caller":"logger/logger.go:88","msg":"gRPC request completed","method":"/rpc.user.UserService/CodeLogin","duration":0.023330821}
{"level":"info","timestamp":"2025-10-25T15:55:25.287+0800","caller":"logger/logger.go:88","msg":"gRPC request started","method":"/rpc.user.UserService/VerifyToken","request":"token:\"eyJhbGciOiJIUzI1NiIsInR5cCI6IkpXVCJ9.eyJ1c2VyX2lkIjoxMSwiaXNzIjoidmlzaW9uLXdvcmxkLXVzZXItc2VydmljZSIsImF1ZCI6WyJ2aXNpb24td29ybGQtYXBwIl0sImV4cCI6MTc2MTQ2NTMwMSwibmJmIjoxNzYxMzc4OTAxLCJpYXQiOjE3NjEzNzg5MDF9.ONegpchdba5csRpjFcnPnLsxAZxUUtoPR2AwLirO22I\""}
{"level":"info","timestamp":"2025-10-25T15:55:25.289+0800","caller":"logger/logger.go:88","msg":"VerifyToken called","token":"eyJhbGciOiJIUzI1NiIsInR5cCI6IkpXVCJ9.eyJ1c2VyX2lkIjoxMSwiaXNzIjoidmlzaW9uLXdvcmxkLXVzZXItc2VydmljZSIsImF1ZCI6WyJ2aXNpb24td29ybGQtYXBwIl0sImV4cCI6MTc2MTQ2NTMwMSwibmJmIjoxNzYxMzc4OTAxLCJpYXQiOjE3NjEzNzg5MDF9.ONegpchdba5csRpjFcnPnLsxAZxUUtoPR2AwLirO22I"}
{"level":"info","timestamp":"2025-10-25T15:55:25.289+0800","caller":"logger/logger.go:88","msg":"VerifyToken service called"}
{"level":"info","timestamp":"2025-10-25T15:55:25.289+0800","caller":"logger/logger.go:88","msg":"gRPC request started","method":"/rpc.user.UserService/VerifyToken","request":"token:\"eyJhbGciOiJIUzI1NiIsInR5cCI6IkpXVCJ9.eyJ1c2VyX2lkIjoxMSwiaXNzIjoidmlzaW9uLXdvcmxkLXVzZXItc2VydmljZSIsImF1ZCI6WyJ2aXNpb24td29ybGQtYXBwIl0sImV4cCI6MTc2MTQ2NTMwMSwibmJmIjoxNzYxMzc4OTAxLCJpYXQiOjE3NjEzNzg5MDF9.ONegpchdba5csRpjFcnPnLsxAZxUUtoPR2AwLirO22I\""}
{"level":"info","timestamp":"2025-10-25T15:55:25.289+0800","caller":"logger/logger.go:88","msg":"VerifyToken called","token":"eyJhbGciOiJIUzI1NiIsInR5cCI6IkpXVCJ9.eyJ1c2VyX2lkIjoxMSwiaXNzIjoidmlzaW9uLXdvcmxkLXVzZXItc2VydmljZSIsImF1ZCI6WyJ2aXNpb24td29ybGQtYXBwIl0sImV4cCI6MTc2MTQ2NTMwMSwibmJmIjoxNzYxMzc4OTAxLCJpYXQiOjE3NjEzNzg5MDF9.ONegpchdba5csRpjFcnPnLsxAZxUUtoPR2AwLirO22I"}
{"level":"info","timestamp":"2025-10-25T15:55:25.289+0800","caller":"logger/logger.go:88","msg":"VerifyToken service called"}
{"level":"info","timestamp":"2025-10-25T15:55:25.295+0800","caller":"logger/logger.go:88","msg":"gRPC request completed","method":"/rpc.user.UserService/VerifyToken","duration":0.008012196}
{"level":"info","timestamp":"2025-10-25T15:55:25.299+0800","caller":"logger/logger.go:88","msg":"gRPC request completed","method":"/rpc.user.UserService/VerifyToken","duration":0.010700915}
{"level":"info","timestamp":"2025-10-25T15:55:50.079+0800","caller":"logger/logger.go:88","msg":"gRPC request started","method":"/rpc.user.UserService/SendSmsCode","request":"phone:\"13131313131\" sms_type:\"login\""}
{"level":"info","timestamp":"2025-10-25T15:55:50.079+0800","caller":"logger/logger.go:88","msg":"SendSmsCode called","phone":"13131313131"}
{"level":"info","timestamp":"2025-10-25T15:55:50.079+0800","caller":"logger/logger.go:88","msg":"SendSmsCode service called","phone":"13131313131"}
{"level":"warn","timestamp":"2025-10-25T15:55:50.082+0800","caller":"logger/logger.go:93","msg":"SMS send rate limit exceeded","phone":"13131313131"}
{"level":"error","timestamp":"2025-10-25T15:55:50.083+0800","caller":"logger/logger.go:98","msg":"SendSmsCode failed","error":"发送过于频繁，请稍后再试","phone":"13131313131","stacktrace":"user_service/pkg/logger.(*zapLogger).Error\n\t/Users/kanyu/Desktop/project/kanyu_server/new_project/project/vision_world_back/service/user_service/pkg/logger/logger.go:98\nuser_service/internal/handler.(*UserServiceHandler).SendSmsCode\n\t/Users/kanyu/Desktop/project/kanyu_server/new_project/project/vision_world_back/service/user_service/internal/handler/handler.go:117\nuser_service/proto/proto_gen._UserService_SendSmsCode_Handler.func1\n\t/Users/kanyu/Desktop/project/kanyu_server/new_project/project/vision_world_back/service/user_service/proto/proto_gen/user_grpc.pb.go:267\nmain.main.unaryInterceptor.func8\n\t/Users/kanyu/Desktop/project/kanyu_server/new_project/project/vision_world_back/service/user_service/cmd/server/main.go:153\nuser_service/proto/proto_gen._UserService_SendSmsCode_Handler\n\t/Users/kanyu/Desktop/project/kanyu_server/new_project/project/vision_world_back/service/user_service/proto/proto_gen/user_grpc.pb.go:269\ngoogle.golang.org/grpc.(*Server).processUnaryRPC\n\t/Users/kanyu/Desktop/goproject/pkg/mod/google.golang.org/grpc@v1.75.1/server.go:1431\ngoogle.golang.org/grpc.(*Server).handleStream\n\t/Users/kanyu/Desktop/goproject/pkg/mod/google.golang.org/grpc@v1.75.1/server.go:1842\ngoogle.golang.org/grpc.(*Server).serveStreams.func2.1\n\t/Users/kanyu/Desktop/goproject/pkg/mod/google.golang.org/grpc@v1.75.1/server.go:1061"}
{"level":"info","timestamp":"2025-10-25T15:55:50.084+0800","caller":"logger/logger.go:88","msg":"gRPC request completed","method":"/rpc.user.UserService/SendSmsCode","duration":0.004723393}
{"level":"info","timestamp":"2025-10-25T15:55:58.903+0800","caller":"logger/logger.go:88","msg":"gRPC request started","method":"/rpc.user.UserService/CodeLogin","request":"phone:\"13131313131\" code:\"807729\" device_id:\"device_1761358416929_o74aq5up1\""}
{"level":"info","timestamp":"2025-10-25T15:55:58.903+0800","caller":"logger/logger.go:88","msg":"CodeLogin called","phone":"13131313131"}
{"level":"info","timestamp":"2025-10-25T15:55:58.903+0800","caller":"logger/logger.go:88","msg":"CodeLogin service called","phone":"13131313131"}
{"level":"error","timestamp":"2025-10-25T15:55:58.906+0800","caller":"logger/logger.go:98","msg":"Failed to get SMS code","phone":"13131313131","error":"sms code not found or expired for phone: 13131313131","stacktrace":"user_service/pkg/logger.(*zapLogger).Error\n\t/Users/kanyu/Desktop/project/kanyu_server/new_project/project/vision_world_back/service/user_service/pkg/logger/logger.go:98\nuser_service/internal/service.(*userService).CodeLogin\n\t/Users/kanyu/Desktop/project/kanyu_server/new_project/project/vision_world_back/service/user_service/internal/service/user_service.go:175\nuser_service/internal/handler.(*UserServiceHandler).CodeLogin\n\t/Users/kanyu/Desktop/project/kanyu_server/new_project/project/vision_world_back/service/user_service/internal/handler/handler.go:94\nuser_service/proto/proto_gen._UserService_CodeLogin_Handler.func1\n\t/Users/kanyu/Desktop/project/kanyu_server/new_project/project/vision_world_back/service/user_service/proto/proto_gen/user_grpc.pb.go:249\nmain.main.unaryInterceptor.func8\n\t/Users/kanyu/Desktop/project/kanyu_server/new_project/project/vision_world_back/service/user_service/cmd/server/main.go:153\nuser_service/proto/proto_gen._UserService_CodeLogin_Handler\n\t/Users/kanyu/Desktop/project/kanyu_server/new_project/project/vision_world_back/service/user_service/proto/proto_gen/user_grpc.pb.go:251\ngoogle.golang.org/grpc.(*Server).processUnaryRPC\n\t/Users/kanyu/Desktop/goproject/pkg/mod/google.golang.org/grpc@v1.75.1/server.go:1431\ngoogle.golang.org/grpc.(*Server).handleStream\n\t/Users/kanyu/Desktop/goproject/pkg/mod/google.golang.org/grpc@v1.75.1/server.go:1842\ngoogle.golang.org/grpc.(*Server).serveStreams.func2.1\n\t/Users/kanyu/Desktop/goproject/pkg/mod/google.golang.org/grpc@v1.75.1/server.go:1061"}
{"level":"error","timestamp":"2025-10-25T15:55:58.907+0800","caller":"logger/logger.go:98","msg":"CodeLogin failed","error":"验证码不存在或已过期","phone":"13131313131","stacktrace":"user_service/pkg/logger.(*zapLogger).Error\n\t/Users/kanyu/Desktop/project/kanyu_server/new_project/project/vision_world_back/service/user_service/pkg/logger/logger.go:98\nuser_service/internal/handler.(*UserServiceHandler).CodeLogin\n\t/Users/kanyu/Desktop/project/kanyu_server/new_project/project/vision_world_back/service/user_service/internal/handler/handler.go:96\nuser_service/proto/proto_gen._UserService_CodeLogin_Handler.func1\n\t/Users/kanyu/Desktop/project/kanyu_server/new_project/project/vision_world_back/service/user_service/proto/proto_gen/user_grpc.pb.go:249\nmain.main.unaryInterceptor.func8\n\t/Users/kanyu/Desktop/project/kanyu_server/new_project/project/vision_world_back/service/user_service/cmd/server/main.go:153\nuser_service/proto/proto_gen._UserService_CodeLogin_Handler\n\t/Users/kanyu/Desktop/project/kanyu_server/new_project/project/vision_world_back/service/user_service/proto/proto_gen/user_grpc.pb.go:251\ngoogle.golang.org/grpc.(*Server).processUnaryRPC\n\t/Users/kanyu/Desktop/goproject/pkg/mod/google.golang.org/grpc@v1.75.1/server.go:1431\ngoogle.golang.org/grpc.(*Server).handleStream\n\t/Users/kanyu/Desktop/goproject/pkg/mod/google.golang.org/grpc@v1.75.1/server.go:1842\ngoogle.golang.org/grpc.(*Server).serveStreams.func2.1\n\t/Users/kanyu/Desktop/goproject/pkg/mod/google.golang.org/grpc@v1.75.1/server.go:1061"}
{"level":"info","timestamp":"2025-10-25T15:55:58.907+0800","caller":"logger/logger.go:88","msg":"gRPC request completed","method":"/rpc.user.UserService/CodeLogin","duration":0.004165255}
{"level":"info","timestamp":"2025-10-25T15:56:06.848+0800","caller":"logger/logger.go:88","msg":"gRPC request started","method":"/rpc.user.UserService/SendSmsCode","request":"phone:\"13131313131\" sms_type:\"login\""}
{"level":"info","timestamp":"2025-10-25T15:56:06.850+0800","caller":"logger/logger.go:88","msg":"SendSmsCode called","phone":"13131313131"}
{"level":"info","timestamp":"2025-10-25T15:56:06.850+0800","caller":"logger/logger.go:88","msg":"SendSmsCode service called","phone":"13131313131"}
{"level":"info","timestamp":"2025-10-25T15:56:06.854+0800","caller":"logger/logger.go:88","msg":"SMS code sent successfully","phone":"13131313131"}
{"level":"info","timestamp":"2025-10-25T15:56:06.854+0800","caller":"logger/logger.go:88","msg":"gRPC request completed","method":"/rpc.user.UserService/SendSmsCode","duration":0.005817076}
{"level":"info","timestamp":"2025-10-25T15:56:13.427+0800","caller":"logger/logger.go:88","msg":"gRPC request started","method":"/rpc.user.UserService/CodeLogin","request":"phone:\"13131313131\" code:\"542881\" device_id:\"device_1761358416929_o74aq5up1\""}
{"level":"info","timestamp":"2025-10-25T15:56:13.427+0800","caller":"logger/logger.go:88","msg":"CodeLogin called","phone":"13131313131"}
{"level":"info","timestamp":"2025-10-25T15:56:13.427+0800","caller":"logger/logger.go:88","msg":"CodeLogin service called","phone":"13131313131"}
{"level":"info","timestamp":"2025-10-25T15:56:13.448+0800","caller":"logger/logger.go:88","msg":"gRPC request completed","method":"/rpc.user.UserService/CodeLogin","duration":0.020510538}
{"level":"info","timestamp":"2025-10-25T15:59:33.856+0800","caller":"logger/logger.go:88","msg":"gRPC request started","method":"/rpc.user.UserService/SendSmsCode","request":"phone:\"13131313131\" sms_type:\"login\""}
{"level":"info","timestamp":"2025-10-25T15:59:33.857+0800","caller":"logger/logger.go:88","msg":"SendSmsCode called","phone":"13131313131"}
{"level":"info","timestamp":"2025-10-25T15:59:33.857+0800","caller":"logger/logger.go:88","msg":"SendSmsCode service called","phone":"13131313131"}
{"level":"info","timestamp":"2025-10-25T15:59:33.860+0800","caller":"logger/logger.go:88","msg":"SMS code sent successfully","phone":"13131313131"}
{"level":"info","timestamp":"2025-10-25T15:59:33.860+0800","caller":"logger/logger.go:88","msg":"gRPC request completed","method":"/rpc.user.UserService/SendSmsCode","duration":0.003667056}
{"level":"info","timestamp":"2025-10-25T15:59:44.764+0800","caller":"logger/logger.go:88","msg":"gRPC request started","method":"/rpc.user.UserService/CodeLogin","request":"phone:\"13131313131\" code:\"907254\" device_id:\"device_1761379184759_ry97f20mu\""}
{"level":"info","timestamp":"2025-10-25T15:59:44.765+0800","caller":"logger/logger.go:88","msg":"CodeLogin called","phone":"13131313131"}
{"level":"info","timestamp":"2025-10-25T15:59:44.765+0800","caller":"logger/logger.go:88","msg":"CodeLogin service called","phone":"13131313131"}
{"level":"info","timestamp":"2025-10-25T15:59:44.784+0800","caller":"logger/logger.go:88","msg":"gRPC request completed","method":"/rpc.user.UserService/CodeLogin","duration":0.019647557}
{"level":"info","timestamp":"2025-10-25T16:01:35.129+0800","caller":"logger/logger.go:88","msg":"gRPC request started","method":"/rpc.user.UserService/VerifyToken","request":"token:\"eyJhbGciOiJIUzI1NiIsInR5cCI6IkpXVCJ9.eyJ1c2VyX2lkIjoxMSwiaXNzIjoidmlzaW9uLXdvcmxkLXVzZXItc2VydmljZSIsImF1ZCI6WyJ2aXNpb24td29ybGQtYXBwIl0sImV4cCI6MTc2MTQ2NTU4NCwibmJmIjoxNzYxMzc5MTg0LCJpYXQiOjE3NjEzNzkxODR9.m1Z4YklJ-oVAeOq0-uNIK92tE8h83ay52bNN1waWP-8\""}
{"level":"info","timestamp":"2025-10-25T16:01:35.131+0800","caller":"logger/logger.go:88","msg":"VerifyToken called","token":"eyJhbGciOiJIUzI1NiIsInR5cCI6IkpXVCJ9.eyJ1c2VyX2lkIjoxMSwiaXNzIjoidmlzaW9uLXdvcmxkLXVzZXItc2VydmljZSIsImF1ZCI6WyJ2aXNpb24td29ybGQtYXBwIl0sImV4cCI6MTc2MTQ2NTU4NCwibmJmIjoxNzYxMzc5MTg0LCJpYXQiOjE3NjEzNzkxODR9.m1Z4YklJ-oVAeOq0-uNIK92tE8h83ay52bNN1waWP-8"}
{"level":"info","timestamp":"2025-10-25T16:01:35.131+0800","caller":"logger/logger.go:88","msg":"VerifyToken service called"}
{"level":"info","timestamp":"2025-10-25T16:01:35.131+0800","caller":"logger/logger.go:88","msg":"gRPC request started","method":"/rpc.user.UserService/VerifyToken","request":"token:\"eyJhbGciOiJIUzI1NiIsInR5cCI6IkpXVCJ9.eyJ1c2VyX2lkIjoxMSwiaXNzIjoidmlzaW9uLXdvcmxkLXVzZXItc2VydmljZSIsImF1ZCI6WyJ2aXNpb24td29ybGQtYXBwIl0sImV4cCI6MTc2MTQ2NTU4NCwibmJmIjoxNzYxMzc5MTg0LCJpYXQiOjE3NjEzNzkxODR9.m1Z4YklJ-oVAeOq0-uNIK92tE8h83ay52bNN1waWP-8\""}
{"level":"info","timestamp":"2025-10-25T16:01:35.131+0800","caller":"logger/logger.go:88","msg":"VerifyToken called","token":"eyJhbGciOiJIUzI1NiIsInR5cCI6IkpXVCJ9.eyJ1c2VyX2lkIjoxMSwiaXNzIjoidmlzaW9uLXdvcmxkLXVzZXItc2VydmljZSIsImF1ZCI6WyJ2aXNpb24td29ybGQtYXBwIl0sImV4cCI6MTc2MTQ2NTU4NCwibmJmIjoxNzYxMzc5MTg0LCJpYXQiOjE3NjEzNzkxODR9.m1Z4YklJ-oVAeOq0-uNIK92tE8h83ay52bNN1waWP-8"}
{"level":"info","timestamp":"2025-10-25T16:01:35.131+0800","caller":"logger/logger.go:88","msg":"VerifyToken service called"}
{"level":"info","timestamp":"2025-10-25T16:01:35.142+0800","caller":"logger/logger.go:88","msg":"gRPC request completed","method":"/rpc.user.UserService/VerifyToken","duration":0.012744778}
{"level":"info","timestamp":"2025-10-25T16:01:35.144+0800","caller":"logger/logger.go:88","msg":"gRPC request completed","method":"/rpc.user.UserService/VerifyToken","duration":0.012834108}
{"level":"info","timestamp":"2025-10-25T16:05:21.779+0800","caller":"logger/logger.go:88","msg":"gRPC request started","method":"/rpc.user.UserService/VerifyToken","request":"token:\"eyJhbGciOiJIUzI1NiIsInR5cCI6IkpXVCJ9.eyJ1c2VyX2lkIjoxMSwiaXNzIjoidmlzaW9uLXdvcmxkLXVzZXItc2VydmljZSIsImF1ZCI6WyJ2aXNpb24td29ybGQtYXBwIl0sImV4cCI6MTc2MTQ2NTM3MywibmJmIjoxNzYxMzc4OTczLCJpYXQiOjE3NjEzNzg5NzN9.6o_p7S0c5XCU4l4Y5MJX3zsMPFF1yYxYkqR_lhIWolk\""}
{"level":"info","timestamp":"2025-10-25T16:05:21.783+0800","caller":"logger/logger.go:88","msg":"VerifyToken called","token":"eyJhbGciOiJIUzI1NiIsInR5cCI6IkpXVCJ9.eyJ1c2VyX2lkIjoxMSwiaXNzIjoidmlzaW9uLXdvcmxkLXVzZXItc2VydmljZSIsImF1ZCI6WyJ2aXNpb24td29ybGQtYXBwIl0sImV4cCI6MTc2MTQ2NTM3MywibmJmIjoxNzYxMzc4OTczLCJpYXQiOjE3NjEzNzg5NzN9.6o_p7S0c5XCU4l4Y5MJX3zsMPFF1yYxYkqR_lhIWolk"}
{"level":"info","timestamp":"2025-10-25T16:05:21.783+0800","caller":"logger/logger.go:88","msg":"VerifyToken service called"}
{"level":"info","timestamp":"2025-10-25T16:05:21.784+0800","caller":"logger/logger.go:88","msg":"gRPC request started","method":"/rpc.user.UserService/VerifyToken","request":"token:\"eyJhbGciOiJIUzI1NiIsInR5cCI6IkpXVCJ9.eyJ1c2VyX2lkIjoxMSwiaXNzIjoidmlzaW9uLXdvcmxkLXVzZXItc2VydmljZSIsImF1ZCI6WyJ2aXNpb24td29ybGQtYXBwIl0sImV4cCI6MTc2MTQ2NTM3MywibmJmIjoxNzYxMzc4OTczLCJpYXQiOjE3NjEzNzg5NzN9.6o_p7S0c5XCU4l4Y5MJX3zsMPFF1yYxYkqR_lhIWolk\""}
{"level":"info","timestamp":"2025-10-25T16:05:21.784+0800","caller":"logger/logger.go:88","msg":"VerifyToken called","token":"eyJhbGciOiJIUzI1NiIsInR5cCI6IkpXVCJ9.eyJ1c2VyX2lkIjoxMSwiaXNzIjoidmlzaW9uLXdvcmxkLXVzZXItc2VydmljZSIsImF1ZCI6WyJ2aXNpb24td29ybGQtYXBwIl0sImV4cCI6MTc2MTQ2NTM3MywibmJmIjoxNzYxMzc4OTczLCJpYXQiOjE3NjEzNzg5NzN9.6o_p7S0c5XCU4l4Y5MJX3zsMPFF1yYxYkqR_lhIWolk"}
{"level":"info","timestamp":"2025-10-25T16:05:21.784+0800","caller":"logger/logger.go:88","msg":"VerifyToken service called"}
{"level":"info","timestamp":"2025-10-25T16:05:21.812+0800","caller":"logger/logger.go:88","msg":"gRPC request completed","method":"/rpc.user.UserService/VerifyToken","duration":0.032578436}
{"level":"info","timestamp":"2025-10-25T16:05:21.822+0800","caller":"logger/logger.go:88","msg":"gRPC request completed","method":"/rpc.user.UserService/VerifyToken","duration":0.038222564}
{"level":"info","timestamp":"2025-10-25T16:15:26.241+0800","caller":"logger/logger.go:88","msg":"gRPC request started","method":"/rpc.user.UserService/SendSmsCode","request":"phone:\"13131313131\" sms_type:\"login\""}
{"level":"info","timestamp":"2025-10-25T16:15:26.242+0800","caller":"logger/logger.go:88","msg":"SendSmsCode called","phone":"13131313131"}
{"level":"info","timestamp":"2025-10-25T16:15:26.242+0800","caller":"logger/logger.go:88","msg":"SendSmsCode service called","phone":"13131313131"}
{"level":"info","timestamp":"2025-10-25T16:15:26.251+0800","caller":"logger/logger.go:88","msg":"SMS code sent successfully","phone":"13131313131"}
{"level":"info","timestamp":"2025-10-25T16:15:26.251+0800","caller":"logger/logger.go:88","msg":"gRPC request completed","method":"/rpc.user.UserService/SendSmsCode","duration":0.010048265}
{"level":"info","timestamp":"2025-10-25T16:15:34.446+0800","caller":"logger/logger.go:88","msg":"gRPC request started","method":"/rpc.user.UserService/CodeLogin","request":"phone:\"13131313131\" code:\"246061\" device_id:\"device_1761358416929_o74aq5up1\""}
{"level":"info","timestamp":"2025-10-25T16:15:34.446+0800","caller":"logger/logger.go:88","msg":"CodeLogin called","phone":"13131313131"}
{"level":"info","timestamp":"2025-10-25T16:15:34.446+0800","caller":"logger/logger.go:88","msg":"CodeLogin service called","phone":"13131313131"}
{"level":"info","timestamp":"2025-10-25T16:15:34.473+0800","caller":"logger/logger.go:88","msg":"gRPC request completed","method":"/rpc.user.UserService/CodeLogin","duration":0.027192351}
{"level":"info","timestamp":"2025-10-25T16:16:17.913+0800","caller":"logger/logger.go:88","msg":"gRPC request started","method":"/rpc.user.UserService/VerifyToken","request":"token:\"eyJhbGciOiJIUzI1NiIsInR5cCI6IkpXVCJ9.eyJ1c2VyX2lkIjoxMSwiaXNzIjoidmlzaW9uLXdvcmxkLXVzZXItc2VydmljZSIsImF1ZCI6WyJ2aXNpb24td29ybGQtYXBwIl0sImV4cCI6MTc2MTQ2NjUzNCwibmJmIjoxNzYxMzgwMTM0LCJpYXQiOjE3NjEzODAxMzR9.hVlI9-NY0Iu2bC1ftuYaAkujJnlxtXZO0O_GD3MGjBU\""}
{"level":"info","timestamp":"2025-10-25T16:16:17.915+0800","caller":"logger/logger.go:88","msg":"VerifyToken called","token":"eyJhbGciOiJIUzI1NiIsInR5cCI6IkpXVCJ9.eyJ1c2VyX2lkIjoxMSwiaXNzIjoidmlzaW9uLXdvcmxkLXVzZXItc2VydmljZSIsImF1ZCI6WyJ2aXNpb24td29ybGQtYXBwIl0sImV4cCI6MTc2MTQ2NjUzNCwibmJmIjoxNzYxMzgwMTM0LCJpYXQiOjE3NjEzODAxMzR9.hVlI9-NY0Iu2bC1ftuYaAkujJnlxtXZO0O_GD3MGjBU"}
{"level":"info","timestamp":"2025-10-25T16:16:17.915+0800","caller":"logger/logger.go:88","msg":"VerifyToken service called"}
{"level":"info","timestamp":"2025-10-25T16:16:17.918+0800","caller":"logger/logger.go:88","msg":"gRPC request started","method":"/rpc.user.UserService/VerifyToken","request":"token:\"eyJhbGciOiJIUzI1NiIsInR5cCI6IkpXVCJ9.eyJ1c2VyX2lkIjoxMSwiaXNzIjoidmlzaW9uLXdvcmxkLXVzZXItc2VydmljZSIsImF1ZCI6WyJ2aXNpb24td29ybGQtYXBwIl0sImV4cCI6MTc2MTQ2NjUzNCwibmJmIjoxNzYxMzgwMTM0LCJpYXQiOjE3NjEzODAxMzR9.hVlI9-NY0Iu2bC1ftuYaAkujJnlxtXZO0O_GD3MGjBU\""}
{"level":"info","timestamp":"2025-10-25T16:16:17.918+0800","caller":"logger/logger.go:88","msg":"VerifyToken called","token":"eyJhbGciOiJIUzI1NiIsInR5cCI6IkpXVCJ9.eyJ1c2VyX2lkIjoxMSwiaXNzIjoidmlzaW9uLXdvcmxkLXVzZXItc2VydmljZSIsImF1ZCI6WyJ2aXNpb24td29ybGQtYXBwIl0sImV4cCI6MTc2MTQ2NjUzNCwibmJmIjoxNzYxMzgwMTM0LCJpYXQiOjE3NjEzODAxMzR9.hVlI9-NY0Iu2bC1ftuYaAkujJnlxtXZO0O_GD3MGjBU"}
{"level":"info","timestamp":"2025-10-25T16:16:17.918+0800","caller":"logger/logger.go:88","msg":"VerifyToken service called"}
{"level":"info","timestamp":"2025-10-25T16:16:17.919+0800","caller":"logger/logger.go:88","msg":"gRPC request completed","method":"/rpc.user.UserService/VerifyToken","duration":0.005524694}
{"level":"info","timestamp":"2025-10-25T16:16:17.923+0800","caller":"logger/logger.go:88","msg":"gRPC request completed","method":"/rpc.user.UserService/VerifyToken","duration":0.004861242}
{"level":"info","timestamp":"2025-10-25T16:16:25.145+0800","caller":"logger/logger.go:88","msg":"gRPC request started","method":"/rpc.user.UserService/SendSmsCode","request":"phone:\"13131313131\" sms_type:\"login\""}
{"level":"info","timestamp":"2025-10-25T16:16:25.146+0800","caller":"logger/logger.go:88","msg":"SendSmsCode called","phone":"13131313131"}
{"level":"info","timestamp":"2025-10-25T16:16:25.146+0800","caller":"logger/logger.go:88","msg":"SendSmsCode service called","phone":"13131313131"}
{"level":"warn","timestamp":"2025-10-25T16:16:25.148+0800","caller":"logger/logger.go:93","msg":"SMS send rate limit exceeded","phone":"13131313131"}
{"level":"error","timestamp":"2025-10-25T16:16:25.149+0800","caller":"logger/logger.go:98","msg":"SendSmsCode failed","error":"发送过于频繁，请稍后再试","phone":"13131313131","stacktrace":"user_service/pkg/logger.(*zapLogger).Error\n\t/Users/kanyu/Desktop/project/kanyu_server/new_project/project/vision_world_back/service/user_service/pkg/logger/logger.go:98\nuser_service/internal/handler.(*UserServiceHandler).SendSmsCode\n\t/Users/kanyu/Desktop/project/kanyu_server/new_project/project/vision_world_back/service/user_service/internal/handler/handler.go:117\nuser_service/proto/proto_gen._UserService_SendSmsCode_Handler.func1\n\t/Users/kanyu/Desktop/project/kanyu_server/new_project/project/vision_world_back/service/user_service/proto/proto_gen/user_grpc.pb.go:267\nmain.main.unaryInterceptor.func8\n\t/Users/kanyu/Desktop/project/kanyu_server/new_project/project/vision_world_back/service/user_service/cmd/server/main.go:153\nuser_service/proto/proto_gen._UserService_SendSmsCode_Handler\n\t/Users/kanyu/Desktop/project/kanyu_server/new_project/project/vision_world_back/service/user_service/proto/proto_gen/user_grpc.pb.go:269\ngoogle.golang.org/grpc.(*Server).processUnaryRPC\n\t/Users/kanyu/Desktop/goproject/pkg/mod/google.golang.org/grpc@v1.75.1/server.go:1431\ngoogle.golang.org/grpc.(*Server).handleStream\n\t/Users/kanyu/Desktop/goproject/pkg/mod/google.golang.org/grpc@v1.75.1/server.go:1842\ngoogle.golang.org/grpc.(*Server).serveStreams.func2.1\n\t/Users/kanyu/Desktop/goproject/pkg/mod/google.golang.org/grpc@v1.75.1/server.go:1061"}
{"level":"info","timestamp":"2025-10-25T16:16:25.149+0800","caller":"logger/logger.go:88","msg":"gRPC request completed","method":"/rpc.user.UserService/SendSmsCode","duration":0.004292373}
{"level":"info","timestamp":"2025-10-25T16:16:41.356+0800","caller":"logger/logger.go:88","msg":"gRPC request started","method":"/rpc.user.UserService/SendSmsCode","request":"phone:\"13131313131\" sms_type:\"login\""}
{"level":"info","timestamp":"2025-10-25T16:16:41.356+0800","caller":"logger/logger.go:88","msg":"SendSmsCode called","phone":"13131313131"}
{"level":"info","timestamp":"2025-10-25T16:16:41.356+0800","caller":"logger/logger.go:88","msg":"SendSmsCode service called","phone":"13131313131"}
{"level":"info","timestamp":"2025-10-25T16:16:41.359+0800","caller":"logger/logger.go:88","msg":"SMS code sent successfully","phone":"13131313131"}
{"level":"info","timestamp":"2025-10-25T16:16:41.359+0800","caller":"logger/logger.go:88","msg":"gRPC request completed","method":"/rpc.user.UserService/SendSmsCode","duration":0.002876136}
{"level":"info","timestamp":"2025-10-25T16:16:47.643+0800","caller":"logger/logger.go:88","msg":"gRPC request started","method":"/rpc.user.UserService/CodeLogin","request":"phone:\"13131313131\" code:\"556188\" device_id:\"device_1761358416929_o74aq5up1\""}
{"level":"info","timestamp":"2025-10-25T16:16:47.643+0800","caller":"logger/logger.go:88","msg":"CodeLogin called","phone":"13131313131"}
{"level":"info","timestamp":"2025-10-25T16:16:47.643+0800","caller":"logger/logger.go:88","msg":"CodeLogin service called","phone":"13131313131"}
{"level":"info","timestamp":"2025-10-25T16:16:47.665+0800","caller":"logger/logger.go:88","msg":"gRPC request completed","method":"/rpc.user.UserService/CodeLogin","duration":0.022484367}
{"level":"info","timestamp":"2025-10-25T16:21:05.799+0800","caller":"logger/logger.go:88","msg":"gRPC request started","method":"/rpc.user.UserService/VerifyToken","request":"token:\"eyJhbGciOiJIUzI1NiIsInR5cCI6IkpXVCJ9.eyJ1c2VyX2lkIjoxMSwiaXNzIjoidmlzaW9uLXdvcmxkLXVzZXItc2VydmljZSIsImF1ZCI6WyJ2aXNpb24td29ybGQtYXBwIl0sImV4cCI6MTc2MTQ2NjYwNywibmJmIjoxNzYxMzgwMjA3LCJpYXQiOjE3NjEzODAyMDd9.yNm1ab4jVpIu1uK5fBKjKi9fTyCGZGhSaK9tp5Potd8\""}
{"level":"info","timestamp":"2025-10-25T16:21:05.801+0800","caller":"logger/logger.go:88","msg":"VerifyToken called","token":"eyJhbGciOiJIUzI1NiIsInR5cCI6IkpXVCJ9.eyJ1c2VyX2lkIjoxMSwiaXNzIjoidmlzaW9uLXdvcmxkLXVzZXItc2VydmljZSIsImF1ZCI6WyJ2aXNpb24td29ybGQtYXBwIl0sImV4cCI6MTc2MTQ2NjYwNywibmJmIjoxNzYxMzgwMjA3LCJpYXQiOjE3NjEzODAyMDd9.yNm1ab4jVpIu1uK5fBKjKi9fTyCGZGhSaK9tp5Potd8"}
{"level":"info","timestamp":"2025-10-25T16:21:05.801+0800","caller":"logger/logger.go:88","msg":"VerifyToken service called"}
{"level":"info","timestamp":"2025-10-25T16:21:05.799+0800","caller":"logger/logger.go:88","msg":"gRPC request started","method":"/rpc.user.UserService/VerifyToken","request":"token:\"eyJhbGciOiJIUzI1NiIsInR5cCI6IkpXVCJ9.eyJ1c2VyX2lkIjoxMSwiaXNzIjoidmlzaW9uLXdvcmxkLXVzZXItc2VydmljZSIsImF1ZCI6WyJ2aXNpb24td29ybGQtYXBwIl0sImV4cCI6MTc2MTQ2NjYwNywibmJmIjoxNzYxMzgwMjA3LCJpYXQiOjE3NjEzODAyMDd9.yNm1ab4jVpIu1uK5fBKjKi9fTyCGZGhSaK9tp5Potd8\""}
{"level":"info","timestamp":"2025-10-25T16:21:05.801+0800","caller":"logger/logger.go:88","msg":"VerifyToken called","token":"eyJhbGciOiJIUzI1NiIsInR5cCI6IkpXVCJ9.eyJ1c2VyX2lkIjoxMSwiaXNzIjoidmlzaW9uLXdvcmxkLXVzZXItc2VydmljZSIsImF1ZCI6WyJ2aXNpb24td29ybGQtYXBwIl0sImV4cCI6MTc2MTQ2NjYwNywibmJmIjoxNzYxMzgwMjA3LCJpYXQiOjE3NjEzODAyMDd9.yNm1ab4jVpIu1uK5fBKjKi9fTyCGZGhSaK9tp5Potd8"}
{"level":"info","timestamp":"2025-10-25T16:21:05.801+0800","caller":"logger/logger.go:88","msg":"VerifyToken service called"}
{"level":"info","timestamp":"2025-10-25T16:21:05.806+0800","caller":"logger/logger.go:88","msg":"gRPC request completed","method":"/rpc.user.UserService/VerifyToken","duration":0.006861283}
{"level":"info","timestamp":"2025-10-25T16:21:05.808+0800","caller":"logger/logger.go:88","msg":"gRPC request completed","method":"/rpc.user.UserService/VerifyToken","duration":0.008281302}
{"level":"info","timestamp":"2025-10-25T16:21:35.895+0800","caller":"logger/logger.go:88","msg":"gRPC request started","method":"/rpc.user.UserService/SendSmsCode","request":"phone:\"13131313131\" sms_type:\"login\""}
{"level":"info","timestamp":"2025-10-25T16:21:35.896+0800","caller":"logger/logger.go:88","msg":"SendSmsCode called","phone":"13131313131"}
{"level":"info","timestamp":"2025-10-25T16:21:35.896+0800","caller":"logger/logger.go:88","msg":"SendSmsCode service called","phone":"13131313131"}
{"level":"info","timestamp":"2025-10-25T16:21:35.903+0800","caller":"logger/logger.go:88","msg":"SMS code sent successfully","phone":"13131313131"}
{"level":"info","timestamp":"2025-10-25T16:21:35.903+0800","caller":"logger/logger.go:88","msg":"gRPC request completed","method":"/rpc.user.UserService/SendSmsCode","duration":0.007579992}
{"level":"info","timestamp":"2025-10-25T16:21:43.046+0800","caller":"logger/logger.go:88","msg":"gRPC request started","method":"/rpc.user.UserService/CodeLogin","request":"phone:\"13131313131\" code:\"432558\" device_id:\"device_1761358416929_o74aq5up1\""}
{"level":"info","timestamp":"2025-10-25T16:21:43.047+0800","caller":"logger/logger.go:88","msg":"CodeLogin called","phone":"13131313131"}
{"level":"info","timestamp":"2025-10-25T16:21:43.047+0800","caller":"logger/logger.go:88","msg":"CodeLogin service called","phone":"13131313131"}
{"level":"info","timestamp":"2025-10-25T16:21:43.074+0800","caller":"logger/logger.go:88","msg":"gRPC request completed","method":"/rpc.user.UserService/CodeLogin","duration":0.028731719}
{"level":"info","timestamp":"2025-10-25T16:24:52.081+0800","caller":"logger/logger.go:88","msg":"gRPC request started","method":"/rpc.user.UserService/VerifyToken","request":"token:\"eyJhbGciOiJIUzI1NiIsInR5cCI6IkpXVCJ9.eyJ1c2VyX2lkIjoxMSwiaXNzIjoidmlzaW9uLXdvcmxkLXVzZXItc2VydmljZSIsImF1ZCI6WyJ2aXNpb24td29ybGQtYXBwIl0sImV4cCI6MTc2MTQ2NjkwMywibmJmIjoxNzYxMzgwNTAzLCJpYXQiOjE3NjEzODA1MDN9.z2YJK3IX8OKEirbb2bk6mdP3Y11M7z9-DrohobRefk8\""}
{"level":"info","timestamp":"2025-10-25T16:24:52.083+0800","caller":"logger/logger.go:88","msg":"VerifyToken called","token":"eyJhbGciOiJIUzI1NiIsInR5cCI6IkpXVCJ9.eyJ1c2VyX2lkIjoxMSwiaXNzIjoidmlzaW9uLXdvcmxkLXVzZXItc2VydmljZSIsImF1ZCI6WyJ2aXNpb24td29ybGQtYXBwIl0sImV4cCI6MTc2MTQ2NjkwMywibmJmIjoxNzYxMzgwNTAzLCJpYXQiOjE3NjEzODA1MDN9.z2YJK3IX8OKEirbb2bk6mdP3Y11M7z9-DrohobRefk8"}
{"level":"info","timestamp":"2025-10-25T16:24:52.083+0800","caller":"logger/logger.go:88","msg":"VerifyToken service called"}
{"level":"info","timestamp":"2025-10-25T16:24:52.081+0800","caller":"logger/logger.go:88","msg":"gRPC request started","method":"/rpc.user.UserService/VerifyToken","request":"token:\"eyJhbGciOiJIUzI1NiIsInR5cCI6IkpXVCJ9.eyJ1c2VyX2lkIjoxMSwiaXNzIjoidmlzaW9uLXdvcmxkLXVzZXItc2VydmljZSIsImF1ZCI6WyJ2aXNpb24td29ybGQtYXBwIl0sImV4cCI6MTc2MTQ2NjkwMywibmJmIjoxNzYxMzgwNTAzLCJpYXQiOjE3NjEzODA1MDN9.z2YJK3IX8OKEirbb2bk6mdP3Y11M7z9-DrohobRefk8\""}
{"level":"info","timestamp":"2025-10-25T16:24:52.084+0800","caller":"logger/logger.go:88","msg":"VerifyToken called","token":"eyJhbGciOiJIUzI1NiIsInR5cCI6IkpXVCJ9.eyJ1c2VyX2lkIjoxMSwiaXNzIjoidmlzaW9uLXdvcmxkLXVzZXItc2VydmljZSIsImF1ZCI6WyJ2aXNpb24td29ybGQtYXBwIl0sImV4cCI6MTc2MTQ2NjkwMywibmJmIjoxNzYxMzgwNTAzLCJpYXQiOjE3NjEzODA1MDN9.z2YJK3IX8OKEirbb2bk6mdP3Y11M7z9-DrohobRefk8"}
{"level":"info","timestamp":"2025-10-25T16:24:52.084+0800","caller":"logger/logger.go:88","msg":"VerifyToken service called"}
{"level":"info","timestamp":"2025-10-25T16:24:52.088+0800","caller":"logger/logger.go:88","msg":"gRPC request completed","method":"/rpc.user.UserService/VerifyToken","duration":0.00631709}
{"level":"info","timestamp":"2025-10-25T16:24:52.093+0800","caller":"logger/logger.go:88","msg":"gRPC request completed","method":"/rpc.user.UserService/VerifyToken","duration":0.011556841}
{"level":"info","timestamp":"2025-10-25T16:25:04.004+0800","caller":"logger/logger.go:88","msg":"gRPC request started","method":"/rpc.user.UserService/SendSmsCode","request":"phone:\"13131313131\" sms_type:\"login\""}
{"level":"info","timestamp":"2025-10-25T16:25:04.004+0800","caller":"logger/logger.go:88","msg":"SendSmsCode called","phone":"13131313131"}
{"level":"info","timestamp":"2025-10-25T16:25:04.004+0800","caller":"logger/logger.go:88","msg":"SendSmsCode service called","phone":"13131313131"}
{"level":"info","timestamp":"2025-10-25T16:25:04.007+0800","caller":"logger/logger.go:88","msg":"SMS code sent successfully","phone":"13131313131"}
{"level":"info","timestamp":"2025-10-25T16:25:04.007+0800","caller":"logger/logger.go:88","msg":"gRPC request completed","method":"/rpc.user.UserService/SendSmsCode","duration":0.003643257}
{"level":"info","timestamp":"2025-10-25T16:25:17.516+0800","caller":"logger/logger.go:88","msg":"gRPC request started","method":"/rpc.user.UserService/CodeLogin","request":"phone:\"13131313131\" code:\"691694\" device_id:\"device_1761358416929_o74aq5up1\""}
{"level":"info","timestamp":"2025-10-25T16:25:17.518+0800","caller":"logger/logger.go:88","msg":"CodeLogin called","phone":"13131313131"}
{"level":"info","timestamp":"2025-10-25T16:25:17.518+0800","caller":"logger/logger.go:88","msg":"CodeLogin service called","phone":"13131313131"}
{"level":"info","timestamp":"2025-10-25T16:25:17.530+0800","caller":"logger/logger.go:88","msg":"gRPC request completed","method":"/rpc.user.UserService/CodeLogin","duration":0.013798057}
{"level":"info","timestamp":"2025-10-26T10:11:31.809+0800","caller":"logger/logger.go:88","msg":"Shutting down server..."}
{"level":"info","timestamp":"2025-10-26T10:11:31.835+0800","caller":"logger/logger.go:88","msg":"Server stopped gracefully"}
{"level":"info","timestamp":"2025-10-26T10:12:44.429+0800","caller":"logger/logger.go:88","msg":"Starting user service","version":"1.0.0"}
{"level":"info","timestamp":"2025-10-26T10:12:44.531+0800","caller":"logger/logger.go:88","msg":"Database connected successfully"}
{"level":"info","timestamp":"2025-10-26T10:12:44.531+0800","caller":"logger/logger.go:88","msg":"Database models initialized successfully"}
{"level":"info","timestamp":"2025-10-26T10:12:44.531+0800","caller":"logger/logger.go:88","msg":"Redis connected successfully"}
{"level":"info","timestamp":"2025-10-26T10:12:44.537+0800","caller":"logger/logger.go:88","msg":"User service registered"}
{"level":"info","timestamp":"2025-10-26T10:12:44.537+0800","caller":"logger/logger.go:88","msg":"gRPC server starting","address":"0.0.0.0:50051"}
{"level":"info","timestamp":"2025-10-26T10:12:44.612+0800","caller":"logger/logger.go:88","msg":"Service registered to etcd","address":"0.0.0.0:50051"}
{"level":"info","timestamp":"2025-10-26T10:13:12.222+0800","caller":"logger/logger.go:88","msg":"gRPC request started","method":"/rpc.user.UserService/SendSmsCode","request":"phone:\"13131313131\" sms_type:\"login\""}
{"level":"info","timestamp":"2025-10-26T10:13:12.223+0800","caller":"logger/logger.go:88","msg":"SendSmsCode called","phone":"13131313131"}
{"level":"info","timestamp":"2025-10-26T10:13:12.223+0800","caller":"logger/logger.go:88","msg":"SendSmsCode service called","phone":"13131313131"}
{"level":"info","timestamp":"2025-10-26T10:13:12.235+0800","caller":"logger/logger.go:88","msg":"SMS code sent successfully","phone":"13131313131"}
{"level":"info","timestamp":"2025-10-26T10:13:12.235+0800","caller":"logger/logger.go:88","msg":"gRPC request completed","method":"/rpc.user.UserService/SendSmsCode","duration":0.013363979}
{"level":"info","timestamp":"2025-10-26T10:13:20.903+0800","caller":"logger/logger.go:88","msg":"gRPC request started","method":"/rpc.user.UserService/CodeLogin","request":"phone:\"13131313131\" code:\"297260\" device_id:\"device_1759461455145_bgj4a5ira\""}
{"level":"info","timestamp":"2025-10-26T10:13:20.903+0800","caller":"logger/logger.go:88","msg":"CodeLogin called","phone":"13131313131"}
{"level":"info","timestamp":"2025-10-26T10:13:20.903+0800","caller":"logger/logger.go:88","msg":"CodeLogin service called","phone":"13131313131"}
{"level":"info","timestamp":"2025-10-26T10:13:21.036+0800","caller":"logger/logger.go:88","msg":"gRPC request completed","method":"/rpc.user.UserService/CodeLogin","duration":0.133071291}
{"level":"info","timestamp":"2025-10-26T10:14:14.804+0800","caller":"logger/logger.go:88","msg":"gRPC request started","method":"/rpc.user.UserService/VerifyToken","request":"token:\"eyJhbGciOiJIUzI1NiIsInR5cCI6IkpXVCJ9.eyJ1c2VyX2lkIjoxMSwiaXNzIjoidmlzaW9uLXdvcmxkLXVzZXItc2VydmljZSIsImF1ZCI6WyJ2aXNpb24td29ybGQtYXBwIl0sImV4cCI6MTc2MTUzMTIwMCwibmJmIjoxNzYxNDQ0ODAwLCJpYXQiOjE3NjE0NDQ4MDB9.DdomNH1orLxmD1eQEgFUUBoCXiIVlslzxXR_5ucMNpM\""}
{"level":"info","timestamp":"2025-10-26T10:14:14.804+0800","caller":"logger/logger.go:88","msg":"VerifyToken called","token":"eyJhbGciOiJIUzI1NiIsInR5cCI6IkpXVCJ9.eyJ1c2VyX2lkIjoxMSwiaXNzIjoidmlzaW9uLXdvcmxkLXVzZXItc2VydmljZSIsImF1ZCI6WyJ2aXNpb24td29ybGQtYXBwIl0sImV4cCI6MTc2MTUzMTIwMCwibmJmIjoxNzYxNDQ0ODAwLCJpYXQiOjE3NjE0NDQ4MDB9.DdomNH1orLxmD1eQEgFUUBoCXiIVlslzxXR_5ucMNpM"}
{"level":"info","timestamp":"2025-10-26T10:14:14.804+0800","caller":"logger/logger.go:88","msg":"VerifyToken service called"}
{"level":"info","timestamp":"2025-10-26T10:14:14.811+0800","caller":"logger/logger.go:88","msg":"gRPC request completed","method":"/rpc.user.UserService/VerifyToken","duration":0.007728826}
{"level":"info","timestamp":"2025-10-26T10:18:37.590+0800","caller":"logger/logger.go:88","msg":"gRPC request started","method":"/rpc.user.UserService/VerifyToken","request":"token:\"eyJhbGciOiJIUzI1NiIsInR5cCI6IkpXVCJ9.eyJ1c2VyX2lkIjoxMSwiaXNzIjoidmlzaW9uLXdvcmxkLXVzZXItc2VydmljZSIsImF1ZCI6WyJ2aXNpb24td29ybGQtYXBwIl0sImV4cCI6MTc2MTUzMTIwMCwibmJmIjoxNzYxNDQ0ODAwLCJpYXQiOjE3NjE0NDQ4MDB9.DdomNH1orLxmD1eQEgFUUBoCXiIVlslzxXR_5ucMNpM\""}
{"level":"info","timestamp":"2025-10-26T10:18:37.590+0800","caller":"logger/logger.go:88","msg":"VerifyToken called","token":"eyJhbGciOiJIUzI1NiIsInR5cCI6IkpXVCJ9.eyJ1c2VyX2lkIjoxMSwiaXNzIjoidmlzaW9uLXdvcmxkLXVzZXItc2VydmljZSIsImF1ZCI6WyJ2aXNpb24td29ybGQtYXBwIl0sImV4cCI6MTc2MTUzMTIwMCwibmJmIjoxNzYxNDQ0ODAwLCJpYXQiOjE3NjE0NDQ4MDB9.DdomNH1orLxmD1eQEgFUUBoCXiIVlslzxXR_5ucMNpM"}
{"level":"info","timestamp":"2025-10-26T10:18:37.590+0800","caller":"logger/logger.go:88","msg":"VerifyToken service called"}
{"level":"info","timestamp":"2025-10-26T10:18:37.590+0800","caller":"logger/logger.go:88","msg":"gRPC request started","method":"/rpc.user.UserService/VerifyToken","request":"token:\"eyJhbGciOiJIUzI1NiIsInR5cCI6IkpXVCJ9.eyJ1c2VyX2lkIjoxMSwiaXNzIjoidmlzaW9uLXdvcmxkLXVzZXItc2VydmljZSIsImF1ZCI6WyJ2aXNpb24td29ybGQtYXBwIl0sImV4cCI6MTc2MTUzMTIwMCwibmJmIjoxNzYxNDQ0ODAwLCJpYXQiOjE3NjE0NDQ4MDB9.DdomNH1orLxmD1eQEgFUUBoCXiIVlslzxXR_5ucMNpM\""}
{"level":"info","timestamp":"2025-10-26T10:18:37.590+0800","caller":"logger/logger.go:88","msg":"VerifyToken called","token":"eyJhbGciOiJIUzI1NiIsInR5cCI6IkpXVCJ9.eyJ1c2VyX2lkIjoxMSwiaXNzIjoidmlzaW9uLXdvcmxkLXVzZXItc2VydmljZSIsImF1ZCI6WyJ2aXNpb24td29ybGQtYXBwIl0sImV4cCI6MTc2MTUzMTIwMCwibmJmIjoxNzYxNDQ0ODAwLCJpYXQiOjE3NjE0NDQ4MDB9.DdomNH1orLxmD1eQEgFUUBoCXiIVlslzxXR_5ucMNpM"}
{"level":"info","timestamp":"2025-10-26T10:18:37.591+0800","caller":"logger/logger.go:88","msg":"VerifyToken service called"}
{"level":"info","timestamp":"2025-10-26T10:18:37.604+0800","caller":"logger/logger.go:88","msg":"gRPC request completed","method":"/rpc.user.UserService/VerifyToken","duration":0.014335784}
{"level":"info","timestamp":"2025-10-26T10:18:37.665+0800","caller":"logger/logger.go:88","msg":"gRPC request completed","method":"/rpc.user.UserService/VerifyToken","duration":0.074844215}
{"level":"info","timestamp":"2025-10-26T10:18:44.396+0800","caller":"logger/logger.go:88","msg":"gRPC request started","method":"/rpc.user.UserService/SendSmsCode","request":"phone:\"13131313131\" sms_type:\"login\""}
{"level":"info","timestamp":"2025-10-26T10:18:44.396+0800","caller":"logger/logger.go:88","msg":"SendSmsCode called","phone":"13131313131"}
{"level":"info","timestamp":"2025-10-26T10:18:44.396+0800","caller":"logger/logger.go:88","msg":"SendSmsCode service called","phone":"13131313131"}
{"level":"info","timestamp":"2025-10-26T10:18:44.402+0800","caller":"logger/logger.go:88","msg":"SMS code sent successfully","phone":"13131313131"}
{"level":"info","timestamp":"2025-10-26T10:18:44.403+0800","caller":"logger/logger.go:88","msg":"gRPC request completed","method":"/rpc.user.UserService/SendSmsCode","duration":0.006831308}
{"level":"info","timestamp":"2025-10-26T10:18:54.355+0800","caller":"logger/logger.go:88","msg":"gRPC request started","method":"/rpc.user.UserService/CodeLogin","request":"phone:\"13131313131\" code:\"774446\" device_id:\"device_1759461455145_bgj4a5ira\""}
{"level":"info","timestamp":"2025-10-26T10:18:54.355+0800","caller":"logger/logger.go:88","msg":"CodeLogin called","phone":"13131313131"}
{"level":"info","timestamp":"2025-10-26T10:18:54.355+0800","caller":"logger/logger.go:88","msg":"CodeLogin service called","phone":"13131313131"}
{"level":"info","timestamp":"2025-10-26T10:18:54.391+0800","caller":"logger/logger.go:88","msg":"gRPC request completed","method":"/rpc.user.UserService/CodeLogin","duration":0.036365109}
{"level":"info","timestamp":"2025-10-26T10:19:10.692+0800","caller":"logger/logger.go:88","msg":"gRPC request started","method":"/rpc.user.UserService/VerifyToken","request":"token:\"eyJhbGciOiJIUzI1NiIsInR5cCI6IkpXVCJ9.eyJ1c2VyX2lkIjoxMSwiaXNzIjoidmlzaW9uLXdvcmxkLXVzZXItc2VydmljZSIsImF1ZCI6WyJ2aXNpb24td29ybGQtYXBwIl0sImV4cCI6MTc2MTUzMTUzNCwibmJmIjoxNzYxNDQ1MTM0LCJpYXQiOjE3NjE0NDUxMzR9.K53V0DUAQ1QAGn01cmgP0uzswLt9OnyhuvwWbouXuf8\""}
{"level":"info","timestamp":"2025-10-26T10:19:10.693+0800","caller":"logger/logger.go:88","msg":"VerifyToken called","token":"eyJhbGciOiJIUzI1NiIsInR5cCI6IkpXVCJ9.eyJ1c2VyX2lkIjoxMSwiaXNzIjoidmlzaW9uLXdvcmxkLXVzZXItc2VydmljZSIsImF1ZCI6WyJ2aXNpb24td29ybGQtYXBwIl0sImV4cCI6MTc2MTUzMTUzNCwibmJmIjoxNzYxNDQ1MTM0LCJpYXQiOjE3NjE0NDUxMzR9.K53V0DUAQ1QAGn01cmgP0uzswLt9OnyhuvwWbouXuf8"}
{"level":"info","timestamp":"2025-10-26T10:19:10.693+0800","caller":"logger/logger.go:88","msg":"VerifyToken service called"}
{"level":"info","timestamp":"2025-10-26T10:19:10.698+0800","caller":"logger/logger.go:88","msg":"gRPC request completed","method":"/rpc.user.UserService/VerifyToken","duration":0.00585674}
{"level":"info","timestamp":"2025-10-26T10:24:13.410+0800","caller":"logger/logger.go:88","msg":"gRPC request started","method":"/rpc.user.UserService/VerifyToken","request":"token:\"eyJhbGciOiJIUzI1NiIsInR5cCI6IkpXVCJ9.eyJ1c2VyX2lkIjoxMSwiaXNzIjoidmlzaW9uLXdvcmxkLXVzZXItc2VydmljZSIsImF1ZCI6WyJ2aXNpb24td29ybGQtYXBwIl0sImV4cCI6MTc2MTUzMTUzNCwibmJmIjoxNzYxNDQ1MTM0LCJpYXQiOjE3NjE0NDUxMzR9.K53V0DUAQ1QAGn01cmgP0uzswLt9OnyhuvwWbouXuf8\""}
{"level":"info","timestamp":"2025-10-26T10:24:13.410+0800","caller":"logger/logger.go:88","msg":"VerifyToken called","token":"eyJhbGciOiJIUzI1NiIsInR5cCI6IkpXVCJ9.eyJ1c2VyX2lkIjoxMSwiaXNzIjoidmlzaW9uLXdvcmxkLXVzZXItc2VydmljZSIsImF1ZCI6WyJ2aXNpb24td29ybGQtYXBwIl0sImV4cCI6MTc2MTUzMTUzNCwibmJmIjoxNzYxNDQ1MTM0LCJpYXQiOjE3NjE0NDUxMzR9.K53V0DUAQ1QAGn01cmgP0uzswLt9OnyhuvwWbouXuf8"}
{"level":"info","timestamp":"2025-10-26T10:24:13.411+0800","caller":"logger/logger.go:88","msg":"VerifyToken service called"}
{"level":"info","timestamp":"2025-10-26T10:24:13.410+0800","caller":"logger/logger.go:88","msg":"gRPC request started","method":"/rpc.user.UserService/VerifyToken","request":"token:\"eyJhbGciOiJIUzI1NiIsInR5cCI6IkpXVCJ9.eyJ1c2VyX2lkIjoxMSwiaXNzIjoidmlzaW9uLXdvcmxkLXVzZXItc2VydmljZSIsImF1ZCI6WyJ2aXNpb24td29ybGQtYXBwIl0sImV4cCI6MTc2MTUzMTUzNCwibmJmIjoxNzYxNDQ1MTM0LCJpYXQiOjE3NjE0NDUxMzR9.K53V0DUAQ1QAGn01cmgP0uzswLt9OnyhuvwWbouXuf8\""}
{"level":"info","timestamp":"2025-10-26T10:24:13.411+0800","caller":"logger/logger.go:88","msg":"VerifyToken called","token":"eyJhbGciOiJIUzI1NiIsInR5cCI6IkpXVCJ9.eyJ1c2VyX2lkIjoxMSwiaXNzIjoidmlzaW9uLXdvcmxkLXVzZXItc2VydmljZSIsImF1ZCI6WyJ2aXNpb24td29ybGQtYXBwIl0sImV4cCI6MTc2MTUzMTUzNCwibmJmIjoxNzYxNDQ1MTM0LCJpYXQiOjE3NjE0NDUxMzR9.K53V0DUAQ1QAGn01cmgP0uzswLt9OnyhuvwWbouXuf8"}
{"level":"info","timestamp":"2025-10-26T10:24:13.411+0800","caller":"logger/logger.go:88","msg":"VerifyToken service called"}
{"level":"info","timestamp":"2025-10-26T10:24:13.420+0800","caller":"logger/logger.go:88","msg":"gRPC request completed","method":"/rpc.user.UserService/VerifyToken","duration":0.010087822}
{"level":"info","timestamp":"2025-10-26T10:24:13.422+0800","caller":"logger/logger.go:88","msg":"gRPC request completed","method":"/rpc.user.UserService/VerifyToken","duration":0.012097028}
{"level":"info","timestamp":"2025-10-26T10:24:41.801+0800","caller":"logger/logger.go:88","msg":"gRPC request started","method":"/rpc.user.UserService/SendSmsCode","request":"phone:\"13131313131\" sms_type:\"login\""}
{"level":"info","timestamp":"2025-10-26T10:24:41.801+0800","caller":"logger/logger.go:88","msg":"SendSmsCode called","phone":"13131313131"}
{"level":"info","timestamp":"2025-10-26T10:24:41.802+0800","caller":"logger/logger.go:88","msg":"SendSmsCode service called","phone":"13131313131"}
{"level":"info","timestamp":"2025-10-26T10:24:41.804+0800","caller":"logger/logger.go:88","msg":"SMS code sent successfully","phone":"13131313131"}
{"level":"info","timestamp":"2025-10-26T10:24:41.804+0800","caller":"logger/logger.go:88","msg":"gRPC request completed","method":"/rpc.user.UserService/SendSmsCode","duration":0.002963986}
{"level":"info","timestamp":"2025-10-26T10:24:47.348+0800","caller":"logger/logger.go:88","msg":"gRPC request started","method":"/rpc.user.UserService/CodeLogin","request":"phone:\"13131313131\" code:\"025353\" device_id:\"device_1759461455145_bgj4a5ira\""}
{"level":"info","timestamp":"2025-10-26T10:24:47.348+0800","caller":"logger/logger.go:88","msg":"CodeLogin called","phone":"13131313131"}
{"level":"info","timestamp":"2025-10-26T10:24:47.348+0800","caller":"logger/logger.go:88","msg":"CodeLogin service called","phone":"13131313131"}
{"level":"info","timestamp":"2025-10-26T10:24:47.368+0800","caller":"logger/logger.go:88","msg":"gRPC request completed","method":"/rpc.user.UserService/CodeLogin","duration":0.02060627}
{"level":"info","timestamp":"2025-10-26T10:25:01.433+0800","caller":"logger/logger.go:88","msg":"gRPC request started","method":"/rpc.user.UserService/VerifyToken","request":"token:\"eyJhbGciOiJIUzI1NiIsInR5cCI6IkpXVCJ9.eyJ1c2VyX2lkIjoxMSwiaXNzIjoidmlzaW9uLXdvcmxkLXVzZXItc2VydmljZSIsImF1ZCI6WyJ2aXNpb24td29ybGQtYXBwIl0sImV4cCI6MTc2MTUzMTg4NywibmJmIjoxNzYxNDQ1NDg3LCJpYXQiOjE3NjE0NDU0ODd9.KxefPT3QcaJdfIiLC8eK0_vSHXkWJ2c-tPMWqyGY8dQ\""}
{"level":"info","timestamp":"2025-10-26T10:25:01.433+0800","caller":"logger/logger.go:88","msg":"VerifyToken called","token":"eyJhbGciOiJIUzI1NiIsInR5cCI6IkpXVCJ9.eyJ1c2VyX2lkIjoxMSwiaXNzIjoidmlzaW9uLXdvcmxkLXVzZXItc2VydmljZSIsImF1ZCI6WyJ2aXNpb24td29ybGQtYXBwIl0sImV4cCI6MTc2MTUzMTg4NywibmJmIjoxNzYxNDQ1NDg3LCJpYXQiOjE3NjE0NDU0ODd9.KxefPT3QcaJdfIiLC8eK0_vSHXkWJ2c-tPMWqyGY8dQ"}
{"level":"info","timestamp":"2025-10-26T10:25:01.433+0800","caller":"logger/logger.go:88","msg":"VerifyToken service called"}
{"level":"info","timestamp":"2025-10-26T10:25:01.437+0800","caller":"logger/logger.go:88","msg":"gRPC request completed","method":"/rpc.user.UserService/VerifyToken","duration":0.00399454}
{"level":"info","timestamp":"2025-10-26T14:02:13.711+0800","caller":"logger/logger.go:88","msg":"gRPC request started","method":"/rpc.user.UserService/VerifyToken","request":"token:\"eyJhbGciOiJIUzI1NiIsInR5cCI6IkpXVCJ9.eyJ1c2VyX2lkIjoxMSwiaXNzIjoidmlzaW9uLXdvcmxkLXVzZXItc2VydmljZSIsImF1ZCI6WyJ2aXNpb24td29ybGQtYXBwIl0sImV4cCI6MTc2MTUzMTg4NywibmJmIjoxNzYxNDQ1NDg3LCJpYXQiOjE3NjE0NDU0ODd9.KxefPT3QcaJdfIiLC8eK0_vSHXkWJ2c-tPMWqyGY8dQ\""}
{"level":"info","timestamp":"2025-10-26T14:02:13.713+0800","caller":"logger/logger.go:88","msg":"VerifyToken called","token":"eyJhbGciOiJIUzI1NiIsInR5cCI6IkpXVCJ9.eyJ1c2VyX2lkIjoxMSwiaXNzIjoidmlzaW9uLXdvcmxkLXVzZXItc2VydmljZSIsImF1ZCI6WyJ2aXNpb24td29ybGQtYXBwIl0sImV4cCI6MTc2MTUzMTg4NywibmJmIjoxNzYxNDQ1NDg3LCJpYXQiOjE3NjE0NDU0ODd9.KxefPT3QcaJdfIiLC8eK0_vSHXkWJ2c-tPMWqyGY8dQ"}
{"level":"info","timestamp":"2025-10-26T14:02:13.713+0800","caller":"logger/logger.go:88","msg":"VerifyToken service called"}
{"level":"info","timestamp":"2025-10-26T14:02:13.711+0800","caller":"logger/logger.go:88","msg":"gRPC request started","method":"/rpc.user.UserService/VerifyToken","request":"token:\"eyJhbGciOiJIUzI1NiIsInR5cCI6IkpXVCJ9.eyJ1c2VyX2lkIjoxMSwiaXNzIjoidmlzaW9uLXdvcmxkLXVzZXItc2VydmljZSIsImF1ZCI6WyJ2aXNpb24td29ybGQtYXBwIl0sImV4cCI6MTc2MTUzMTg4NywibmJmIjoxNzYxNDQ1NDg3LCJpYXQiOjE3NjE0NDU0ODd9.KxefPT3QcaJdfIiLC8eK0_vSHXkWJ2c-tPMWqyGY8dQ\""}
{"level":"info","timestamp":"2025-10-26T14:02:13.713+0800","caller":"logger/logger.go:88","msg":"VerifyToken called","token":"eyJhbGciOiJIUzI1NiIsInR5cCI6IkpXVCJ9.eyJ1c2VyX2lkIjoxMSwiaXNzIjoidmlzaW9uLXdvcmxkLXVzZXItc2VydmljZSIsImF1ZCI6WyJ2aXNpb24td29ybGQtYXBwIl0sImV4cCI6MTc2MTUzMTg4NywibmJmIjoxNzYxNDQ1NDg3LCJpYXQiOjE3NjE0NDU0ODd9.KxefPT3QcaJdfIiLC8eK0_vSHXkWJ2c-tPMWqyGY8dQ"}
{"level":"info","timestamp":"2025-10-26T14:02:13.713+0800","caller":"logger/logger.go:88","msg":"VerifyToken service called"}
{"level":"info","timestamp":"2025-10-26T14:02:13.757+0800","caller":"logger/logger.go:88","msg":"gRPC request completed","method":"/rpc.user.UserService/VerifyToken","duration":0.045670973}
{"level":"info","timestamp":"2025-10-26T14:02:13.757+0800","caller":"logger/logger.go:88","msg":"gRPC request completed","method":"/rpc.user.UserService/VerifyToken","duration":0.045904983}
{"level":"info","timestamp":"2025-11-02T11:11:56.621+0800","caller":"logger/logger.go:88","msg":"Starting user service","version":"1.0.0"}
{"level":"info","timestamp":"2025-11-02T11:11:56.671+0800","caller":"logger/logger.go:88","msg":"Database connected successfully"}
{"level":"info","timestamp":"2025-11-02T11:11:56.672+0800","caller":"logger/logger.go:88","msg":"Database models initialized successfully"}
{"level":"info","timestamp":"2025-11-02T11:11:56.673+0800","caller":"logger/logger.go:88","msg":"Redis connected successfully"}
{"level":"info","timestamp":"2025-11-02T11:11:56.680+0800","caller":"logger/logger.go:88","msg":"User service registered"}
{"level":"info","timestamp":"2025-11-02T11:11:56.680+0800","caller":"logger/logger.go:88","msg":"gRPC server starting","address":"0.0.0.0:50051"}
{"level":"info","timestamp":"2025-11-02T11:11:56.742+0800","caller":"logger/logger.go:88","msg":"Service registered to etcd","address":"0.0.0.0:50051"}
{"level":"info","timestamp":"2025-11-02T11:13:02.133+0800","caller":"logger/logger.go:88","msg":"gRPC request started","method":"/rpc.user.UserService/SendSmsCode","request":"phone:\"13131313131\" sms_type:\"login\""}
{"level":"info","timestamp":"2025-11-02T11:13:02.134+0800","caller":"logger/logger.go:88","msg":"SendSmsCode called","phone":"13131313131"}
{"level":"info","timestamp":"2025-11-02T11:13:02.134+0800","caller":"logger/logger.go:88","msg":"SendSmsCode service called","phone":"13131313131"}
{"level":"info","timestamp":"2025-11-02T11:13:02.144+0800","caller":"logger/logger.go:88","msg":"SMS code sent successfully","phone":"13131313131"}
{"level":"info","timestamp":"2025-11-02T11:13:02.145+0800","caller":"logger/logger.go:88","msg":"gRPC request completed","method":"/rpc.user.UserService/SendSmsCode","duration":0.011802724}
{"level":"info","timestamp":"2025-11-02T11:13:15.994+0800","caller":"logger/logger.go:88","msg":"gRPC request started","method":"/rpc.user.UserService/CodeLogin","request":"phone:\"13131313131\" code:\"726978\" device_id:\"device_1759461455145_bgj4a5ira\""}
{"level":"info","timestamp":"2025-11-02T11:13:15.995+0800","caller":"logger/logger.go:88","msg":"CodeLogin called","phone":"13131313131"}
{"level":"info","timestamp":"2025-11-02T11:13:15.995+0800","caller":"logger/logger.go:88","msg":"CodeLogin service called","phone":"13131313131"}
{"level":"info","timestamp":"2025-11-02T11:13:16.074+0800","caller":"logger/logger.go:88","msg":"gRPC request completed","method":"/rpc.user.UserService/CodeLogin","duration":0.079555384}
{"level":"info","timestamp":"2025-11-02T11:14:27.313+0800","caller":"logger/logger.go:88","msg":"gRPC request started","method":"/rpc.user.UserService/VerifyToken","request":"token:\"eyJhbGciOiJIUzI1NiIsInR5cCI6IkpXVCJ9.eyJ1c2VyX2lkIjoxMSwiaXNzIjoidmlzaW9uLXdvcmxkLXVzZXItc2VydmljZSIsImF1ZCI6WyJ2aXNpb24td29ybGQtYXBwIl0sImV4cCI6MTc2MjEzOTU5NiwibmJmIjoxNzYyMDUzMTk2LCJpYXQiOjE3NjIwNTMxOTZ9.fBmNQQJ42u6hy_DCiPsNBSHxQZ1SYiVeWpJX9SNvX58\""}
{"level":"info","timestamp":"2025-11-02T11:14:27.313+0800","caller":"logger/logger.go:88","msg":"VerifyToken called","token":"eyJhbGciOiJIUzI1NiIsInR5cCI6IkpXVCJ9.eyJ1c2VyX2lkIjoxMSwiaXNzIjoidmlzaW9uLXdvcmxkLXVzZXItc2VydmljZSIsImF1ZCI6WyJ2aXNpb24td29ybGQtYXBwIl0sImV4cCI6MTc2MjEzOTU5NiwibmJmIjoxNzYyMDUzMTk2LCJpYXQiOjE3NjIwNTMxOTZ9.fBmNQQJ42u6hy_DCiPsNBSHxQZ1SYiVeWpJX9SNvX58"}
{"level":"info","timestamp":"2025-11-02T11:14:27.313+0800","caller":"logger/logger.go:88","msg":"VerifyToken service called"}
{"level":"info","timestamp":"2025-11-02T11:14:27.316+0800","caller":"logger/logger.go:88","msg":"gRPC request completed","method":"/rpc.user.UserService/VerifyToken","duration":0.003688816}
{"level":"info","timestamp":"2025-11-02T14:27:06.834+0800","caller":"logger/logger.go:88","msg":"gRPC request started","method":"/rpc.user.UserService/VerifyToken","request":"token:\"eyJhbGciOiJIUzI1NiIsInR5cCI6IkpXVCJ9.eyJ1c2VyX2lkIjoxMSwiaXNzIjoidmlzaW9uLXdvcmxkLXVzZXItc2VydmljZSIsImF1ZCI6WyJ2aXNpb24td29ybGQtYXBwIl0sImV4cCI6MTc2MjEzOTU5NiwibmJmIjoxNzYyMDUzMTk2LCJpYXQiOjE3NjIwNTMxOTZ9.fBmNQQJ42u6hy_DCiPsNBSHxQZ1SYiVeWpJX9SNvX58\""}
{"level":"info","timestamp":"2025-11-02T14:27:06.834+0800","caller":"logger/logger.go:88","msg":"gRPC request started","method":"/rpc.user.UserService/VerifyToken","request":"token:\"eyJhbGciOiJIUzI1NiIsInR5cCI6IkpXVCJ9.eyJ1c2VyX2lkIjoxMSwiaXNzIjoidmlzaW9uLXdvcmxkLXVzZXItc2VydmljZSIsImF1ZCI6WyJ2aXNpb24td29ybGQtYXBwIl0sImV4cCI6MTc2MjEzOTU5NiwibmJmIjoxNzYyMDUzMTk2LCJpYXQiOjE3NjIwNTMxOTZ9.fBmNQQJ42u6hy_DCiPsNBSHxQZ1SYiVeWpJX9SNvX58\""}
{"level":"info","timestamp":"2025-11-02T14:27:06.835+0800","caller":"logger/logger.go:88","msg":"VerifyToken called","token":"eyJhbGciOiJIUzI1NiIsInR5cCI6IkpXVCJ9.eyJ1c2VyX2lkIjoxMSwiaXNzIjoidmlzaW9uLXdvcmxkLXVzZXItc2VydmljZSIsImF1ZCI6WyJ2aXNpb24td29ybGQtYXBwIl0sImV4cCI6MTc2MjEzOTU5NiwibmJmIjoxNzYyMDUzMTk2LCJpYXQiOjE3NjIwNTMxOTZ9.fBmNQQJ42u6hy_DCiPsNBSHxQZ1SYiVeWpJX9SNvX58"}
{"level":"info","timestamp":"2025-11-02T14:27:06.835+0800","caller":"logger/logger.go:88","msg":"VerifyToken service called"}
{"level":"info","timestamp":"2025-11-02T14:27:06.835+0800","caller":"logger/logger.go:88","msg":"VerifyToken called","token":"eyJhbGciOiJIUzI1NiIsInR5cCI6IkpXVCJ9.eyJ1c2VyX2lkIjoxMSwiaXNzIjoidmlzaW9uLXdvcmxkLXVzZXItc2VydmljZSIsImF1ZCI6WyJ2aXNpb24td29ybGQtYXBwIl0sImV4cCI6MTc2MjEzOTU5NiwibmJmIjoxNzYyMDUzMTk2LCJpYXQiOjE3NjIwNTMxOTZ9.fBmNQQJ42u6hy_DCiPsNBSHxQZ1SYiVeWpJX9SNvX58"}
{"level":"info","timestamp":"2025-11-02T14:27:06.835+0800","caller":"logger/logger.go:88","msg":"VerifyToken service called"}
{"level":"info","timestamp":"2025-11-02T14:27:06.849+0800","caller":"logger/logger.go:88","msg":"gRPC request completed","method":"/rpc.user.UserService/VerifyToken","duration":0.014755264}
{"level":"info","timestamp":"2025-11-02T14:27:06.849+0800","caller":"logger/logger.go:88","msg":"gRPC request completed","method":"/rpc.user.UserService/VerifyToken","duration":0.014707127}
{"level":"info","timestamp":"2025-11-02T15:39:55.426+0800","caller":"logger/logger.go:88","msg":"Shutting down server..."}
{"level":"info","timestamp":"2025-11-02T15:39:55.427+0800","caller":"logger/logger.go:88","msg":"Server stopped gracefully"}
{"level":"info","timestamp":"2025-11-02T15:40:00.872+0800","caller":"logger/logger.go:88","msg":"Starting user service","version":"1.0.0"}
{"level":"info","timestamp":"2025-11-02T15:40:00.879+0800","caller":"logger/logger.go:88","msg":"Database connected successfully"}
{"level":"info","timestamp":"2025-11-02T15:40:00.880+0800","caller":"logger/logger.go:88","msg":"Database models initialized successfully"}
{"level":"info","timestamp":"2025-11-02T15:40:00.880+0800","caller":"logger/logger.go:88","msg":"Redis connected successfully"}
{"level":"info","timestamp":"2025-11-02T15:40:00.887+0800","caller":"logger/logger.go:88","msg":"User service registered"}
{"level":"info","timestamp":"2025-11-02T15:40:00.887+0800","caller":"logger/logger.go:88","msg":"gRPC server starting","address":"0.0.0.0:50051"}
{"level":"info","timestamp":"2025-11-02T15:40:00.933+0800","caller":"logger/logger.go:88","msg":"Service registered to etcd","address":"0.0.0.0:50051"}
{"level":"info","timestamp":"2025-11-02T20:15:46.816+0800","caller":"logger/logger.go:88","msg":"gRPC request started","method":"/rpc.user.UserService/SendSmsCode","request":"phone:\"13131313131\" sms_type:\"login\""}
{"level":"info","timestamp":"2025-11-02T20:15:46.817+0800","caller":"logger/logger.go:88","msg":"SendSmsCode called","phone":"13131313131"}
{"level":"info","timestamp":"2025-11-02T20:15:46.817+0800","caller":"logger/logger.go:88","msg":"SendSmsCode service called","phone":"13131313131"}
{"level":"info","timestamp":"2025-11-02T20:15:46.823+0800","caller":"logger/logger.go:88","msg":"SMS code sent successfully","phone":"13131313131"}
{"level":"info","timestamp":"2025-11-02T20:15:46.824+0800","caller":"logger/logger.go:88","msg":"gRPC request completed","method":"/rpc.user.UserService/SendSmsCode","duration":0.008005678}
{"level":"info","timestamp":"2025-11-02T20:15:55.325+0800","caller":"logger/logger.go:88","msg":"gRPC request started","method":"/rpc.user.UserService/CodeLogin","request":"phone:\"13131313131\" code:\"770448\" device_id:\"device_1759461455145_bgj4a5ira\""}
{"level":"info","timestamp":"2025-11-02T20:15:55.325+0800","caller":"logger/logger.go:88","msg":"CodeLogin called","phone":"13131313131"}
{"level":"info","timestamp":"2025-11-02T20:15:55.325+0800","caller":"logger/logger.go:88","msg":"CodeLogin service called","phone":"13131313131"}
{"level":"info","timestamp":"2025-11-02T20:15:55.348+0800","caller":"logger/logger.go:88","msg":"gRPC request completed","method":"/rpc.user.UserService/CodeLogin","duration":0.023137054}
{"level":"info","timestamp":"2025-11-02T20:16:09.488+0800","caller":"logger/logger.go:88","msg":"gRPC request started","method":"/rpc.user.UserService/VerifyToken","request":"token:\"eyJhbGciOiJIUzI1NiIsInR5cCI6IkpXVCJ9.eyJ1c2VyX2lkIjoxMSwiaXNzIjoidmlzaW9uLXdvcmxkLXVzZXItc2VydmljZSIsImF1ZCI6WyJ2aXNpb24td29ybGQtYXBwIl0sImV4cCI6MTc2MjE3MjE1NSwibmJmIjoxNzYyMDg1NzU1LCJpYXQiOjE3NjIwODU3NTV9.pGkIEskGmKdeAQqyBXQ6JFtKpnysGc9hIoBgTfs5Jx0\""}
{"level":"info","timestamp":"2025-11-02T20:16:09.489+0800","caller":"logger/logger.go:88","msg":"VerifyToken called","token":"eyJhbGciOiJIUzI1NiIsInR5cCI6IkpXVCJ9.eyJ1c2VyX2lkIjoxMSwiaXNzIjoidmlzaW9uLXdvcmxkLXVzZXItc2VydmljZSIsImF1ZCI6WyJ2aXNpb24td29ybGQtYXBwIl0sImV4cCI6MTc2MjE3MjE1NSwibmJmIjoxNzYyMDg1NzU1LCJpYXQiOjE3NjIwODU3NTV9.pGkIEskGmKdeAQqyBXQ6JFtKpnysGc9hIoBgTfs5Jx0"}
{"level":"info","timestamp":"2025-11-02T20:16:09.489+0800","caller":"logger/logger.go:88","msg":"VerifyToken service called"}
{"level":"info","timestamp":"2025-11-02T20:16:09.492+0800","caller":"logger/logger.go:88","msg":"gRPC request completed","method":"/rpc.user.UserService/VerifyToken","duration":0.003171358}
{"level":"info","timestamp":"2025-11-02T20:20:51.926+0800","caller":"logger/logger.go:88","msg":"gRPC request started","method":"/rpc.user.UserService/SendSmsCode","request":"phone:\"13131313131\" sms_type:\"login\""}
{"level":"info","timestamp":"2025-11-02T20:20:51.927+0800","caller":"logger/logger.go:88","msg":"SendSmsCode called","phone":"13131313131"}
{"level":"info","timestamp":"2025-11-02T20:20:51.927+0800","caller":"logger/logger.go:88","msg":"SendSmsCode service called","phone":"13131313131"}
{"level":"info","timestamp":"2025-11-02T20:20:51.932+0800","caller":"logger/logger.go:88","msg":"SMS code sent successfully","phone":"13131313131"}
{"level":"info","timestamp":"2025-11-02T20:20:51.932+0800","caller":"logger/logger.go:88","msg":"gRPC request completed","method":"/rpc.user.UserService/SendSmsCode","duration":0.005955939}
{"level":"info","timestamp":"2025-11-02T20:21:10.593+0800","caller":"logger/logger.go:88","msg":"gRPC request started","method":"/rpc.user.UserService/SendSmsCode","request":"phone:\"13131313131\" sms_type:\"login\""}
{"level":"info","timestamp":"2025-11-02T20:21:10.594+0800","caller":"logger/logger.go:88","msg":"SendSmsCode called","phone":"13131313131"}
{"level":"info","timestamp":"2025-11-02T20:21:10.594+0800","caller":"logger/logger.go:88","msg":"SendSmsCode service called","phone":"13131313131"}
{"level":"warn","timestamp":"2025-11-02T20:21:10.595+0800","caller":"logger/logger.go:93","msg":"SMS send rate limit exceeded","phone":"13131313131"}
{"level":"error","timestamp":"2025-11-02T20:21:10.595+0800","caller":"logger/logger.go:98","msg":"SendSmsCode failed","error":"发送过于频繁，请稍后再试","phone":"13131313131","stacktrace":"user_service/pkg/logger.(*zapLogger).Error\n\t/Users/kanyu/Desktop/project/kanyu_server/new_project/project/vision_world_back/service/user_service/pkg/logger/logger.go:98\nuser_service/internal/handler.(*UserServiceHandler).SendSmsCode\n\t/Users/kanyu/Desktop/project/kanyu_server/new_project/project/vision_world_back/service/user_service/internal/handler/handler.go:117\nuser_service/proto/proto_gen._UserService_SendSmsCode_Handler.func1\n\t/Users/kanyu/Desktop/project/kanyu_server/new_project/project/vision_world_back/service/user_service/proto/proto_gen/user_grpc.pb.go:267\nmain.main.unaryInterceptor.func8\n\t/Users/kanyu/Desktop/project/kanyu_server/new_project/project/vision_world_back/service/user_service/cmd/server/main.go:153\nuser_service/proto/proto_gen._UserService_SendSmsCode_Handler\n\t/Users/kanyu/Desktop/project/kanyu_server/new_project/project/vision_world_back/service/user_service/proto/proto_gen/user_grpc.pb.go:269\ngoogle.golang.org/grpc.(*Server).processUnaryRPC\n\t/Users/kanyu/Desktop/goproject/pkg/mod/google.golang.org/grpc@v1.75.1/server.go:1431\ngoogle.golang.org/grpc.(*Server).handleStream\n\t/Users/kanyu/Desktop/goproject/pkg/mod/google.golang.org/grpc@v1.75.1/server.go:1842\ngoogle.golang.org/grpc.(*Server).serveStreams.func2.1\n\t/Users/kanyu/Desktop/goproject/pkg/mod/google.golang.org/grpc@v1.75.1/server.go:1061"}
{"level":"info","timestamp":"2025-11-02T20:21:10.595+0800","caller":"logger/logger.go:88","msg":"gRPC request completed","method":"/rpc.user.UserService/SendSmsCode","duration":0.001947077}
{"level":"info","timestamp":"2025-11-02T20:21:27.243+0800","caller":"logger/logger.go:88","msg":"gRPC request started","method":"/rpc.user.UserService/SendSmsCode","request":"phone:\"13131313133\" sms_type:\"login\""}
{"level":"info","timestamp":"2025-11-02T20:21:27.243+0800","caller":"logger/logger.go:88","msg":"SendSmsCode called","phone":"13131313133"}
{"level":"info","timestamp":"2025-11-02T20:21:27.243+0800","caller":"logger/logger.go:88","msg":"SendSmsCode service called","phone":"13131313133"}
{"level":"info","timestamp":"2025-11-02T20:21:27.247+0800","caller":"logger/logger.go:88","msg":"SMS code sent successfully","phone":"13131313133"}
{"level":"info","timestamp":"2025-11-02T20:21:27.247+0800","caller":"logger/logger.go:88","msg":"gRPC request completed","method":"/rpc.user.UserService/SendSmsCode","duration":0.003927804}
{"level":"info","timestamp":"2025-11-02T20:21:34.665+0800","caller":"logger/logger.go:88","msg":"gRPC request started","method":"/rpc.user.UserService/CodeLogin","request":"phone:\"13131313133\" code:\"442191\" device_id:\"device_1759461455145_bgj4a5ira\""}
{"level":"info","timestamp":"2025-11-02T20:21:34.665+0800","caller":"logger/logger.go:88","msg":"CodeLogin called","phone":"13131313133"}
{"level":"info","timestamp":"2025-11-02T20:21:34.665+0800","caller":"logger/logger.go:88","msg":"CodeLogin service called","phone":"13131313133"}
{"level":"info","timestamp":"2025-11-02T20:21:34.682+0800","caller":"logger/logger.go:88","msg":"gRPC request completed","method":"/rpc.user.UserService/CodeLogin","duration":0.016645386}
{"level":"info","timestamp":"2025-11-02T20:21:46.937+0800","caller":"logger/logger.go:88","msg":"gRPC request started","method":"/rpc.user.UserService/VerifyToken","request":"token:\"eyJhbGciOiJIUzI1NiIsInR5cCI6IkpXVCJ9.eyJ1c2VyX2lkIjoxMiwiaXNzIjoidmlzaW9uLXdvcmxkLXVzZXItc2VydmljZSIsImF1ZCI6WyJ2aXNpb24td29ybGQtYXBwIl0sImV4cCI6MTc2MjE3MjQ5NCwibmJmIjoxNzYyMDg2MDk0LCJpYXQiOjE3NjIwODYwOTR9.FnlrkuH4ixY9sEhoXSiB9JI4UJwQe3o6HuPx_Lb-UOk\""}
{"level":"info","timestamp":"2025-11-02T20:21:46.937+0800","caller":"logger/logger.go:88","msg":"VerifyToken called","token":"eyJhbGciOiJIUzI1NiIsInR5cCI6IkpXVCJ9.eyJ1c2VyX2lkIjoxMiwiaXNzIjoidmlzaW9uLXdvcmxkLXVzZXItc2VydmljZSIsImF1ZCI6WyJ2aXNpb24td29ybGQtYXBwIl0sImV4cCI6MTc2MjE3MjQ5NCwibmJmIjoxNzYyMDg2MDk0LCJpYXQiOjE3NjIwODYwOTR9.FnlrkuH4ixY9sEhoXSiB9JI4UJwQe3o6HuPx_Lb-UOk"}
{"level":"info","timestamp":"2025-11-02T20:21:46.937+0800","caller":"logger/logger.go:88","msg":"VerifyToken service called"}
{"level":"info","timestamp":"2025-11-02T20:21:46.939+0800","caller":"logger/logger.go:88","msg":"gRPC request completed","method":"/rpc.user.UserService/VerifyToken","duration":0.002772788}
{"level":"info","timestamp":"2025-11-02T20:27:22.803+0800","caller":"logger/logger.go:88","msg":"gRPC request started","method":"/rpc.user.UserService/VerifyToken","request":"token:\"eyJhbGciOiJIUzI1NiIsInR5cCI6IkpXVCJ9.eyJ1c2VyX2lkIjoxMiwiaXNzIjoidmlzaW9uLXdvcmxkLXVzZXItc2VydmljZSIsImF1ZCI6WyJ2aXNpb24td29ybGQtYXBwIl0sImV4cCI6MTc2MjE3MjQ5NCwibmJmIjoxNzYyMDg2MDk0LCJpYXQiOjE3NjIwODYwOTR9.FnlrkuH4ixY9sEhoXSiB9JI4UJwQe3o6HuPx_Lb-UOk\""}
{"level":"info","timestamp":"2025-11-02T20:27:22.804+0800","caller":"logger/logger.go:88","msg":"VerifyToken called","token":"eyJhbGciOiJIUzI1NiIsInR5cCI6IkpXVCJ9.eyJ1c2VyX2lkIjoxMiwiaXNzIjoidmlzaW9uLXdvcmxkLXVzZXItc2VydmljZSIsImF1ZCI6WyJ2aXNpb24td29ybGQtYXBwIl0sImV4cCI6MTc2MjE3MjQ5NCwibmJmIjoxNzYyMDg2MDk0LCJpYXQiOjE3NjIwODYwOTR9.FnlrkuH4ixY9sEhoXSiB9JI4UJwQe3o6HuPx_Lb-UOk"}
{"level":"info","timestamp":"2025-11-02T20:27:22.804+0800","caller":"logger/logger.go:88","msg":"VerifyToken service called"}
{"level":"info","timestamp":"2025-11-02T20:27:22.805+0800","caller":"logger/logger.go:88","msg":"gRPC request started","method":"/rpc.user.UserService/VerifyToken","request":"token:\"eyJhbGciOiJIUzI1NiIsInR5cCI6IkpXVCJ9.eyJ1c2VyX2lkIjoxMiwiaXNzIjoidmlzaW9uLXdvcmxkLXVzZXItc2VydmljZSIsImF1ZCI6WyJ2aXNpb24td29ybGQtYXBwIl0sImV4cCI6MTc2MjE3MjQ5NCwibmJmIjoxNzYyMDg2MDk0LCJpYXQiOjE3NjIwODYwOTR9.FnlrkuH4ixY9sEhoXSiB9JI4UJwQe3o6HuPx_Lb-UOk\""}
{"level":"info","timestamp":"2025-11-02T20:27:22.806+0800","caller":"logger/logger.go:88","msg":"VerifyToken called","token":"eyJhbGciOiJIUzI1NiIsInR5cCI6IkpXVCJ9.eyJ1c2VyX2lkIjoxMiwiaXNzIjoidmlzaW9uLXdvcmxkLXVzZXItc2VydmljZSIsImF1ZCI6WyJ2aXNpb24td29ybGQtYXBwIl0sImV4cCI6MTc2MjE3MjQ5NCwibmJmIjoxNzYyMDg2MDk0LCJpYXQiOjE3NjIwODYwOTR9.FnlrkuH4ixY9sEhoXSiB9JI4UJwQe3o6HuPx_Lb-UOk"}
{"level":"info","timestamp":"2025-11-02T20:27:22.806+0800","caller":"logger/logger.go:88","msg":"VerifyToken service called"}
{"level":"info","timestamp":"2025-11-02T20:27:22.829+0800","caller":"logger/logger.go:88","msg":"gRPC request completed","method":"/rpc.user.UserService/VerifyToken","duration":0.023333364}
{"level":"info","timestamp":"2025-11-02T20:27:22.829+0800","caller":"logger/logger.go:88","msg":"gRPC request completed","method":"/rpc.user.UserService/VerifyToken","duration":0.025515776}
{"level":"info","timestamp":"2025-11-02T20:27:26.654+0800","caller":"logger/logger.go:88","msg":"gRPC request started","method":"/rpc.user.UserService/SendSmsCode","request":"phone:\"13131313131\" sms_type:\"login\""}
{"level":"info","timestamp":"2025-11-02T20:27:26.654+0800","caller":"logger/logger.go:88","msg":"SendSmsCode called","phone":"13131313131"}
{"level":"info","timestamp":"2025-11-02T20:27:26.654+0800","caller":"logger/logger.go:88","msg":"SendSmsCode service called","phone":"13131313131"}
{"level":"info","timestamp":"2025-11-02T20:27:26.656+0800","caller":"logger/logger.go:88","msg":"SMS code sent successfully","phone":"13131313131"}
{"level":"info","timestamp":"2025-11-02T20:27:26.656+0800","caller":"logger/logger.go:88","msg":"gRPC request completed","method":"/rpc.user.UserService/SendSmsCode","duration":0.002647415}
{"level":"info","timestamp":"2025-11-02T20:27:41.293+0800","caller":"logger/logger.go:88","msg":"gRPC request started","method":"/rpc.user.UserService/CodeLogin","request":"phone:\"13131313131\" code:\"Failed\" device_id:\"device_1759461455145_bgj4a5ira\""}
{"level":"info","timestamp":"2025-11-02T20:27:41.294+0800","caller":"logger/logger.go:88","msg":"CodeLogin called","phone":"13131313131"}
{"level":"info","timestamp":"2025-11-02T20:27:41.294+0800","caller":"logger/logger.go:88","msg":"CodeLogin service called","phone":"13131313131"}
{"level":"error","timestamp":"2025-11-02T20:27:41.294+0800","caller":"logger/logger.go:98","msg":"CodeLogin failed","error":"sms code validation failed: verification code must contain only digits","phone":"13131313131","stacktrace":"user_service/pkg/logger.(*zapLogger).Error\n\t/Users/kanyu/Desktop/project/kanyu_server/new_project/project/vision_world_back/service/user_service/pkg/logger/logger.go:98\nuser_service/internal/handler.(*UserServiceHandler).CodeLogin\n\t/Users/kanyu/Desktop/project/kanyu_server/new_project/project/vision_world_back/service/user_service/internal/handler/handler.go:96\nuser_service/proto/proto_gen._UserService_CodeLogin_Handler.func1\n\t/Users/kanyu/Desktop/project/kanyu_server/new_project/project/vision_world_back/service/user_service/proto/proto_gen/user_grpc.pb.go:249\nmain.main.unaryInterceptor.func8\n\t/Users/kanyu/Desktop/project/kanyu_server/new_project/project/vision_world_back/service/user_service/cmd/server/main.go:153\nuser_service/proto/proto_gen._UserService_CodeLogin_Handler\n\t/Users/kanyu/Desktop/project/kanyu_server/new_project/project/vision_world_back/service/user_service/proto/proto_gen/user_grpc.pb.go:251\ngoogle.golang.org/grpc.(*Server).processUnaryRPC\n\t/Users/kanyu/Desktop/goproject/pkg/mod/google.golang.org/grpc@v1.75.1/server.go:1431\ngoogle.golang.org/grpc.(*Server).handleStream\n\t/Users/kanyu/Desktop/goproject/pkg/mod/google.golang.org/grpc@v1.75.1/server.go:1842\ngoogle.golang.org/grpc.(*Server).serveStreams.func2.1\n\t/Users/kanyu/Desktop/goproject/pkg/mod/google.golang.org/grpc@v1.75.1/server.go:1061"}
{"level":"info","timestamp":"2025-11-02T20:27:41.294+0800","caller":"logger/logger.go:88","msg":"gRPC request completed","method":"/rpc.user.UserService/CodeLogin","duration":0.00100996}
{"level":"info","timestamp":"2025-11-02T20:28:22.475+0800","caller":"logger/logger.go:88","msg":"gRPC request started","method":"/rpc.user.UserService/SendSmsCode","request":"phone:\"13131313131\" sms_type:\"login\""}
{"level":"info","timestamp":"2025-11-02T20:28:22.476+0800","caller":"logger/logger.go:88","msg":"SendSmsCode called","phone":"13131313131"}
{"level":"info","timestamp":"2025-11-02T20:28:22.476+0800","caller":"logger/logger.go:88","msg":"SendSmsCode service called","phone":"13131313131"}
{"level":"warn","timestamp":"2025-11-02T20:28:22.478+0800","caller":"logger/logger.go:93","msg":"SMS send rate limit exceeded","phone":"13131313131"}
{"level":"error","timestamp":"2025-11-02T20:28:22.478+0800","caller":"logger/logger.go:98","msg":"SendSmsCode failed","error":"发送过于频繁，请稍后再试","phone":"13131313131","stacktrace":"user_service/pkg/logger.(*zapLogger).Error\n\t/Users/kanyu/Desktop/project/kanyu_server/new_project/project/vision_world_back/service/user_service/pkg/logger/logger.go:98\nuser_service/internal/handler.(*UserServiceHandler).SendSmsCode\n\t/Users/kanyu/Desktop/project/kanyu_server/new_project/project/vision_world_back/service/user_service/internal/handler/handler.go:117\nuser_service/proto/proto_gen._UserService_SendSmsCode_Handler.func1\n\t/Users/kanyu/Desktop/project/kanyu_server/new_project/project/vision_world_back/service/user_service/proto/proto_gen/user_grpc.pb.go:267\nmain.main.unaryInterceptor.func8\n\t/Users/kanyu/Desktop/project/kanyu_server/new_project/project/vision_world_back/service/user_service/cmd/server/main.go:153\nuser_service/proto/proto_gen._UserService_SendSmsCode_Handler\n\t/Users/kanyu/Desktop/project/kanyu_server/new_project/project/vision_world_back/service/user_service/proto/proto_gen/user_grpc.pb.go:269\ngoogle.golang.org/grpc.(*Server).processUnaryRPC\n\t/Users/kanyu/Desktop/goproject/pkg/mod/google.golang.org/grpc@v1.75.1/server.go:1431\ngoogle.golang.org/grpc.(*Server).handleStream\n\t/Users/kanyu/Desktop/goproject/pkg/mod/google.golang.org/grpc@v1.75.1/server.go:1842\ngoogle.golang.org/grpc.(*Server).serveStreams.func2.1\n\t/Users/kanyu/Desktop/goproject/pkg/mod/google.golang.org/grpc@v1.75.1/server.go:1061"}
{"level":"info","timestamp":"2025-11-02T20:28:22.478+0800","caller":"logger/logger.go:88","msg":"gRPC request completed","method":"/rpc.user.UserService/SendSmsCode","duration":0.002511218}
{"level":"info","timestamp":"2025-11-02T20:28:43.576+0800","caller":"logger/logger.go:88","msg":"gRPC request started","method":"/rpc.user.UserService/SendSmsCode","request":"phone:\"13131313133\" sms_type:\"login\""}
{"level":"info","timestamp":"2025-11-02T20:28:43.576+0800","caller":"logger/logger.go:88","msg":"SendSmsCode called","phone":"13131313133"}
{"level":"info","timestamp":"2025-11-02T20:28:43.576+0800","caller":"logger/logger.go:88","msg":"SendSmsCode service called","phone":"13131313133"}
{"level":"info","timestamp":"2025-11-02T20:28:43.579+0800","caller":"logger/logger.go:88","msg":"SMS code sent successfully","phone":"13131313133"}
{"level":"info","timestamp":"2025-11-02T20:28:43.579+0800","caller":"logger/logger.go:88","msg":"gRPC request completed","method":"/rpc.user.UserService/SendSmsCode","duration":0.003125586}
{"level":"info","timestamp":"2025-11-02T20:28:54.062+0800","caller":"logger/logger.go:88","msg":"gRPC request started","method":"/rpc.user.UserService/CodeLogin","request":"phone:\"13131313133\" code:\"328718\" device_id:\"device_1759461455145_bgj4a5ira\""}
{"level":"info","timestamp":"2025-11-02T20:28:54.062+0800","caller":"logger/logger.go:88","msg":"CodeLogin called","phone":"13131313133"}
{"level":"info","timestamp":"2025-11-02T20:28:54.062+0800","caller":"logger/logger.go:88","msg":"CodeLogin service called","phone":"13131313133"}
{"level":"info","timestamp":"2025-11-02T20:28:54.072+0800","caller":"logger/logger.go:88","msg":"gRPC request completed","method":"/rpc.user.UserService/CodeLogin","duration":0.010336394}
{"level":"info","timestamp":"2025-11-02T20:29:06.395+0800","caller":"logger/logger.go:88","msg":"gRPC request started","method":"/rpc.user.UserService/VerifyToken","request":"token:\"eyJhbGciOiJIUzI1NiIsInR5cCI6IkpXVCJ9.eyJ1c2VyX2lkIjoxMiwiaXNzIjoidmlzaW9uLXdvcmxkLXVzZXItc2VydmljZSIsImF1ZCI6WyJ2aXNpb24td29ybGQtYXBwIl0sImV4cCI6MTc2MjE3MjkzNCwibmJmIjoxNzYyMDg2NTM0LCJpYXQiOjE3NjIwODY1MzR9.moyyMwBXO7vZlHelYKC78PJ3u06eSjbNplVKkMd7uSc\""}
{"level":"info","timestamp":"2025-11-02T20:29:06.395+0800","caller":"logger/logger.go:88","msg":"VerifyToken called","token":"eyJhbGciOiJIUzI1NiIsInR5cCI6IkpXVCJ9.eyJ1c2VyX2lkIjoxMiwiaXNzIjoidmlzaW9uLXdvcmxkLXVzZXItc2VydmljZSIsImF1ZCI6WyJ2aXNpb24td29ybGQtYXBwIl0sImV4cCI6MTc2MjE3MjkzNCwibmJmIjoxNzYyMDg2NTM0LCJpYXQiOjE3NjIwODY1MzR9.moyyMwBXO7vZlHelYKC78PJ3u06eSjbNplVKkMd7uSc"}
{"level":"info","timestamp":"2025-11-02T20:29:06.395+0800","caller":"logger/logger.go:88","msg":"VerifyToken service called"}
{"level":"info","timestamp":"2025-11-02T20:29:06.397+0800","caller":"logger/logger.go:88","msg":"gRPC request completed","method":"/rpc.user.UserService/VerifyToken","duration":0.002528124}
{"level":"info","timestamp":"2025-11-02T20:32:57.209+0800","caller":"logger/logger.go:88","msg":"gRPC request started","method":"/rpc.user.UserService/VerifyToken","request":"token:\"eyJhbGciOiJIUzI1NiIsInR5cCI6IkpXVCJ9.eyJ1c2VyX2lkIjoxMiwiaXNzIjoidmlzaW9uLXdvcmxkLXVzZXItc2VydmljZSIsImF1ZCI6WyJ2aXNpb24td29ybGQtYXBwIl0sImV4cCI6MTc2MjE3MjkzNCwibmJmIjoxNzYyMDg2NTM0LCJpYXQiOjE3NjIwODY1MzR9.moyyMwBXO7vZlHelYKC78PJ3u06eSjbNplVKkMd7uSc\""}
{"level":"info","timestamp":"2025-11-02T20:32:57.210+0800","caller":"logger/logger.go:88","msg":"VerifyToken called","token":"eyJhbGciOiJIUzI1NiIsInR5cCI6IkpXVCJ9.eyJ1c2VyX2lkIjoxMiwiaXNzIjoidmlzaW9uLXdvcmxkLXVzZXItc2VydmljZSIsImF1ZCI6WyJ2aXNpb24td29ybGQtYXBwIl0sImV4cCI6MTc2MjE3MjkzNCwibmJmIjoxNzYyMDg2NTM0LCJpYXQiOjE3NjIwODY1MzR9.moyyMwBXO7vZlHelYKC78PJ3u06eSjbNplVKkMd7uSc"}
{"level":"info","timestamp":"2025-11-02T20:32:57.210+0800","caller":"logger/logger.go:88","msg":"VerifyToken service called"}
{"level":"info","timestamp":"2025-11-02T20:32:57.209+0800","caller":"logger/logger.go:88","msg":"gRPC request started","method":"/rpc.user.UserService/VerifyToken","request":"token:\"eyJhbGciOiJIUzI1NiIsInR5cCI6IkpXVCJ9.eyJ1c2VyX2lkIjoxMiwiaXNzIjoidmlzaW9uLXdvcmxkLXVzZXItc2VydmljZSIsImF1ZCI6WyJ2aXNpb24td29ybGQtYXBwIl0sImV4cCI6MTc2MjE3MjkzNCwibmJmIjoxNzYyMDg2NTM0LCJpYXQiOjE3NjIwODY1MzR9.moyyMwBXO7vZlHelYKC78PJ3u06eSjbNplVKkMd7uSc\""}
{"level":"info","timestamp":"2025-11-02T20:32:57.210+0800","caller":"logger/logger.go:88","msg":"VerifyToken called","token":"eyJhbGciOiJIUzI1NiIsInR5cCI6IkpXVCJ9.eyJ1c2VyX2lkIjoxMiwiaXNzIjoidmlzaW9uLXdvcmxkLXVzZXItc2VydmljZSIsImF1ZCI6WyJ2aXNpb24td29ybGQtYXBwIl0sImV4cCI6MTc2MjE3MjkzNCwibmJmIjoxNzYyMDg2NTM0LCJpYXQiOjE3NjIwODY1MzR9.moyyMwBXO7vZlHelYKC78PJ3u06eSjbNplVKkMd7uSc"}
{"level":"info","timestamp":"2025-11-02T20:32:57.210+0800","caller":"logger/logger.go:88","msg":"VerifyToken service called"}
{"level":"info","timestamp":"2025-11-02T20:32:57.214+0800","caller":"logger/logger.go:88","msg":"gRPC request completed","method":"/rpc.user.UserService/VerifyToken","duration":0.005479359}
{"level":"info","timestamp":"2025-11-02T20:32:57.217+0800","caller":"logger/logger.go:88","msg":"gRPC request completed","method":"/rpc.user.UserService/VerifyToken","duration":0.008217928}
{"level":"info","timestamp":"2025-11-02T20:33:01.864+0800","caller":"logger/logger.go:88","msg":"gRPC request started","method":"/rpc.user.UserService/SendSmsCode","request":"phone:\"13131313131\" sms_type:\"login\""}
{"level":"info","timestamp":"2025-11-02T20:33:01.864+0800","caller":"logger/logger.go:88","msg":"SendSmsCode called","phone":"13131313131"}
{"level":"info","timestamp":"2025-11-02T20:33:01.864+0800","caller":"logger/logger.go:88","msg":"SendSmsCode service called","phone":"13131313131"}
{"level":"info","timestamp":"2025-11-02T20:33:01.866+0800","caller":"logger/logger.go:88","msg":"SMS code sent successfully","phone":"13131313131"}
{"level":"info","timestamp":"2025-11-02T20:33:01.866+0800","caller":"logger/logger.go:88","msg":"gRPC request completed","method":"/rpc.user.UserService/SendSmsCode","duration":0.002714337}
{"level":"info","timestamp":"2025-11-02T20:33:11.990+0800","caller":"logger/logger.go:88","msg":"gRPC request started","method":"/rpc.user.UserService/CodeLogin","request":"phone:\"13131313131\" code:\"010596\" device_id:\"device_1759461455145_bgj4a5ira\""}
{"level":"info","timestamp":"2025-11-02T20:33:11.990+0800","caller":"logger/logger.go:88","msg":"CodeLogin called","phone":"13131313131"}
{"level":"info","timestamp":"2025-11-02T20:33:11.990+0800","caller":"logger/logger.go:88","msg":"CodeLogin service called","phone":"13131313131"}
{"level":"info","timestamp":"2025-11-02T20:33:11.998+0800","caller":"logger/logger.go:88","msg":"gRPC request completed","method":"/rpc.user.UserService/CodeLogin","duration":0.008495423}
{"level":"info","timestamp":"2025-11-02T20:33:28.998+0800","caller":"logger/logger.go:88","msg":"gRPC request started","method":"/rpc.user.UserService/VerifyToken","request":"token:\"eyJhbGciOiJIUzI1NiIsInR5cCI6IkpXVCJ9.eyJ1c2VyX2lkIjoxMSwiaXNzIjoidmlzaW9uLXdvcmxkLXVzZXItc2VydmljZSIsImF1ZCI6WyJ2aXNpb24td29ybGQtYXBwIl0sImV4cCI6MTc2MjE3MzE5MSwibmJmIjoxNzYyMDg2NzkxLCJpYXQiOjE3NjIwODY3OTF9.Jr_ZZuoEs6sIl8LzM3xgRUSfPyiF_RSap_bfXPC7dX0\""}
{"level":"info","timestamp":"2025-11-02T20:33:28.998+0800","caller":"logger/logger.go:88","msg":"VerifyToken called","token":"eyJhbGciOiJIUzI1NiIsInR5cCI6IkpXVCJ9.eyJ1c2VyX2lkIjoxMSwiaXNzIjoidmlzaW9uLXdvcmxkLXVzZXItc2VydmljZSIsImF1ZCI6WyJ2aXNpb24td29ybGQtYXBwIl0sImV4cCI6MTc2MjE3MzE5MSwibmJmIjoxNzYyMDg2NzkxLCJpYXQiOjE3NjIwODY3OTF9.Jr_ZZuoEs6sIl8LzM3xgRUSfPyiF_RSap_bfXPC7dX0"}
{"level":"info","timestamp":"2025-11-02T20:33:28.998+0800","caller":"logger/logger.go:88","msg":"VerifyToken service called"}
{"level":"info","timestamp":"2025-11-02T20:33:29.001+0800","caller":"logger/logger.go:88","msg":"gRPC request completed","method":"/rpc.user.UserService/VerifyToken","duration":0.002298495}
{"level":"info","timestamp":"2025-11-02T20:46:59.917+0800","caller":"logger/logger.go:88","msg":"gRPC request started","method":"/rpc.user.UserService/VerifyToken","request":"token:\"eyJhbGciOiJIUzI1NiIsInR5cCI6IkpXVCJ9.eyJ1c2VyX2lkIjoxMSwiaXNzIjoidmlzaW9uLXdvcmxkLXVzZXItc2VydmljZSIsImF1ZCI6WyJ2aXNpb24td29ybGQtYXBwIl0sImV4cCI6MTc2MjE3MzE5MSwibmJmIjoxNzYyMDg2NzkxLCJpYXQiOjE3NjIwODY3OTF9.Jr_ZZuoEs6sIl8LzM3xgRUSfPyiF_RSap_bfXPC7dX0\""}
{"level":"info","timestamp":"2025-11-02T20:46:59.918+0800","caller":"logger/logger.go:88","msg":"VerifyToken called","token":"eyJhbGciOiJIUzI1NiIsInR5cCI6IkpXVCJ9.eyJ1c2VyX2lkIjoxMSwiaXNzIjoidmlzaW9uLXdvcmxkLXVzZXItc2VydmljZSIsImF1ZCI6WyJ2aXNpb24td29ybGQtYXBwIl0sImV4cCI6MTc2MjE3MzE5MSwibmJmIjoxNzYyMDg2NzkxLCJpYXQiOjE3NjIwODY3OTF9.Jr_ZZuoEs6sIl8LzM3xgRUSfPyiF_RSap_bfXPC7dX0"}
{"level":"info","timestamp":"2025-11-02T20:46:59.918+0800","caller":"logger/logger.go:88","msg":"VerifyToken service called"}
{"level":"info","timestamp":"2025-11-02T20:46:59.917+0800","caller":"logger/logger.go:88","msg":"gRPC request started","method":"/rpc.user.UserService/VerifyToken","request":"token:\"eyJhbGciOiJIUzI1NiIsInR5cCI6IkpXVCJ9.eyJ1c2VyX2lkIjoxMSwiaXNzIjoidmlzaW9uLXdvcmxkLXVzZXItc2VydmljZSIsImF1ZCI6WyJ2aXNpb24td29ybGQtYXBwIl0sImV4cCI6MTc2MjE3MzE5MSwibmJmIjoxNzYyMDg2NzkxLCJpYXQiOjE3NjIwODY3OTF9.Jr_ZZuoEs6sIl8LzM3xgRUSfPyiF_RSap_bfXPC7dX0\""}
{"level":"info","timestamp":"2025-11-02T20:46:59.918+0800","caller":"logger/logger.go:88","msg":"VerifyToken called","token":"eyJhbGciOiJIUzI1NiIsInR5cCI6IkpXVCJ9.eyJ1c2VyX2lkIjoxMSwiaXNzIjoidmlzaW9uLXdvcmxkLXVzZXItc2VydmljZSIsImF1ZCI6WyJ2aXNpb24td29ybGQtYXBwIl0sImV4cCI6MTc2MjE3MzE5MSwibmJmIjoxNzYyMDg2NzkxLCJpYXQiOjE3NjIwODY3OTF9.Jr_ZZuoEs6sIl8LzM3xgRUSfPyiF_RSap_bfXPC7dX0"}
{"level":"info","timestamp":"2025-11-02T20:46:59.918+0800","caller":"logger/logger.go:88","msg":"VerifyToken service called"}
{"level":"info","timestamp":"2025-11-02T20:46:59.922+0800","caller":"logger/logger.go:88","msg":"gRPC request completed","method":"/rpc.user.UserService/VerifyToken","duration":0.004852621}
{"level":"info","timestamp":"2025-11-02T20:46:59.922+0800","caller":"logger/logger.go:88","msg":"gRPC request completed","method":"/rpc.user.UserService/VerifyToken","duration":0.004981734}
{"level":"info","timestamp":"2025-11-02T20:47:06.783+0800","caller":"logger/logger.go:88","msg":"gRPC request started","method":"/rpc.user.UserService/SendSmsCode","request":"phone:\"13131313131\" sms_type:\"login\""}
{"level":"info","timestamp":"2025-11-02T20:47:06.783+0800","caller":"logger/logger.go:88","msg":"SendSmsCode called","phone":"13131313131"}
{"level":"info","timestamp":"2025-11-02T20:47:06.783+0800","caller":"logger/logger.go:88","msg":"SendSmsCode service called","phone":"13131313131"}
{"level":"info","timestamp":"2025-11-02T20:47:06.786+0800","caller":"logger/logger.go:88","msg":"SMS code sent successfully","phone":"13131313131"}
{"level":"info","timestamp":"2025-11-02T20:47:06.786+0800","caller":"logger/logger.go:88","msg":"gRPC request completed","method":"/rpc.user.UserService/SendSmsCode","duration":0.003003812}
{"level":"info","timestamp":"2025-11-02T20:47:14.831+0800","caller":"logger/logger.go:88","msg":"gRPC request started","method":"/rpc.user.UserService/CodeLogin","request":"phone:\"13131313131\" code:\"317030\" device_id:\"device_1759461455145_bgj4a5ira\""}
{"level":"info","timestamp":"2025-11-02T20:47:14.831+0800","caller":"logger/logger.go:88","msg":"CodeLogin called","phone":"13131313131"}
{"level":"info","timestamp":"2025-11-02T20:47:14.831+0800","caller":"logger/logger.go:88","msg":"CodeLogin service called","phone":"13131313131"}
{"level":"info","timestamp":"2025-11-02T20:47:14.838+0800","caller":"logger/logger.go:88","msg":"gRPC request completed","method":"/rpc.user.UserService/CodeLogin","duration":0.00683002}
{"level":"info","timestamp":"2025-11-02T20:47:26.524+0800","caller":"logger/logger.go:88","msg":"gRPC request started","method":"/rpc.user.UserService/VerifyToken","request":"token:\"eyJhbGciOiJIUzI1NiIsInR5cCI6IkpXVCJ9.eyJ1c2VyX2lkIjoxMSwiaXNzIjoidmlzaW9uLXdvcmxkLXVzZXItc2VydmljZSIsImF1ZCI6WyJ2aXNpb24td29ybGQtYXBwIl0sImV4cCI6MTc2MjE3NDAzNCwibmJmIjoxNzYyMDg3NjM0LCJpYXQiOjE3NjIwODc2MzR9.T7EXW7HCMtaSxwLxLszpOVtVxJjo1rRRaglgNAGu4l0\""}
{"level":"info","timestamp":"2025-11-02T20:47:26.525+0800","caller":"logger/logger.go:88","msg":"VerifyToken called","token":"eyJhbGciOiJIUzI1NiIsInR5cCI6IkpXVCJ9.eyJ1c2VyX2lkIjoxMSwiaXNzIjoidmlzaW9uLXdvcmxkLXVzZXItc2VydmljZSIsImF1ZCI6WyJ2aXNpb24td29ybGQtYXBwIl0sImV4cCI6MTc2MjE3NDAzNCwibmJmIjoxNzYyMDg3NjM0LCJpYXQiOjE3NjIwODc2MzR9.T7EXW7HCMtaSxwLxLszpOVtVxJjo1rRRaglgNAGu4l0"}
{"level":"info","timestamp":"2025-11-02T20:47:26.525+0800","caller":"logger/logger.go:88","msg":"VerifyToken service called"}
{"level":"info","timestamp":"2025-11-02T20:47:26.527+0800","caller":"logger/logger.go:88","msg":"gRPC request completed","method":"/rpc.user.UserService/VerifyToken","duration":0.003341085}
{"level":"info","timestamp":"2025-11-02T20:49:11.034+0800","caller":"logger/logger.go:88","msg":"gRPC request started","method":"/rpc.user.UserService/VerifyToken","request":"token:\"eyJhbGciOiJIUzI1NiIsInR5cCI6IkpXVCJ9.eyJ1c2VyX2lkIjoxMSwiaXNzIjoidmlzaW9uLXdvcmxkLXVzZXItc2VydmljZSIsImF1ZCI6WyJ2aXNpb24td29ybGQtYXBwIl0sImV4cCI6MTc2MjE3NDAzNCwibmJmIjoxNzYyMDg3NjM0LCJpYXQiOjE3NjIwODc2MzR9.T7EXW7HCMtaSxwLxLszpOVtVxJjo1rRRaglgNAGu4l0\""}
{"level":"info","timestamp":"2025-11-02T20:49:11.035+0800","caller":"logger/logger.go:88","msg":"VerifyToken called","token":"eyJhbGciOiJIUzI1NiIsInR5cCI6IkpXVCJ9.eyJ1c2VyX2lkIjoxMSwiaXNzIjoidmlzaW9uLXdvcmxkLXVzZXItc2VydmljZSIsImF1ZCI6WyJ2aXNpb24td29ybGQtYXBwIl0sImV4cCI6MTc2MjE3NDAzNCwibmJmIjoxNzYyMDg3NjM0LCJpYXQiOjE3NjIwODc2MzR9.T7EXW7HCMtaSxwLxLszpOVtVxJjo1rRRaglgNAGu4l0"}
{"level":"info","timestamp":"2025-11-02T20:49:11.036+0800","caller":"logger/logger.go:88","msg":"VerifyToken service called"}
{"level":"info","timestamp":"2025-11-02T20:49:11.037+0800","caller":"logger/logger.go:88","msg":"gRPC request started","method":"/rpc.user.UserService/VerifyToken","request":"token:\"eyJhbGciOiJIUzI1NiIsInR5cCI6IkpXVCJ9.eyJ1c2VyX2lkIjoxMSwiaXNzIjoidmlzaW9uLXdvcmxkLXVzZXItc2VydmljZSIsImF1ZCI6WyJ2aXNpb24td29ybGQtYXBwIl0sImV4cCI6MTc2MjE3NDAzNCwibmJmIjoxNzYyMDg3NjM0LCJpYXQiOjE3NjIwODc2MzR9.T7EXW7HCMtaSxwLxLszpOVtVxJjo1rRRaglgNAGu4l0\""}
{"level":"info","timestamp":"2025-11-02T20:49:11.037+0800","caller":"logger/logger.go:88","msg":"VerifyToken called","token":"eyJhbGciOiJIUzI1NiIsInR5cCI6IkpXVCJ9.eyJ1c2VyX2lkIjoxMSwiaXNzIjoidmlzaW9uLXdvcmxkLXVzZXItc2VydmljZSIsImF1ZCI6WyJ2aXNpb24td29ybGQtYXBwIl0sImV4cCI6MTc2MjE3NDAzNCwibmJmIjoxNzYyMDg3NjM0LCJpYXQiOjE3NjIwODc2MzR9.T7EXW7HCMtaSxwLxLszpOVtVxJjo1rRRaglgNAGu4l0"}
{"level":"info","timestamp":"2025-11-02T20:49:11.037+0800","caller":"logger/logger.go:88","msg":"VerifyToken service called"}
{"level":"info","timestamp":"2025-11-02T20:49:11.043+0800","caller":"logger/logger.go:88","msg":"gRPC request completed","method":"/rpc.user.UserService/VerifyToken","duration":0.008664621}
{"level":"info","timestamp":"2025-11-02T20:49:11.043+0800","caller":"logger/logger.go:88","msg":"gRPC request completed","method":"/rpc.user.UserService/VerifyToken","duration":0.005867442}
{"level":"info","timestamp":"2025-11-02T20:49:15.884+0800","caller":"logger/logger.go:88","msg":"gRPC request started","method":"/rpc.user.UserService/SendSmsCode","request":"phone:\"13131313131\" sms_type:\"login\""}
{"level":"info","timestamp":"2025-11-02T20:49:15.884+0800","caller":"logger/logger.go:88","msg":"SendSmsCode called","phone":"13131313131"}
{"level":"info","timestamp":"2025-11-02T20:49:15.884+0800","caller":"logger/logger.go:88","msg":"SendSmsCode service called","phone":"13131313131"}
{"level":"info","timestamp":"2025-11-02T20:49:15.889+0800","caller":"logger/logger.go:88","msg":"SMS code sent successfully","phone":"13131313131"}
{"level":"info","timestamp":"2025-11-02T20:49:15.889+0800","caller":"logger/logger.go:88","msg":"gRPC request completed","method":"/rpc.user.UserService/SendSmsCode","duration":0.005093842}
{"level":"info","timestamp":"2025-11-02T20:49:25.614+0800","caller":"logger/logger.go:88","msg":"gRPC request started","method":"/rpc.user.UserService/CodeLogin","request":"phone:\"13131313131\" code:\"691963\" device_id:\"device_1759461455145_bgj4a5ira\""}
{"level":"info","timestamp":"2025-11-02T20:49:25.614+0800","caller":"logger/logger.go:88","msg":"CodeLogin called","phone":"13131313131"}
{"level":"info","timestamp":"2025-11-02T20:49:25.614+0800","caller":"logger/logger.go:88","msg":"CodeLogin service called","phone":"13131313131"}
{"level":"info","timestamp":"2025-11-02T20:49:25.623+0800","caller":"logger/logger.go:88","msg":"gRPC request completed","method":"/rpc.user.UserService/CodeLogin","duration":0.008537196}
{"level":"info","timestamp":"2025-11-02T20:49:36.434+0800","caller":"logger/logger.go:88","msg":"gRPC request started","method":"/rpc.user.UserService/VerifyToken","request":"token:\"eyJhbGciOiJIUzI1NiIsInR5cCI6IkpXVCJ9.eyJ1c2VyX2lkIjoxMSwiaXNzIjoidmlzaW9uLXdvcmxkLXVzZXItc2VydmljZSIsImF1ZCI6WyJ2aXNpb24td29ybGQtYXBwIl0sImV4cCI6MTc2MjE3NDE2NSwibmJmIjoxNzYyMDg3NzY1LCJpYXQiOjE3NjIwODc3NjV9.KaAU7hskmMKPey9zEh_YCpoGsPSZlO61nfoxXp_reLE\""}
{"level":"info","timestamp":"2025-11-02T20:49:36.435+0800","caller":"logger/logger.go:88","msg":"VerifyToken called","token":"eyJhbGciOiJIUzI1NiIsInR5cCI6IkpXVCJ9.eyJ1c2VyX2lkIjoxMSwiaXNzIjoidmlzaW9uLXdvcmxkLXVzZXItc2VydmljZSIsImF1ZCI6WyJ2aXNpb24td29ybGQtYXBwIl0sImV4cCI6MTc2MjE3NDE2NSwibmJmIjoxNzYyMDg3NzY1LCJpYXQiOjE3NjIwODc3NjV9.KaAU7hskmMKPey9zEh_YCpoGsPSZlO61nfoxXp_reLE"}
{"level":"info","timestamp":"2025-11-02T20:49:36.435+0800","caller":"logger/logger.go:88","msg":"VerifyToken service called"}
{"level":"info","timestamp":"2025-11-02T20:49:36.438+0800","caller":"logger/logger.go:88","msg":"gRPC request completed","method":"/rpc.user.UserService/VerifyToken","duration":0.003599652}
{"level":"info","timestamp":"2025-11-02T20:58:47.052+0800","caller":"logger/logger.go:88","msg":"gRPC request started","method":"/rpc.user.UserService/VerifyToken","request":"token:\"eyJhbGciOiJIUzI1NiIsInR5cCI6IkpXVCJ9.eyJ1c2VyX2lkIjoxMSwiaXNzIjoidmlzaW9uLXdvcmxkLXVzZXItc2VydmljZSIsImF1ZCI6WyJ2aXNpb24td29ybGQtYXBwIl0sImV4cCI6MTc2MjE3NDE2NSwibmJmIjoxNzYyMDg3NzY1LCJpYXQiOjE3NjIwODc3NjV9.KaAU7hskmMKPey9zEh_YCpoGsPSZlO61nfoxXp_reLE\""}
{"level":"info","timestamp":"2025-11-02T20:58:47.052+0800","caller":"logger/logger.go:88","msg":"VerifyToken called","token":"eyJhbGciOiJIUzI1NiIsInR5cCI6IkpXVCJ9.eyJ1c2VyX2lkIjoxMSwiaXNzIjoidmlzaW9uLXdvcmxkLXVzZXItc2VydmljZSIsImF1ZCI6WyJ2aXNpb24td29ybGQtYXBwIl0sImV4cCI6MTc2MjE3NDE2NSwibmJmIjoxNzYyMDg3NzY1LCJpYXQiOjE3NjIwODc3NjV9.KaAU7hskmMKPey9zEh_YCpoGsPSZlO61nfoxXp_reLE"}
{"level":"info","timestamp":"2025-11-02T20:58:47.052+0800","caller":"logger/logger.go:88","msg":"VerifyToken service called"}
{"level":"info","timestamp":"2025-11-02T20:58:47.052+0800","caller":"logger/logger.go:88","msg":"gRPC request started","method":"/rpc.user.UserService/VerifyToken","request":"token:\"eyJhbGciOiJIUzI1NiIsInR5cCI6IkpXVCJ9.eyJ1c2VyX2lkIjoxMSwiaXNzIjoidmlzaW9uLXdvcmxkLXVzZXItc2VydmljZSIsImF1ZCI6WyJ2aXNpb24td29ybGQtYXBwIl0sImV4cCI6MTc2MjE3NDE2NSwibmJmIjoxNzYyMDg3NzY1LCJpYXQiOjE3NjIwODc3NjV9.KaAU7hskmMKPey9zEh_YCpoGsPSZlO61nfoxXp_reLE\""}
{"level":"info","timestamp":"2025-11-02T20:58:47.052+0800","caller":"logger/logger.go:88","msg":"VerifyToken called","token":"eyJhbGciOiJIUzI1NiIsInR5cCI6IkpXVCJ9.eyJ1c2VyX2lkIjoxMSwiaXNzIjoidmlzaW9uLXdvcmxkLXVzZXItc2VydmljZSIsImF1ZCI6WyJ2aXNpb24td29ybGQtYXBwIl0sImV4cCI6MTc2MjE3NDE2NSwibmJmIjoxNzYyMDg3NzY1LCJpYXQiOjE3NjIwODc3NjV9.KaAU7hskmMKPey9zEh_YCpoGsPSZlO61nfoxXp_reLE"}
{"level":"info","timestamp":"2025-11-02T20:58:47.052+0800","caller":"logger/logger.go:88","msg":"VerifyToken service called"}
{"level":"info","timestamp":"2025-11-02T20:58:47.057+0800","caller":"logger/logger.go:88","msg":"gRPC request completed","method":"/rpc.user.UserService/VerifyToken","duration":0.004873947}
{"level":"info","timestamp":"2025-11-02T20:58:47.057+0800","caller":"logger/logger.go:88","msg":"gRPC request completed","method":"/rpc.user.UserService/VerifyToken","duration":0.004962956}
{"level":"info","timestamp":"2025-11-02T20:58:51.717+0800","caller":"logger/logger.go:88","msg":"gRPC request started","method":"/rpc.user.UserService/SendSmsCode","request":"phone:\"13131313131\" sms_type:\"login\""}
{"level":"info","timestamp":"2025-11-02T20:58:51.717+0800","caller":"logger/logger.go:88","msg":"SendSmsCode called","phone":"13131313131"}
{"level":"info","timestamp":"2025-11-02T20:58:51.717+0800","caller":"logger/logger.go:88","msg":"SendSmsCode service called","phone":"13131313131"}
{"level":"info","timestamp":"2025-11-02T20:58:51.720+0800","caller":"logger/logger.go:88","msg":"SMS code sent successfully","phone":"13131313131"}
{"level":"info","timestamp":"2025-11-02T20:58:51.720+0800","caller":"logger/logger.go:88","msg":"gRPC request completed","method":"/rpc.user.UserService/SendSmsCode","duration":0.003284083}
{"level":"info","timestamp":"2025-11-02T20:58:58.054+0800","caller":"logger/logger.go:88","msg":"gRPC request started","method":"/rpc.user.UserService/CodeLogin","request":"phone:\"13131313131\" code:\"359188\" device_id:\"device_1759461455145_bgj4a5ira\""}
{"level":"info","timestamp":"2025-11-02T20:58:58.054+0800","caller":"logger/logger.go:88","msg":"CodeLogin called","phone":"13131313131"}
{"level":"info","timestamp":"2025-11-02T20:58:58.054+0800","caller":"logger/logger.go:88","msg":"CodeLogin service called","phone":"13131313131"}
{"level":"info","timestamp":"2025-11-02T20:58:58.062+0800","caller":"logger/logger.go:88","msg":"gRPC request completed","method":"/rpc.user.UserService/CodeLogin","duration":0.007591697}
{"level":"info","timestamp":"2025-11-02T20:59:06.796+0800","caller":"logger/logger.go:88","msg":"gRPC request started","method":"/rpc.user.UserService/VerifyToken","request":"token:\"eyJhbGciOiJIUzI1NiIsInR5cCI6IkpXVCJ9.eyJ1c2VyX2lkIjoxMSwiaXNzIjoidmlzaW9uLXdvcmxkLXVzZXItc2VydmljZSIsImF1ZCI6WyJ2aXNpb24td29ybGQtYXBwIl0sImV4cCI6MTc2MjE3NDczOCwibmJmIjoxNzYyMDg4MzM4LCJpYXQiOjE3NjIwODgzMzh9.FgIdGcevo60BTEsdTv09CEnvVgomQvL8fibHoqb_hlA\""}
{"level":"info","timestamp":"2025-11-02T20:59:06.796+0800","caller":"logger/logger.go:88","msg":"VerifyToken called","token":"eyJhbGciOiJIUzI1NiIsInR5cCI6IkpXVCJ9.eyJ1c2VyX2lkIjoxMSwiaXNzIjoidmlzaW9uLXdvcmxkLXVzZXItc2VydmljZSIsImF1ZCI6WyJ2aXNpb24td29ybGQtYXBwIl0sImV4cCI6MTc2MjE3NDczOCwibmJmIjoxNzYyMDg4MzM4LCJpYXQiOjE3NjIwODgzMzh9.FgIdGcevo60BTEsdTv09CEnvVgomQvL8fibHoqb_hlA"}
{"level":"info","timestamp":"2025-11-02T20:59:06.796+0800","caller":"logger/logger.go:88","msg":"VerifyToken service called"}
{"level":"info","timestamp":"2025-11-02T20:59:06.799+0800","caller":"logger/logger.go:88","msg":"gRPC request completed","method":"/rpc.user.UserService/VerifyToken","duration":0.003127363}
{"level":"info","timestamp":"2025-11-02T21:20:44.723+0800","caller":"logger/logger.go:88","msg":"gRPC request started","method":"/rpc.user.UserService/VerifyToken","request":"token:\"eyJhbGciOiJIUzI1NiIsInR5cCI6IkpXVCJ9.eyJ1c2VyX2lkIjoxMSwiaXNzIjoidmlzaW9uLXdvcmxkLXVzZXItc2VydmljZSIsImF1ZCI6WyJ2aXNpb24td29ybGQtYXBwIl0sImV4cCI6MTc2MjE3NDczOCwibmJmIjoxNzYyMDg4MzM4LCJpYXQiOjE3NjIwODgzMzh9.FgIdGcevo60BTEsdTv09CEnvVgomQvL8fibHoqb_hlA\""}
{"level":"info","timestamp":"2025-11-02T21:20:44.724+0800","caller":"logger/logger.go:88","msg":"VerifyToken called","token":"eyJhbGciOiJIUzI1NiIsInR5cCI6IkpXVCJ9.eyJ1c2VyX2lkIjoxMSwiaXNzIjoidmlzaW9uLXdvcmxkLXVzZXItc2VydmljZSIsImF1ZCI6WyJ2aXNpb24td29ybGQtYXBwIl0sImV4cCI6MTc2MjE3NDczOCwibmJmIjoxNzYyMDg4MzM4LCJpYXQiOjE3NjIwODgzMzh9.FgIdGcevo60BTEsdTv09CEnvVgomQvL8fibHoqb_hlA"}
{"level":"info","timestamp":"2025-11-02T21:20:44.724+0800","caller":"logger/logger.go:88","msg":"VerifyToken service called"}
{"level":"info","timestamp":"2025-11-02T21:20:44.723+0800","caller":"logger/logger.go:88","msg":"gRPC request started","method":"/rpc.user.UserService/VerifyToken","request":"token:\"eyJhbGciOiJIUzI1NiIsInR5cCI6IkpXVCJ9.eyJ1c2VyX2lkIjoxMSwiaXNzIjoidmlzaW9uLXdvcmxkLXVzZXItc2VydmljZSIsImF1ZCI6WyJ2aXNpb24td29ybGQtYXBwIl0sImV4cCI6MTc2MjE3NDczOCwibmJmIjoxNzYyMDg4MzM4LCJpYXQiOjE3NjIwODgzMzh9.FgIdGcevo60BTEsdTv09CEnvVgomQvL8fibHoqb_hlA\""}
{"level":"info","timestamp":"2025-11-02T21:20:44.724+0800","caller":"logger/logger.go:88","msg":"VerifyToken called","token":"eyJhbGciOiJIUzI1NiIsInR5cCI6IkpXVCJ9.eyJ1c2VyX2lkIjoxMSwiaXNzIjoidmlzaW9uLXdvcmxkLXVzZXItc2VydmljZSIsImF1ZCI6WyJ2aXNpb24td29ybGQtYXBwIl0sImV4cCI6MTc2MjE3NDczOCwibmJmIjoxNzYyMDg4MzM4LCJpYXQiOjE3NjIwODgzMzh9.FgIdGcevo60BTEsdTv09CEnvVgomQvL8fibHoqb_hlA"}
{"level":"info","timestamp":"2025-11-02T21:20:44.724+0800","caller":"logger/logger.go:88","msg":"VerifyToken service called"}
{"level":"info","timestamp":"2025-11-02T21:20:44.728+0800","caller":"logger/logger.go:88","msg":"gRPC request completed","method":"/rpc.user.UserService/VerifyToken","duration":0.00502802}
{"level":"info","timestamp":"2025-11-02T21:20:44.732+0800","caller":"logger/logger.go:88","msg":"gRPC request completed","method":"/rpc.user.UserService/VerifyToken","duration":0.008507326}
{"level":"info","timestamp":"2025-11-02T21:20:49.556+0800","caller":"logger/logger.go:88","msg":"gRPC request started","method":"/rpc.user.UserService/SendSmsCode","request":"phone:\"13131313131\" sms_type:\"login\""}
{"level":"info","timestamp":"2025-11-02T21:20:49.556+0800","caller":"logger/logger.go:88","msg":"SendSmsCode called","phone":"13131313131"}
{"level":"info","timestamp":"2025-11-02T21:20:49.556+0800","caller":"logger/logger.go:88","msg":"SendSmsCode service called","phone":"13131313131"}
{"level":"info","timestamp":"2025-11-02T21:20:49.559+0800","caller":"logger/logger.go:88","msg":"SMS code sent successfully","phone":"13131313131"}
{"level":"info","timestamp":"2025-11-02T21:20:49.559+0800","caller":"logger/logger.go:88","msg":"gRPC request completed","method":"/rpc.user.UserService/SendSmsCode","duration":0.003530096}
{"level":"info","timestamp":"2025-11-02T21:22:11.188+0800","caller":"logger/logger.go:88","msg":"Starting user service","version":"1.0.0"}
{"level":"info","timestamp":"2025-11-02T21:22:11.192+0800","caller":"logger/logger.go:88","msg":"Database connected successfully"}
{"level":"info","timestamp":"2025-11-02T21:22:11.192+0800","caller":"logger/logger.go:88","msg":"Database models initialized successfully"}
{"level":"info","timestamp":"2025-11-02T21:22:11.192+0800","caller":"logger/logger.go:88","msg":"Redis connected successfully"}
{"level":"info","timestamp":"2025-11-02T21:22:11.196+0800","caller":"logger/logger.go:88","msg":"User service registered"}
{"level":"info","timestamp":"2025-11-02T21:22:11.196+0800","caller":"logger/logger.go:88","msg":"gRPC server starting","address":"0.0.0.0:50051"}
{"level":"info","timestamp":"2025-11-02T21:22:11.273+0800","caller":"logger/logger.go:88","msg":"Service registered to etcd","address":"0.0.0.0:50051"}
{"level":"info","timestamp":"2025-11-02T21:26:37.549+0800","caller":"logger/logger.go:88","msg":"gRPC request started","method":"/rpc.user.UserService/SendSmsCode","request":"phone:\"13131313131\"  sms_type:\"login\""}
{"level":"info","timestamp":"2025-11-02T21:26:37.550+0800","caller":"logger/logger.go:88","msg":"SendSmsCode called","phone":"13131313131"}
{"level":"info","timestamp":"2025-11-02T21:26:37.550+0800","caller":"logger/logger.go:88","msg":"SendSmsCode service called","phone":"13131313131"}
{"level":"info","timestamp":"2025-11-02T21:26:37.555+0800","caller":"logger/logger.go:88","msg":"SMS code sent successfully","phone":"13131313131"}
{"level":"info","timestamp":"2025-11-02T21:26:37.555+0800","caller":"logger/logger.go:88","msg":"gRPC request completed","method":"/rpc.user.UserService/SendSmsCode","duration":0.006018506}
{"level":"info","timestamp":"2025-11-02T21:27:02.683+0800","caller":"logger/logger.go:88","msg":"Shutting down server..."}
{"level":"info","timestamp":"2025-11-02T21:27:02.684+0800","caller":"logger/logger.go:88","msg":"Server stopped gracefully"}
{"level":"info","timestamp":"2025-11-02T21:28:42.498+0800","caller":"logger/logger.go:88","msg":"Starting user service","version":"1.0.0"}
{"level":"info","timestamp":"2025-11-02T21:28:42.503+0800","caller":"logger/logger.go:88","msg":"Database connected successfully"}
{"level":"info","timestamp":"2025-11-02T21:28:42.503+0800","caller":"logger/logger.go:88","msg":"Database models initialized successfully"}
{"level":"info","timestamp":"2025-11-02T21:28:42.503+0800","caller":"logger/logger.go:88","msg":"Redis connected successfully"}
{"level":"info","timestamp":"2025-11-02T21:28:42.509+0800","caller":"logger/logger.go:88","msg":"User service registered"}
{"level":"info","timestamp":"2025-11-02T21:28:42.509+0800","caller":"logger/logger.go:88","msg":"gRPC server starting","address":"0.0.0.0:50051"}
{"level":"info","timestamp":"2025-11-02T21:28:42.548+0800","caller":"logger/logger.go:88","msg":"Service registered to etcd","address":"0.0.0.0:50051"}
{"level":"info","timestamp":"2025-11-02T21:28:47.336+0800","caller":"logger/logger.go:88","msg":"gRPC request started","method":"/rpc.user.UserService/SendSmsCode","request":"phone:\"13131313131\"  sms_type:\"login\""}
{"level":"info","timestamp":"2025-11-02T21:28:47.336+0800","caller":"logger/logger.go:88","msg":"SendSmsCode called","phone":"13131313131"}
{"level":"info","timestamp":"2025-11-02T21:28:47.336+0800","caller":"logger/logger.go:88","msg":"SendSmsCode service called","phone":"13131313131"}
{"level":"info","timestamp":"2025-11-02T21:28:47.341+0800","caller":"logger/logger.go:88","msg":"SMS code sent successfully","phone":"13131313131"}
{"level":"info","timestamp":"2025-11-02T21:28:47.341+0800","caller":"logger/logger.go:88","msg":"gRPC request completed","method":"/rpc.user.UserService/SendSmsCode","duration":0.005300111}
{"level":"info","timestamp":"2025-11-02T21:28:56.682+0800","caller":"logger/logger.go:88","msg":"gRPC request started","method":"/rpc.user.UserService/CodeLogin","request":"phone:\"13131313131\"  code:\"917432\"  device_id:\"device_1759461455145_bgj4a5ira\""}
{"level":"info","timestamp":"2025-11-02T21:28:56.683+0800","caller":"logger/logger.go:88","msg":"CodeLogin called","phone":"13131313131"}
{"level":"info","timestamp":"2025-11-02T21:28:56.683+0800","caller":"logger/logger.go:88","msg":"CodeLogin service called","phone":"13131313131"}
{"level":"info","timestamp":"2025-11-02T21:28:56.698+0800","caller":"logger/logger.go:88","msg":"gRPC request completed","method":"/rpc.user.UserService/CodeLogin","duration":0.015744936}
{"level":"info","timestamp":"2025-11-02T21:29:03.634+0800","caller":"logger/logger.go:88","msg":"gRPC request started","method":"/rpc.user.UserService/VerifyToken","request":"token:\"eyJhbGciOiJIUzI1NiIsInR5cCI6IkpXVCJ9.eyJ1c2VyX2lkIjoxMSwiaXNzIjoidmlzaW9uLXdvcmxkLXVzZXItc2VydmljZSIsImF1ZCI6WyJ2aXNpb24td29ybGQtYXBwIl0sImV4cCI6MTc2MjE3NjUzNiwibmJmIjoxNzYyMDkwMTM2LCJpYXQiOjE3NjIwOTAxMzZ9.EvjwnmtNDWGzyYywoj-5xSnH_4c8KAHX2OwI8d4eYFc\""}
{"level":"info","timestamp":"2025-11-02T21:29:03.635+0800","caller":"logger/logger.go:88","msg":"VerifyToken called","token":"eyJhbGciOiJIUzI1NiIsInR5cCI6IkpXVCJ9.eyJ1c2VyX2lkIjoxMSwiaXNzIjoidmlzaW9uLXdvcmxkLXVzZXItc2VydmljZSIsImF1ZCI6WyJ2aXNpb24td29ybGQtYXBwIl0sImV4cCI6MTc2MjE3NjUzNiwibmJmIjoxNzYyMDkwMTM2LCJpYXQiOjE3NjIwOTAxMzZ9.EvjwnmtNDWGzyYywoj-5xSnH_4c8KAHX2OwI8d4eYFc"}
{"level":"info","timestamp":"2025-11-02T21:29:03.635+0800","caller":"logger/logger.go:88","msg":"VerifyToken service called"}
{"level":"info","timestamp":"2025-11-02T21:29:03.637+0800","caller":"logger/logger.go:88","msg":"gRPC request completed","method":"/rpc.user.UserService/VerifyToken","duration":0.002722863}
{"level":"info","timestamp":"2025-11-02T21:33:16.975+0800","caller":"logger/logger.go:88","msg":"gRPC request started","method":"/rpc.user.UserService/VerifyToken","request":"token:\"eyJhbGciOiJIUzI1NiIsInR5cCI6IkpXVCJ9.eyJ1c2VyX2lkIjoxMSwiaXNzIjoidmlzaW9uLXdvcmxkLXVzZXItc2VydmljZSIsImF1ZCI6WyJ2aXNpb24td29ybGQtYXBwIl0sImV4cCI6MTc2MjE3NjUzNiwibmJmIjoxNzYyMDkwMTM2LCJpYXQiOjE3NjIwOTAxMzZ9.EvjwnmtNDWGzyYywoj-5xSnH_4c8KAHX2OwI8d4eYFc\""}
{"level":"info","timestamp":"2025-11-02T21:33:16.975+0800","caller":"logger/logger.go:88","msg":"VerifyToken called","token":"eyJhbGciOiJIUzI1NiIsInR5cCI6IkpXVCJ9.eyJ1c2VyX2lkIjoxMSwiaXNzIjoidmlzaW9uLXdvcmxkLXVzZXItc2VydmljZSIsImF1ZCI6WyJ2aXNpb24td29ybGQtYXBwIl0sImV4cCI6MTc2MjE3NjUzNiwibmJmIjoxNzYyMDkwMTM2LCJpYXQiOjE3NjIwOTAxMzZ9.EvjwnmtNDWGzyYywoj-5xSnH_4c8KAHX2OwI8d4eYFc"}
{"level":"info","timestamp":"2025-11-02T21:33:16.975+0800","caller":"logger/logger.go:88","msg":"VerifyToken service called"}
{"level":"info","timestamp":"2025-11-02T21:33:16.981+0800","caller":"logger/logger.go:88","msg":"gRPC request completed","method":"/rpc.user.UserService/VerifyToken","duration":0.006204743}
{"level":"info","timestamp":"2025-11-02T21:33:16.986+0800","caller":"logger/logger.go:88","msg":"gRPC request started","method":"/rpc.user.UserService/VerifyToken","request":"token:\"eyJhbGciOiJIUzI1NiIsInR5cCI6IkpXVCJ9.eyJ1c2VyX2lkIjoxMSwiaXNzIjoidmlzaW9uLXdvcmxkLXVzZXItc2VydmljZSIsImF1ZCI6WyJ2aXNpb24td29ybGQtYXBwIl0sImV4cCI6MTc2MjE3NjUzNiwibmJmIjoxNzYyMDkwMTM2LCJpYXQiOjE3NjIwOTAxMzZ9.EvjwnmtNDWGzyYywoj-5xSnH_4c8KAHX2OwI8d4eYFc\""}
{"level":"info","timestamp":"2025-11-02T21:33:16.986+0800","caller":"logger/logger.go:88","msg":"VerifyToken called","token":"eyJhbGciOiJIUzI1NiIsInR5cCI6IkpXVCJ9.eyJ1c2VyX2lkIjoxMSwiaXNzIjoidmlzaW9uLXdvcmxkLXVzZXItc2VydmljZSIsImF1ZCI6WyJ2aXNpb24td29ybGQtYXBwIl0sImV4cCI6MTc2MjE3NjUzNiwibmJmIjoxNzYyMDkwMTM2LCJpYXQiOjE3NjIwOTAxMzZ9.EvjwnmtNDWGzyYywoj-5xSnH_4c8KAHX2OwI8d4eYFc"}
{"level":"info","timestamp":"2025-11-02T21:33:16.986+0800","caller":"logger/logger.go:88","msg":"VerifyToken service called"}
{"level":"info","timestamp":"2025-11-02T21:33:16.989+0800","caller":"logger/logger.go:88","msg":"gRPC request completed","method":"/rpc.user.UserService/VerifyToken","duration":0.003337517}
{"level":"info","timestamp":"2025-11-02T21:33:22.191+0800","caller":"logger/logger.go:88","msg":"gRPC request started","method":"/rpc.user.UserService/SendSmsCode","request":"phone:\"13131313131\"  sms_type:\"login\""}
{"level":"info","timestamp":"2025-11-02T21:33:22.192+0800","caller":"logger/logger.go:88","msg":"SendSmsCode called","phone":"13131313131"}
{"level":"info","timestamp":"2025-11-02T21:33:22.192+0800","caller":"logger/logger.go:88","msg":"SendSmsCode service called","phone":"13131313131"}
{"level":"info","timestamp":"2025-11-02T21:33:22.195+0800","caller":"logger/logger.go:88","msg":"SMS code sent successfully","phone":"13131313131"}
{"level":"info","timestamp":"2025-11-02T21:33:22.195+0800","caller":"logger/logger.go:88","msg":"gRPC request completed","method":"/rpc.user.UserService/SendSmsCode","duration":0.003977536}
{"level":"info","timestamp":"2025-11-02T21:33:33.159+0800","caller":"logger/logger.go:88","msg":"gRPC request started","method":"/rpc.user.UserService/CodeLogin","request":"phone:\"13131313131\"  code:\"574319\"  device_id:\"device_1759461455145_bgj4a5ira\""}
{"level":"info","timestamp":"2025-11-02T21:33:33.159+0800","caller":"logger/logger.go:88","msg":"CodeLogin called","phone":"13131313131"}
{"level":"info","timestamp":"2025-11-02T21:33:33.159+0800","caller":"logger/logger.go:88","msg":"CodeLogin service called","phone":"13131313131"}
{"level":"info","timestamp":"2025-11-02T21:33:33.168+0800","caller":"logger/logger.go:88","msg":"gRPC request completed","method":"/rpc.user.UserService/CodeLogin","duration":0.008471922}
{"level":"info","timestamp":"2025-11-02T21:33:40.362+0800","caller":"logger/logger.go:88","msg":"gRPC request started","method":"/rpc.user.UserService/VerifyToken","request":"token:\"eyJhbGciOiJIUzI1NiIsInR5cCI6IkpXVCJ9.eyJ1c2VyX2lkIjoxMSwiaXNzIjoidmlzaW9uLXdvcmxkLXVzZXItc2VydmljZSIsImF1ZCI6WyJ2aXNpb24td29ybGQtYXBwIl0sImV4cCI6MTc2MjE3NjgxMywibmJmIjoxNzYyMDkwNDEzLCJpYXQiOjE3NjIwOTA0MTN9.U25cop8cBURAAr7H16xJ-ddBX8DGx0__amuRdyJed5g\""}
{"level":"info","timestamp":"2025-11-02T21:33:40.362+0800","caller":"logger/logger.go:88","msg":"VerifyToken called","token":"eyJhbGciOiJIUzI1NiIsInR5cCI6IkpXVCJ9.eyJ1c2VyX2lkIjoxMSwiaXNzIjoidmlzaW9uLXdvcmxkLXVzZXItc2VydmljZSIsImF1ZCI6WyJ2aXNpb24td29ybGQtYXBwIl0sImV4cCI6MTc2MjE3NjgxMywibmJmIjoxNzYyMDkwNDEzLCJpYXQiOjE3NjIwOTA0MTN9.U25cop8cBURAAr7H16xJ-ddBX8DGx0__amuRdyJed5g"}
{"level":"info","timestamp":"2025-11-02T21:33:40.362+0800","caller":"logger/logger.go:88","msg":"VerifyToken service called"}
{"level":"info","timestamp":"2025-11-02T21:33:40.364+0800","caller":"logger/logger.go:88","msg":"gRPC request completed","method":"/rpc.user.UserService/VerifyToken","duration":0.002631316}
{"level":"info","timestamp":"2025-11-02T21:34:34.437+0800","caller":"logger/logger.go:88","msg":"gRPC request started","method":"/rpc.user.UserService/VerifyToken","request":"token:\"eyJhbGciOiJIUzI1NiIsInR5cCI6IkpXVCJ9.eyJ1c2VyX2lkIjoxMSwiaXNzIjoidmlzaW9uLXdvcmxkLXVzZXItc2VydmljZSIsImF1ZCI6WyJ2aXNpb24td29ybGQtYXBwIl0sImV4cCI6MTc2MjE3NjgxMywibmJmIjoxNzYyMDkwNDEzLCJpYXQiOjE3NjIwOTA0MTN9.U25cop8cBURAAr7H16xJ-ddBX8DGx0__amuRdyJed5g\""}
{"level":"info","timestamp":"2025-11-02T21:34:34.439+0800","caller":"logger/logger.go:88","msg":"VerifyToken called","token":"eyJhbGciOiJIUzI1NiIsInR5cCI6IkpXVCJ9.eyJ1c2VyX2lkIjoxMSwiaXNzIjoidmlzaW9uLXdvcmxkLXVzZXItc2VydmljZSIsImF1ZCI6WyJ2aXNpb24td29ybGQtYXBwIl0sImV4cCI6MTc2MjE3NjgxMywibmJmIjoxNzYyMDkwNDEzLCJpYXQiOjE3NjIwOTA0MTN9.U25cop8cBURAAr7H16xJ-ddBX8DGx0__amuRdyJed5g"}
{"level":"info","timestamp":"2025-11-02T21:34:34.439+0800","caller":"logger/logger.go:88","msg":"VerifyToken service called"}
{"level":"info","timestamp":"2025-11-02T21:34:34.440+0800","caller":"logger/logger.go:88","msg":"gRPC request started","method":"/rpc.user.UserService/VerifyToken","request":"token:\"eyJhbGciOiJIUzI1NiIsInR5cCI6IkpXVCJ9.eyJ1c2VyX2lkIjoxMSwiaXNzIjoidmlzaW9uLXdvcmxkLXVzZXItc2VydmljZSIsImF1ZCI6WyJ2aXNpb24td29ybGQtYXBwIl0sImV4cCI6MTc2MjE3NjgxMywibmJmIjoxNzYyMDkwNDEzLCJpYXQiOjE3NjIwOTA0MTN9.U25cop8cBURAAr7H16xJ-ddBX8DGx0__amuRdyJed5g\""}
{"level":"info","timestamp":"2025-11-02T21:34:34.440+0800","caller":"logger/logger.go:88","msg":"VerifyToken called","token":"eyJhbGciOiJIUzI1NiIsInR5cCI6IkpXVCJ9.eyJ1c2VyX2lkIjoxMSwiaXNzIjoidmlzaW9uLXdvcmxkLXVzZXItc2VydmljZSIsImF1ZCI6WyJ2aXNpb24td29ybGQtYXBwIl0sImV4cCI6MTc2MjE3NjgxMywibmJmIjoxNzYyMDkwNDEzLCJpYXQiOjE3NjIwOTA0MTN9.U25cop8cBURAAr7H16xJ-ddBX8DGx0__amuRdyJed5g"}
{"level":"info","timestamp":"2025-11-02T21:34:34.440+0800","caller":"logger/logger.go:88","msg":"VerifyToken service called"}
{"level":"info","timestamp":"2025-11-02T21:34:34.453+0800","caller":"logger/logger.go:88","msg":"gRPC request completed","method":"/rpc.user.UserService/VerifyToken","duration":0.015976123}
{"level":"info","timestamp":"2025-11-02T21:34:34.458+0800","caller":"logger/logger.go:88","msg":"gRPC request completed","method":"/rpc.user.UserService/VerifyToken","duration":0.017923473}
{"level":"info","timestamp":"2025-11-02T21:34:38.606+0800","caller":"logger/logger.go:88","msg":"gRPC request started","method":"/rpc.user.UserService/SendSmsCode","request":"phone:\"13131313131\"  sms_type:\"login\""}
{"level":"info","timestamp":"2025-11-02T21:34:38.606+0800","caller":"logger/logger.go:88","msg":"SendSmsCode called","phone":"13131313131"}
{"level":"info","timestamp":"2025-11-02T21:34:38.606+0800","caller":"logger/logger.go:88","msg":"SendSmsCode service called","phone":"13131313131"}
{"level":"info","timestamp":"2025-11-02T21:34:38.610+0800","caller":"logger/logger.go:88","msg":"SMS code sent successfully","phone":"13131313131"}
{"level":"info","timestamp":"2025-11-02T21:34:38.610+0800","caller":"logger/logger.go:88","msg":"gRPC request completed","method":"/rpc.user.UserService/SendSmsCode","duration":0.004029691}
{"level":"info","timestamp":"2025-11-02T21:34:51.885+0800","caller":"logger/logger.go:88","msg":"gRPC request started","method":"/rpc.user.UserService/CodeLogin","request":"phone:\"13131313131\"  code:\"703814\"  device_id:\"device_1759461455145_bgj4a5ira\""}
{"level":"info","timestamp":"2025-11-02T21:34:51.885+0800","caller":"logger/logger.go:88","msg":"CodeLogin called","phone":"13131313131"}
{"level":"info","timestamp":"2025-11-02T21:34:51.885+0800","caller":"logger/logger.go:88","msg":"CodeLogin service called","phone":"13131313131"}
{"level":"info","timestamp":"2025-11-02T21:34:51.970+0800","caller":"logger/logger.go:88","msg":"gRPC request completed","method":"/rpc.user.UserService/CodeLogin","duration":0.084890423}
{"level":"info","timestamp":"2025-11-02T21:35:00.040+0800","caller":"logger/logger.go:88","msg":"gRPC request started","method":"/rpc.user.UserService/VerifyToken","request":"token:\"eyJhbGciOiJIUzI1NiIsInR5cCI6IkpXVCJ9.eyJ1c2VyX2lkIjoxMSwiaXNzIjoidmlzaW9uLXdvcmxkLXVzZXItc2VydmljZSIsImF1ZCI6WyJ2aXNpb24td29ybGQtYXBwIl0sImV4cCI6MTc2MjE3Njg5MSwibmJmIjoxNzYyMDkwNDkxLCJpYXQiOjE3NjIwOTA0OTF9.TEw9-faYB4YQBdgCripGej9mr3rm3Vu0gUTQMsPLIEQ\""}
{"level":"info","timestamp":"2025-11-02T21:35:00.040+0800","caller":"logger/logger.go:88","msg":"VerifyToken called","token":"eyJhbGciOiJIUzI1NiIsInR5cCI6IkpXVCJ9.eyJ1c2VyX2lkIjoxMSwiaXNzIjoidmlzaW9uLXdvcmxkLXVzZXItc2VydmljZSIsImF1ZCI6WyJ2aXNpb24td29ybGQtYXBwIl0sImV4cCI6MTc2MjE3Njg5MSwibmJmIjoxNzYyMDkwNDkxLCJpYXQiOjE3NjIwOTA0OTF9.TEw9-faYB4YQBdgCripGej9mr3rm3Vu0gUTQMsPLIEQ"}
{"level":"info","timestamp":"2025-11-02T21:35:00.040+0800","caller":"logger/logger.go:88","msg":"VerifyToken service called"}
{"level":"info","timestamp":"2025-11-02T21:35:00.044+0800","caller":"logger/logger.go:88","msg":"gRPC request completed","method":"/rpc.user.UserService/VerifyToken","duration":0.004519761}
{"level":"info","timestamp":"2025-11-02T21:45:24.935+0800","caller":"logger/logger.go:88","msg":"gRPC request started","method":"/rpc.user.UserService/VerifyToken","request":"token:\"eyJhbGciOiJIUzI1NiIsInR5cCI6IkpXVCJ9.eyJ1c2VyX2lkIjoxMSwiaXNzIjoidmlzaW9uLXdvcmxkLXVzZXItc2VydmljZSIsImF1ZCI6WyJ2aXNpb24td29ybGQtYXBwIl0sImV4cCI6MTc2MjE3Njg5MSwibmJmIjoxNzYyMDkwNDkxLCJpYXQiOjE3NjIwOTA0OTF9.TEw9-faYB4YQBdgCripGej9mr3rm3Vu0gUTQMsPLIEQ\""}
{"level":"info","timestamp":"2025-11-02T21:45:24.936+0800","caller":"logger/logger.go:88","msg":"VerifyToken called","token":"eyJhbGciOiJIUzI1NiIsInR5cCI6IkpXVCJ9.eyJ1c2VyX2lkIjoxMSwiaXNzIjoidmlzaW9uLXdvcmxkLXVzZXItc2VydmljZSIsImF1ZCI6WyJ2aXNpb24td29ybGQtYXBwIl0sImV4cCI6MTc2MjE3Njg5MSwibmJmIjoxNzYyMDkwNDkxLCJpYXQiOjE3NjIwOTA0OTF9.TEw9-faYB4YQBdgCripGej9mr3rm3Vu0gUTQMsPLIEQ"}
{"level":"info","timestamp":"2025-11-02T21:45:24.936+0800","caller":"logger/logger.go:88","msg":"VerifyToken service called"}
{"level":"info","timestamp":"2025-11-02T21:45:24.935+0800","caller":"logger/logger.go:88","msg":"gRPC request started","method":"/rpc.user.UserService/VerifyToken","request":"token:\"eyJhbGciOiJIUzI1NiIsInR5cCI6IkpXVCJ9.eyJ1c2VyX2lkIjoxMSwiaXNzIjoidmlzaW9uLXdvcmxkLXVzZXItc2VydmljZSIsImF1ZCI6WyJ2aXNpb24td29ybGQtYXBwIl0sImV4cCI6MTc2MjE3Njg5MSwibmJmIjoxNzYyMDkwNDkxLCJpYXQiOjE3NjIwOTA0OTF9.TEw9-faYB4YQBdgCripGej9mr3rm3Vu0gUTQMsPLIEQ\""}
{"level":"info","timestamp":"2025-11-02T21:45:24.936+0800","caller":"logger/logger.go:88","msg":"VerifyToken called","token":"eyJhbGciOiJIUzI1NiIsInR5cCI6IkpXVCJ9.eyJ1c2VyX2lkIjoxMSwiaXNzIjoidmlzaW9uLXdvcmxkLXVzZXItc2VydmljZSIsImF1ZCI6WyJ2aXNpb24td29ybGQtYXBwIl0sImV4cCI6MTc2MjE3Njg5MSwibmJmIjoxNzYyMDkwNDkxLCJpYXQiOjE3NjIwOTA0OTF9.TEw9-faYB4YQBdgCripGej9mr3rm3Vu0gUTQMsPLIEQ"}
{"level":"info","timestamp":"2025-11-02T21:45:24.936+0800","caller":"logger/logger.go:88","msg":"VerifyToken service called"}
{"level":"info","timestamp":"2025-11-02T21:45:24.939+0800","caller":"logger/logger.go:88","msg":"gRPC request completed","method":"/rpc.user.UserService/VerifyToken","duration":0.004499073}
{"level":"info","timestamp":"2025-11-02T21:45:24.939+0800","caller":"logger/logger.go:88","msg":"gRPC request completed","method":"/rpc.user.UserService/VerifyToken","duration":0.004026104}
